{"type":"FeatureCollection","features":[{"type":"Feature","properties":{"cut":10301,"comuna":"OSORNO"},"geometry":{"type":"Polygon","coordinates":[[[-73.31761482899992,-40.4197679639999],[-73.32423567799992,-40.42007848299994],[-73.32584463899991,-40.42358703399992],[-73.33286038499995,-40.422166691999905],[-73.3322770069999,-40.431747970999936],[-73.33581487099991,-40.436455992999925],[-73.33569521299995,-40.43914454199995],[-73.33847906499994,-40.44145706099994],[-73.34066062999995,-40.449284071999955],[-73.3357601319999,-40.45288277399993],[-73.32786124099994,-40.45293751899993],[-73.32726926899994,-40.45521144599991],[-73.32411611799995,-40.45731905799994],[-73.32085308699993,-40.454965080999955],[-73.31651267599995,-40.45644745099992],[-73.3085161539999,-40.45617902299995],[-73.30960419299993,-40.46158654299995],[-73.3060802569999,-40.46631367099991],[-73.31350823199995,-40.47443823099991],[-73.31650940499992,-40.48091394599993],[-73.31614608699994,-40.48460105599992],[-73.32137632799993,-40.49318142799996],[-73.32571522199993,-40.49446472799991],[-73.32632334899995,-40.49813456699991],[-73.3323440559999,-40.503153555999916],[-73.33716918599993,-40.509646493999924],[-73.3367454239999,-40.51194640999995],[-73.3378307129999,-40.513523206999935],[-73.3415739639999,-40.51338036499993],[-73.34409264699991,-40.516044278999914],[-73.3474739859999,-40.51633700299993],[-73.35311984599991,-40.51977789999995],[-73.35386420299994,-40.52175303599995],[-73.34823823499994,-40.52601939999994],[-73.35154288199993,-40.52842091999992],[-73.35182936399991,-40.53244346099996],[-73.34907236599992,-40.535557928999935],[-73.34601635799993,-40.54398535099995],[-73.34832813299994,-40.55003549199995],[-73.34832596199993,-40.558133281999915],[-73.34471222499991,-40.56113339399991],[-73.34404325499992,-40.56322383799994],[-73.3528031969999,-40.56404346499994],[-73.3560058299999,-40.573959320999904],[-73.3561507249999,-40.584674090999954],[-73.35866499999992,-40.58355823099993],[-73.35956630599992,-40.584784663999926],[-73.35798591899993,-40.589315719999945],[-73.35864092699995,-40.59214997099991],[-73.35639192799994,-40.60896355299991],[-73.35098790799992,-40.61732586599993],[-73.34649993699992,-40.62022668299994],[-73.33663907699992,-40.619789501999946],[-73.3302957169999,-40.62067424299994],[-73.33029449899993,-40.62196826299993],[-73.33667935999995,-40.626295841999934],[-73.33761205299993,-40.62523358899995],[-73.3415262769999,-40.62694711899991],[-73.34860284099994,-40.63225382199994],[-73.35921604099991,-40.631762160999926],[-73.36096373999993,-40.62971346199993],[-73.37829336599992,-40.62517679299992],[-73.39969944499995,-40.62474358199995],[-73.40717455799995,-40.62666062699992],[-73.41209866499992,-40.63129158599992],[-73.41638962699994,-40.64009460999995],[-73.41358686899991,-40.64321342299991],[-73.41359471499993,-40.64564214699993],[-73.41567519599994,-40.65318605899995],[-73.41438980599992,-40.65592733099993],[-73.41833972299992,-40.65856243999991],[-73.41769837599992,-40.66229110699993],[-73.40870721199991,-40.66251073299992],[-73.40277523199995,-40.66438084199996],[-73.40159503899991,-40.66661684899992],[-73.3988864769999,-40.665024124999945],[-73.39512951599994,-40.66545459999992],[-73.3947019009999,-40.668601931999945],[-73.39139610799992,-40.6672474099999],[-73.38671790399991,-40.668490626999926],[-73.38101010399993,-40.66628708199994],[-73.37271353299991,-40.66571995699991],[-73.36819231399994,-40.667377339999916],[-73.36392667799993,-40.666856440999936],[-73.36192403599995,-40.66918181799991],[-73.36198326999994,-40.66753176099991],[-73.35680723299993,-40.66760753799991],[-73.35300755599991,-40.66500758099994],[-73.3509624969999,-40.66530204499992],[-73.34898951699995,-40.66247650199995],[-73.34770203999994,-40.662556786999914],[-73.34787231399991,-40.663801193999916],[-73.34578130199992,-40.662709788999905],[-73.3460840059999,-40.66363460799994],[-73.34401401299993,-40.66420634299993],[-73.3400544399999,-40.66014136299992],[-73.3379407779999,-40.66009774999992],[-73.33448298499991,-40.66169379099995],[-73.3339827719999,-40.66355755799992],[-73.33274467899992,-40.66237180799993],[-73.32640210599993,-40.662554120999914],[-73.32362400099993,-40.66475422299993],[-73.3217830559999,-40.664524883999945],[-73.31951441399991,-40.66699446699994],[-73.31866972799992,-40.665730872999916],[-73.31782986899992,-40.66676734099991],[-73.3154180809999,-40.665588129999946],[-73.31094531399992,-40.66670256099991],[-73.31033457899991,-40.66733714399993],[-73.31135871899994,-40.66768580899992],[-73.30845593099991,-40.671075422999934],[-73.30701294199991,-40.67057758699991],[-73.3049591269999,-40.67211729499991],[-73.2977812009999,-40.66201578599993],[-73.29567623899993,-40.667016919999924],[-73.2906703669999,-40.67079383099991],[-73.27430716599991,-40.66941597999994],[-73.27419111799992,-40.665225791999944],[-73.27204682699994,-40.66489271699993],[-73.26354795399993,-40.66801525999995],[-73.2570748469999,-40.6677746979999],[-73.2508116649999,-40.66964568499992],[-73.23488701899993,-40.66805818899991],[-73.23219595699993,-40.665772431999926],[-73.2272740329999,-40.66583041899992],[-73.2255252089999,-40.66129715399995],[-73.22552717299993,-40.65690595399991],[-73.21808825799991,-40.65343559799993],[-73.2178944609999,-40.652197559999934],[-73.2217945989999,-40.65170824099994],[-73.2217915029999,-40.64979737899995],[-73.2153925849999,-40.64789443299992],[-73.21260854499991,-40.64328344899991],[-73.20064087799994,-40.6419166039999],[-73.19886976099991,-40.638116562999926],[-73.19372563099995,-40.63592988699992],[-73.18726562699993,-40.63093115899994],[-73.18046042399993,-40.635037403999945],[-73.17614634799992,-40.64092041299995],[-73.1753958569999,-40.64517188099995],[-73.16971837999995,-40.65022436299995],[-73.16403838699995,-40.647338834999914],[-73.15801198399993,-40.65161163399995],[-73.1478350509999,-40.650749471999916],[-73.14106162099995,-40.65303252399991],[-73.1228395839999,-40.674317215999906],[-73.12261901799991,-40.67789496799992],[-73.10571482199992,-40.6813046659999],[-73.10331926499993,-40.688284204999945],[-73.0991895329999,-40.69221584499991],[-73.09414535099995,-40.693871034999916],[-73.08190714799991,-40.68882279499991],[-73.0818260819999,-40.69094815799991],[-73.07718802999995,-40.69356378999993],[-73.07454436899991,-40.69804989399995],[-73.08077222599991,-40.70191744199991],[-73.07723222499993,-40.70366202799994],[-73.06776460599991,-40.70284888799995],[-73.06083552599995,-40.713293506999946],[-73.05242121599991,-40.714228454999954],[-73.0463666409999,-40.70934767399996],[-73.0472256349999,-40.70257179799995],[-73.0424042269999,-40.69653277599991],[-73.0490824819999,-40.69060992899995],[-73.04863432499991,-40.68756866299992],[-73.04307876399992,-40.686893006999924],[-73.03174720499993,-40.690236987999924],[-73.03052115899993,-40.70132435499994],[-73.01880652099993,-40.70642185999992],[-73.01726645199994,-40.708257475999915],[-73.0218435079999,-40.71453183199992],[-73.02318766299993,-40.72079500099994],[-73.0100540919999,-40.723994114999925],[-73.0007796779999,-40.72428822699993],[-72.99631231899991,-40.72751367399991],[-72.99279583499992,-40.73544387699991],[-72.98678244099995,-40.7425434779999],[-72.98861254499991,-40.74686742299991],[-72.9873275459999,-40.75019472799994],[-72.98297685299991,-40.752428891999955],[-72.9767430629999,-40.750633330999904],[-72.97160025399995,-40.755608701999904],[-72.97954573099992,-40.76206821299991],[-72.9790768819999,-40.763366334999944],[-72.96551904699993,-40.76076030199994],[-72.95691261899992,-40.76560743199991],[-72.9519667429999,-40.77065084499992],[-72.94345025599995,-40.767151860999945],[-72.93422583599994,-40.7696028389999],[-72.93002965699992,-40.766399968999906],[-72.92743199599994,-40.76120966199994],[-72.92471059199994,-40.76133658899994],[-72.90939364399992,-40.77079779999991],[-72.89898389399991,-40.77502378899993],[-72.89341607099993,-40.774488893999944],[-72.89404025999994,-40.77800474999992],[-72.88726078399992,-40.77904854199994],[-72.8860025219999,-40.78234110099993],[-72.88397611499994,-40.78226539099995],[-72.88232369999992,-40.779198967999946],[-72.87890480399994,-40.78064937799991],[-72.87759467699993,-40.784760150999944],[-72.87272648399994,-40.78353314099991],[-72.87271938799995,-40.78588089999994],[-72.8690904199999,-40.78801447099994],[-72.86775592499993,-40.787621257999945],[-72.86962135599993,-40.78451043799993],[-72.86816851299994,-40.782523702999924],[-72.86315444699994,-40.781250738999915],[-72.85757006199992,-40.78219944299991],[-72.85610793399991,-40.779402415999925],[-72.83239518499994,-40.78740423399995],[-72.78418354099995,-40.77657878799994],[-72.76892535999991,-40.738708914999904],[-72.78199088999992,-40.73306224299995],[-72.78386935099991,-40.728856106999956],[-72.78797483399995,-40.72692102199994],[-72.79558734799991,-40.7251936209999],[-72.80054698599992,-40.72559346599991],[-72.82055396999993,-40.71749696899991],[-72.82379924399993,-40.718356626999935],[-72.82791468699992,-40.71750468999994],[-72.82778240499994,-40.71627480399991],[-72.8305681089999,-40.71623749899993],[-72.83016635799993,-40.71472285199991],[-72.83329930299993,-40.711802605999935],[-72.8345142359999,-40.713879310999914],[-72.83622654699991,-40.71328702199992],[-72.83727553799991,-40.70894574599993],[-72.83992721299995,-40.70926949699992],[-72.84153638799995,-40.71132541399993],[-72.8438676909999,-40.710904256999925],[-72.84446782099991,-40.70880624999995],[-72.85148312299992,-40.70345549099994],[-72.8551292169999,-40.70435219399991],[-72.85626526599992,-40.70276985899994],[-72.86506270099994,-40.703338122999924],[-72.86688959199995,-40.70153676099994],[-72.86887372199993,-40.70265782799993],[-72.87837243599995,-40.70115581099992],[-72.8714441969999,-40.693078201999924],[-72.86426036699993,-40.68135661799994],[-72.87044504399995,-40.68124773799991],[-72.87309432899991,-40.67768366999991],[-72.8758513539999,-40.67909293999992],[-72.88018663399993,-40.67614583599993],[-72.88406695799995,-40.67550349699991],[-72.88392337899995,-40.67429583799992],[-72.88545620999992,-40.67373729499991],[-72.89295892199993,-40.67567183999995],[-72.8881256809999,-40.66378277699994],[-72.87519933199991,-40.63949654399994],[-72.87795490299993,-40.63713473799993],[-72.87491353799993,-40.63407586499994],[-72.8762702969999,-40.63397384599995],[-72.87638504799992,-40.62979601099994],[-72.8746905399999,-40.62828295199995],[-72.87869694199992,-40.620798762999925],[-72.88616096699991,-40.62116209399994],[-72.8870015569999,-40.618806057999905],[-72.88840222099992,-40.619022352999934],[-72.89169801199995,-40.61467340199994],[-72.89347285999992,-40.61542080499993],[-72.89729862099995,-40.6129107239999],[-72.89116459399992,-40.6034226509999],[-72.8907657439999,-40.600781800999926],[-72.89477604799993,-40.599681296999904],[-72.88965185699993,-40.58682984199993],[-72.88020207299991,-40.58215220099993],[-72.87613778299993,-40.57722738299992],[-72.86250554999992,-40.574289079999915],[-72.85921901899991,-40.57100839499992],[-72.85987040799995,-40.56812445899993],[-72.86326494699995,-40.56820204299993],[-72.86734004899995,-40.56582671599995],[-72.86780260499995,-40.562810276999926],[-72.87145661999995,-40.557414629999926],[-72.87566640499995,-40.55472744799994],[-72.87320097899993,-40.54574445499992],[-72.87093503599993,-40.54231832399995],[-72.87109972899992,-40.53831511499993],[-72.88040195299993,-40.53615316399993],[-72.89087414999995,-40.53690581399991],[-72.89094658099992,-40.532980592999934],[-72.9034520969999,-40.5340004169999],[-72.90356123899994,-40.53620598599991],[-72.9005453659999,-40.53902543699991],[-72.92655768199995,-40.53320117099992],[-72.92724439499995,-40.53143774999995],[-72.93146422599995,-40.52902495199993],[-72.9367067089999,-40.52957435399992],[-72.9431359699999,-40.52774382599995],[-72.94560671699992,-40.523546909999936],[-72.95125190199991,-40.522928678999904],[-72.95413371899991,-40.5184058989999],[-72.95402681599995,-40.515880496999955],[-72.9585737669999,-40.513595152999926],[-72.96450080799991,-40.513874992999945],[-72.9719542279999,-40.50733205899991],[-72.97398504599994,-40.50750116599994],[-72.97700509799995,-40.51008050199994],[-72.98364739999994,-40.50642132299993],[-72.98643867499993,-40.50997838299992],[-72.98913493899994,-40.50502019699991],[-72.99198729599993,-40.50653799399993],[-72.99614633999994,-40.50570451699991],[-72.9951847989999,-40.50779476699995],[-72.99817907899995,-40.508409670999924],[-72.99864109499993,-40.50665346199992],[-73.00176642199995,-40.50824206899995],[-73.00310518499992,-40.506742241999916],[-73.00616949699992,-40.507062720999954],[-73.00660626399991,-40.50551640999993],[-73.01007657899993,-40.507150672999956],[-73.0161794359999,-40.504096484999934],[-73.02190217599991,-40.506160087999945],[-73.02181259899993,-40.504162213999905],[-73.02363952999991,-40.50254701699993],[-73.02573353299994,-40.50331344099993],[-73.0262453659999,-40.505627241999946],[-73.03207477899991,-40.50359657699994],[-73.03332577499992,-40.500921788999904],[-73.03524655699994,-40.50069721199992],[-73.03722681099993,-40.50259344199992],[-73.04004291699994,-40.50078897599991],[-73.04712283399994,-40.50255534699994],[-73.05149703199993,-40.50000514299995],[-73.05456824499993,-40.5033498489999],[-73.0546033139999,-40.50493516699993],[-73.06021091699995,-40.50402099899992],[-73.0596157679999,-40.5054928319999],[-73.06169977299993,-40.50615553099993],[-73.06110179299992,-40.50819326099992],[-73.06343884699993,-40.508500048999906],[-73.06318579799995,-40.509395344999916],[-73.06731091299991,-40.50353344599995],[-73.0699526059999,-40.49237694699991],[-73.0702940939999,-40.48477637299993],[-73.0657370749999,-40.47200833099993],[-73.06912141299995,-40.468561637999926],[-73.06772220999994,-40.46292599499992],[-73.06917697499995,-40.46242191899995],[-73.0733011989999,-40.4663332099999],[-73.0765776529999,-40.46670558399995],[-73.07583890099994,-40.465316522999956],[-73.0810512509999,-40.46321377699991],[-73.08181867899992,-40.46682788499993],[-73.0906300449999,-40.47358943599994],[-73.09678730399992,-40.46715640799994],[-73.10602660799992,-40.470914895999954],[-73.10526728299993,-40.475261091999926],[-73.10761296999993,-40.47593924699993],[-73.1146895949999,-40.474498687999926],[-73.1144404339999,-40.47735805099995],[-73.12606438599994,-40.47554460099991],[-73.12658553299991,-40.48104482999992],[-73.1344609269999,-40.47895166599994],[-73.13715816899992,-40.48188133299993],[-73.1370095289999,-40.483354007999935],[-73.13914656599991,-40.48361105999993],[-73.14023745999992,-40.48594719399995],[-73.1430978059999,-40.487409690999925],[-73.1380353749999,-40.48988618799996],[-73.13813497099994,-40.49182189399994],[-73.14241938599991,-40.49410259699994],[-73.15794148099991,-40.494410961999904],[-73.16064924599993,-40.490672573999916],[-73.1598936549999,-40.48851877599992],[-73.16314954499995,-40.48828009999994],[-73.16486192699995,-40.48572883499992],[-73.1673829419999,-40.48713736499991],[-73.17214091699992,-40.492408664999914],[-73.17404502399995,-40.49293929899994],[-73.16661428499992,-40.495226558999946],[-73.1711676299999,-40.50414544999995],[-73.17477889199995,-40.506808280999905],[-73.1742798699999,-40.50852065399994],[-73.17560713299991,-40.5097877309999],[-73.17540520099993,-40.512964017999934],[-73.17325007399995,-40.51416824799992],[-73.17123840799991,-40.518123577999916],[-73.1722860719999,-40.52159391799995],[-73.17353617399993,-40.52403725799991],[-73.17888834199994,-40.52745696699992],[-73.18975868399991,-40.52725424699992],[-73.19414902999995,-40.52565516799996],[-73.20558335999993,-40.52651827699992],[-73.20911016899993,-40.52989689599991],[-73.21200748399991,-40.535119005999945],[-73.21509503099992,-40.536173969999936],[-73.22531971099994,-40.53592861699991],[-73.23915954299991,-40.531728709999925],[-73.2666716729999,-40.530654098999946],[-73.27055024299995,-40.526642969999955],[-73.26900031899993,-40.51711136599994],[-73.27523178399991,-40.511886311999945],[-73.28125631899991,-40.509558703999915],[-73.2838688189999,-40.50440014199995],[-73.28053370399994,-40.492384433999916],[-73.2702417189999,-40.48421309999992],[-73.2713802689999,-40.47685706099992],[-73.26711939299992,-40.470205810999914],[-73.26763904299992,-40.46846098299994],[-73.2713810429999,-40.466542804999904],[-73.26737504599993,-40.462312779999934],[-73.26377604299995,-40.45561088499994],[-73.26407358199992,-40.45122372499992],[-73.27691842599995,-40.427382774999955],[-73.2816287199999,-40.42581525999992],[-73.2839475259999,-40.427738562999934],[-73.2886450709999,-40.4276619499999],[-73.29117501799993,-40.42508574599992],[-73.29930117499993,-40.42252451799993],[-73.3024707209999,-40.42030835799994],[-73.30496308099993,-40.42220460199991],[-73.30917752599993,-40.422554187999935],[-73.31761482899992,-40.4197679639999]]]}},{"type":"Feature","properties":{"cut":10302,"comuna":"PUERTO OCTAY"},"geometry":{"type":"Polygon","coordinates":[[[-73.00042722799992,-40.72438187299991],[-73.00386630699995,-40.72386506799995],[-73.00647369899991,-40.72415303799994],[-73.00493699899994,-40.72585611899996],[-73.01038854599994,-40.7274159989999],[-73.00781564599993,-40.72859901999993],[-73.00972907399995,-40.73062212199994],[-73.00761512799994,-40.73321921699994],[-73.0102043039999,-40.733073230999935],[-73.01100558999991,-40.73614962399995],[-73.00755937499991,-40.73666216299995],[-73.00830997799994,-40.73828386899993],[-73.00282870199993,-40.73873728399991],[-73.00159714699993,-40.74219561299992],[-72.99812517599992,-40.740766262999955],[-72.99853143099995,-40.74273597799993],[-72.99475289199995,-40.74553392999991],[-72.99427360199991,-40.7478743609999],[-72.99669153199994,-40.74765897299994],[-72.99845444999994,-40.74953426099995],[-73.0014475349999,-40.74800958199995],[-73.00650407499995,-40.748215037999955],[-73.00518778399993,-40.74979030399993],[-73.00753342699994,-40.75246917499993],[-73.00390812699993,-40.755795588999945],[-73.00537063299993,-40.75641075599992],[-73.00477758199992,-40.75784836699995],[-73.01120207999992,-40.75950368999992],[-73.01145274599992,-40.76103095199994],[-73.00745769399992,-40.76303193199993],[-73.00852920599993,-40.76493802099992],[-73.00781022599995,-40.767285090999906],[-73.00483345999993,-40.765882305999924],[-73.0020977769999,-40.76914895899995],[-72.99810878199992,-40.77045259399995],[-72.99520554999992,-40.774112991999914],[-72.99520817699994,-40.779185912999935],[-72.99864815699993,-40.78021088799994],[-72.99845488199992,-40.78758625599994],[-72.9923625369999,-40.787941549999914],[-72.99223333999993,-40.792229249999934],[-72.98846177399992,-40.79328964899992],[-72.98741617999991,-40.79099773799993],[-72.9848317819999,-40.79153175899995],[-72.9847487799999,-40.793342809999956],[-72.9867749679999,-40.79447212799994],[-72.98701162299994,-40.798315757999944],[-72.98052084099993,-40.80153772099993],[-72.98312602599992,-40.80312768299996],[-72.98784064999995,-40.80357467299996],[-72.98781639499992,-40.80531167499993],[-72.98475389999993,-40.80716722799991],[-72.98616464299994,-40.80905798899994],[-72.98830803299995,-40.80912756899994],[-72.9878532699999,-40.811564897999915],[-72.97681816599993,-40.81731849399995],[-72.96890066199995,-40.816804892999926],[-72.97086708099994,-40.82049305899994],[-72.97590718099991,-40.82314542899991],[-72.97608515299993,-40.82517399099993],[-72.96774101499994,-40.82764438999993],[-72.96416032199994,-40.83010733999993],[-72.9659587189999,-40.83694362099993],[-72.96295971799992,-40.838984388999904],[-72.95800766399992,-40.83923817099992],[-72.9566618579999,-40.84110321599991],[-72.95671177799994,-40.84337986499992],[-72.96038244399995,-40.84485582099995],[-72.95957008399995,-40.84789097099991],[-72.95603739799992,-40.85069586599991],[-72.95167793399992,-40.85114193299995],[-72.94689710199992,-40.85649596899992],[-72.9426926239999,-40.85676239199995],[-72.9312724429999,-40.86736788399992],[-72.93257186799991,-40.868961458999934],[-72.93326556199992,-40.87846376299996],[-72.93185917499994,-40.88415066399995],[-72.92827668799993,-40.889411579999944],[-72.93206688899994,-40.89384905199995],[-72.93129761299991,-40.897362647999955],[-72.93270964499993,-40.89870308999991],[-72.9616590199999,-40.90600187699994],[-72.96217015199994,-40.90485865599993],[-72.9780496329999,-40.919893706999915],[-72.97516494299992,-40.924035019999906],[-72.9823850809999,-40.927527925999925],[-72.97970029399994,-40.93601570199991],[-72.9821275729999,-40.94466634199995],[-72.98319654799991,-40.944578519999936],[-72.98203878599992,-40.95400973799991],[-72.98080754999995,-40.95734496299991],[-72.96998019999995,-40.971942147999926],[-72.99611836199995,-40.97646267099992],[-72.99284427599991,-40.983540870999946],[-72.99742990399994,-40.98906051699993],[-73.0016639609999,-40.999491177999914],[-72.99798999099994,-41.000606596999944],[-72.99874030099994,-41.00246433499996],[-72.99736572499995,-41.00639057399991],[-72.99114774399993,-41.01662259299991],[-72.9915519939999,-41.02203864599994],[-72.99465718399995,-41.0258807429999],[-72.9928815049999,-41.02648115699992],[-72.99614931299993,-41.02934568499995],[-72.99403885399994,-41.02968007299995],[-72.9281684469999,-41.00877508299993],[-72.79830589799991,-41.050314674999925],[-72.67256620099994,-41.09614016699993],[-72.62167904699993,-41.11945412599994],[-72.60131334599993,-41.11086310099995],[-72.59118121199992,-41.11449195199992],[-72.58483739899992,-41.11829117399992],[-72.57966393399994,-41.11899517699993],[-72.57123541599992,-41.11631425799993],[-72.56707563299994,-41.11679003899991],[-72.56241534799994,-41.11439774899992],[-72.55126023399993,-41.11190664999992],[-72.54690965299994,-41.11239075199995],[-72.49550855099994,-41.10378397899996],[-72.48877134499992,-41.09772031299991],[-72.48654268399991,-41.08955079399993],[-72.48200859999992,-41.08437124099993],[-72.4747717379999,-41.070981753999945],[-72.47139203699993,-41.07127245299995],[-72.44825876199991,-41.06402635999996],[-72.44301565599994,-41.06581271299996],[-72.43462797199993,-41.064226033999944],[-72.42466744199993,-41.06440052499994],[-72.42273811599995,-41.05666426999994],[-72.41337986299993,-41.052578628999925],[-72.41002955199991,-41.04889109399994],[-72.40342774499993,-41.04788331399993],[-72.39900949199995,-41.04468366899994],[-72.39334234699993,-41.04529289299995],[-72.38691640099995,-41.040491205999956],[-72.38520776399992,-41.03839657299994],[-72.38460948699992,-41.03408638999991],[-72.37868217199991,-41.02810396499996],[-72.3710788649999,-41.02709225199993],[-72.37100876099993,-41.02194343499991],[-72.36857794499991,-41.016889470999956],[-72.37196828499992,-41.01065929299995],[-72.37001736399992,-41.00431543399992],[-72.36673144999992,-41.00055556499996],[-72.36058621299992,-41.000115337999944],[-72.35607702599992,-40.99767951899992],[-72.3364669529999,-41.00160749899993],[-72.33005666799994,-40.99883298299994],[-72.32827052699992,-40.995629866999934],[-72.32604090899991,-40.994552805999945],[-72.3175169829999,-40.99315181599991],[-72.30965165599991,-40.989333952999914],[-72.3028299099999,-40.98895914499991],[-72.29490892399991,-40.98560214299994],[-72.2876335439999,-40.98420809499993],[-72.28293644799993,-40.98153406699993],[-72.27683227299991,-40.974651940999934],[-72.27390431299995,-40.97342168699993],[-72.26628837499993,-40.97396213899992],[-72.25577795599992,-40.96847289699991],[-72.25299005799991,-40.96396356699995],[-72.2460168479999,-40.96159334299995],[-72.24281971799991,-40.95794216399992],[-72.23644330999991,-40.955372396999906],[-72.23161300999993,-40.954921301999946],[-72.22504960999993,-40.95171677899992],[-72.22069658999993,-40.948199633999934],[-72.21867468199991,-40.940849096999955],[-72.21448052999995,-40.94058528799991],[-72.20512249399991,-40.943364663999944],[-72.19844570299995,-40.935931239999945],[-72.1939826759999,-40.933126401999914],[-72.18576206699993,-40.92318908999994],[-72.18210633299992,-40.924636053999905],[-72.16442234099992,-40.93927277899991],[-72.14684838999995,-40.94572688599993],[-72.14633329299994,-40.95093384099994],[-72.13487545499993,-40.95167394799995],[-72.12616346499993,-40.954958362999946],[-72.10760194399995,-40.95656501499991],[-72.09615486199993,-40.9535250319999],[-72.08395446499992,-40.95440343699994],[-72.08069412599991,-40.94959398399993],[-72.07904644999991,-40.94429364699994],[-72.0764815039999,-40.94323513499995],[-72.0657357959999,-40.94594599799996],[-72.05884630899993,-40.94522333899994],[-72.05150938299994,-40.94663966799993],[-72.04539413599991,-40.94494498499995],[-72.04518554399993,-40.937724191999905],[-72.0470472149999,-40.93624169099991],[-72.04583853799994,-40.93381809299996],[-72.04732104099992,-40.93163206899993],[-72.04605849599994,-40.928500329999906],[-72.04733441199994,-40.92674953399995],[-72.03982864099993,-40.9217486199999],[-72.03768809199994,-40.91523861999991],[-72.0386711349999,-40.91206166099994],[-72.04171656299991,-40.90893676699994],[-72.04299344599991,-40.90141102699994],[-72.04096917899994,-40.897719595999945],[-72.04148938599991,-40.89425873899995],[-72.0518318259999,-40.89402977399993],[-72.06652249899992,-40.887602873999924],[-72.07382975299993,-40.88754010899993],[-72.07452134899995,-40.88616862899994],[-72.06687760699992,-40.87879353299991],[-72.06791351999993,-40.87661529799993],[-72.0736473899999,-40.871633354999915],[-72.07739151299995,-40.86616598699993],[-72.0899163709999,-40.86179510499994],[-72.09869159499993,-40.85588536599994],[-72.0981993499999,-40.85271168699995],[-72.09549357799995,-40.85066287099994],[-72.09470144799991,-40.84767851599992],[-72.0997656529999,-40.846452478999936],[-72.10066572799991,-40.84317013599991],[-72.10564197699995,-40.84042129499994],[-72.1059949779999,-40.83706505899994],[-72.09385403499994,-40.82954644999995],[-72.09464753799995,-40.82500881099992],[-72.09819636899994,-40.82318864799993],[-72.09967060999992,-40.82031972499993],[-72.08980845199994,-40.814498700999934],[-72.0911094299999,-40.81030453599993],[-72.09393062299995,-40.80879398999991],[-72.10059822499994,-40.81314872599995],[-72.1044497339999,-40.81232700499993],[-72.1067132359999,-40.80488212499995],[-72.10110204299991,-40.799847693999936],[-72.1142472219999,-40.80470477999995],[-72.11513710999992,-40.80812970699992],[-72.11420296999995,-40.8113587979999],[-72.12023147499991,-40.819202883999935],[-72.12701490099994,-40.82041175599994],[-72.12988873499995,-40.82878096699994],[-72.13509318599995,-40.83130483799994],[-72.13654524999993,-40.83582495399992],[-72.14386348499994,-40.83556062799994],[-72.15100912799994,-40.839625618999946],[-72.14891442899994,-40.84237393399991],[-72.15070367399994,-40.84382418599995],[-72.14954401799992,-40.84654958099992],[-72.1542548459999,-40.8499927119999],[-72.15262261899994,-40.85400418699993],[-72.16140897299994,-40.85673727999995],[-72.1672480279999,-40.860101038999915],[-72.16950205799992,-40.87050122799991],[-72.17387704099991,-40.87294145599992],[-72.18015255499995,-40.87131091099991],[-72.18457883299993,-40.87454597599992],[-72.2522586419999,-40.87921943899994],[-72.2707555309999,-40.88352444299994],[-72.28767713699995,-40.884890286999905],[-72.3038951339999,-40.88269379999991],[-72.3257411859999,-40.87772658999995],[-72.3409293709999,-40.86938050899994],[-72.38017013099994,-40.85352827399993],[-72.42037751899994,-40.8341406479999],[-72.47484390699992,-40.818273251999926],[-72.51885539999995,-40.809242438999945],[-72.68887295199994,-40.78892738099995],[-72.69310416299993,-40.78703642599993],[-72.69667122299995,-40.78815964499995],[-72.70508600199992,-40.784644157999935],[-72.7087799329999,-40.787822073999905],[-72.7076893009999,-40.789311368999904],[-72.70480547299991,-40.78963772399993],[-72.70745071399995,-40.79291962399992],[-72.7037973759999,-40.79474161899992],[-72.70631674299995,-40.7989862469999],[-72.71093732299994,-40.80233116799991],[-72.71852966499995,-40.80513984499993],[-72.73091518399991,-40.804342463999944],[-72.73128010799991,-40.80773795299996],[-72.7276352369999,-40.8116700299999],[-72.73142472199993,-40.81310176599993],[-72.73301684899991,-40.81586700699995],[-72.73543917399991,-40.81686652099995],[-72.74116236499992,-40.81613272499993],[-72.74529637599994,-40.81309086299996],[-72.75002115099994,-40.812047778999954],[-72.75281585099992,-40.81367922599992],[-72.76412049699991,-40.81378757199991],[-72.7667599209999,-40.815135565999924],[-72.76593769399994,-40.81714027499993],[-72.76873043799992,-40.817734636999944],[-72.76792489099995,-40.815721390999954],[-72.77458441899995,-40.81588705199994],[-72.77441395399995,-40.812498880999954],[-72.77891513999992,-40.811559648999946],[-72.78799273699991,-40.81470605499993],[-72.79052428299991,-40.81996874399994],[-72.8015923179999,-40.81967782699991],[-72.80471665899995,-40.81697632099991],[-72.80374215599994,-40.81549256299991],[-72.7992780319999,-40.81483526099993],[-72.79930404799995,-40.813251701999945],[-72.80113733999991,-40.813826917999904],[-72.80358261799995,-40.81234358699993],[-72.81497786499995,-40.81090398999993],[-72.81612055399995,-40.80992702799995],[-72.81607523799994,-40.805483989999914],[-72.8191003579999,-40.802933277999955],[-72.8333750779999,-40.79860999099992],[-72.8388625259999,-40.79157205899992],[-72.8458971039999,-40.789171654999905],[-72.85153051099991,-40.79239621699992],[-72.8558662289999,-40.7916411729999],[-72.8584545249999,-40.7866500799999],[-72.8551460779999,-40.782558914999925],[-72.8555843879999,-40.78010125599991],[-72.85757006199992,-40.78219944299991],[-72.86265992799991,-40.78125410399991],[-72.86721873099992,-40.78196485399991],[-72.86961966899992,-40.78423658399993],[-72.86778695299995,-40.78772503199991],[-72.86949370799994,-40.78798111799995],[-72.87271938799995,-40.78588089999994],[-72.87272648399994,-40.78353314099991],[-72.87759467699993,-40.784760150999944],[-72.87890480399994,-40.78064937799991],[-72.88232369999992,-40.779198967999946],[-72.88397611499994,-40.78226539099995],[-72.8860025219999,-40.78234110099993],[-72.88726078399992,-40.77904854199994],[-72.89404025999994,-40.77800474999992],[-72.89341607099993,-40.774488893999944],[-72.89898389399991,-40.77502378899993],[-72.90939364399992,-40.77079779999991],[-72.92471059199994,-40.76133658899994],[-72.92743199599994,-40.76120966199994],[-72.93002965699992,-40.766399968999906],[-72.93422583599994,-40.7696028389999],[-72.94345025599995,-40.767151860999945],[-72.9519667429999,-40.77065084499992],[-72.95691261899992,-40.76560743199991],[-72.96551904699993,-40.76076030199994],[-72.9733959909999,-40.76302801899993],[-72.97940322799991,-40.763227600999926],[-72.97954573099992,-40.76206821299991],[-72.97160025399995,-40.755608701999904],[-72.9767430629999,-40.750633330999904],[-72.9820949619999,-40.75245967399991],[-72.98688716499993,-40.75069527699992],[-72.98861254499991,-40.74686742299991],[-72.98678244099995,-40.7425434779999],[-72.99279583499992,-40.73544387699991],[-72.99474626099993,-40.729692117999946],[-73.00042722799992,-40.72438187299991]]]}},{"type":"Feature","properties":{"cut":10304,"comuna":"PUYEHUE"},"geometry":{"type":"Polygon","coordinates":[[[-72.8524951199999,-40.534866662999946],[-72.85500445299994,-40.535147683999924],[-72.85550700199991,-40.53668211299993],[-72.8577261719999,-40.53679226599991],[-72.85715715299995,-40.540738261999934],[-72.87148412999994,-40.538737821999916],[-72.87093503599993,-40.54231832399995],[-72.87320097899993,-40.54574445499992],[-72.87566640499995,-40.55472744799994],[-72.87145661999995,-40.557414629999926],[-72.86780260499995,-40.562810276999926],[-72.86734004899995,-40.56582671599995],[-72.86326494699995,-40.56820204299993],[-72.85987040799995,-40.56812445899993],[-72.85921901899991,-40.57100839499992],[-72.86250554999992,-40.574289079999915],[-72.87613778299993,-40.57722738299992],[-72.88020207299991,-40.58215220099993],[-72.88965185699993,-40.58682984199993],[-72.89477604799993,-40.599681296999904],[-72.8907657439999,-40.600781800999926],[-72.89116459399992,-40.6034226509999],[-72.89729862099995,-40.6129107239999],[-72.89347285999992,-40.61542080499993],[-72.89169801199995,-40.61467340199994],[-72.88840222099992,-40.619022352999934],[-72.8870015569999,-40.618806057999905],[-72.88616096699991,-40.62116209399994],[-72.87869694199992,-40.620798762999925],[-72.8746905399999,-40.62828295199995],[-72.87638504799992,-40.62979601099994],[-72.8762702969999,-40.63397384599995],[-72.87491353799993,-40.63407586499994],[-72.87795490299993,-40.63713473799993],[-72.87519933199991,-40.63949654399994],[-72.8881256809999,-40.66378277699994],[-72.89295892199993,-40.67567183999995],[-72.88545620999992,-40.67373729499991],[-72.88392337899995,-40.67429583799992],[-72.88406695799995,-40.67550349699991],[-72.88018663399993,-40.67614583599993],[-72.8758513539999,-40.67909293999992],[-72.87309432899991,-40.67768366999991],[-72.87044504399995,-40.68124773799991],[-72.86426036699993,-40.68135661799994],[-72.8714441969999,-40.693078201999924],[-72.87837243599995,-40.70115581099992],[-72.86887372199993,-40.70265782799993],[-72.86688959199995,-40.70153676099994],[-72.86506270099994,-40.703338122999924],[-72.85626526599992,-40.70276985899994],[-72.8551292169999,-40.70435219399991],[-72.85148312299992,-40.70345549099994],[-72.84446782099991,-40.70880624999995],[-72.8438676909999,-40.710904256999925],[-72.84153638799995,-40.71132541399993],[-72.83992721299995,-40.70926949699992],[-72.83727553799991,-40.70894574599993],[-72.83622654699991,-40.71328702199992],[-72.8345142359999,-40.713879310999914],[-72.83329930299993,-40.711802605999935],[-72.83016635799993,-40.71472285199991],[-72.8305681089999,-40.71623749899993],[-72.82778240499994,-40.71627480399991],[-72.82791468699992,-40.71750468999994],[-72.82379924399993,-40.718356626999935],[-72.82055396999993,-40.71749696899991],[-72.80054698599992,-40.72559346599991],[-72.79558734799991,-40.7251936209999],[-72.78797483399995,-40.72692102199994],[-72.78386935099991,-40.728856106999956],[-72.78199088999992,-40.73306224299995],[-72.7684878419999,-40.73933756699995],[-72.78418354099995,-40.77657878799994],[-72.83239518499994,-40.78740423399995],[-72.85610793399991,-40.779402415999925],[-72.85500441399995,-40.78222529899995],[-72.8584545249999,-40.7866500799999],[-72.85552173799994,-40.79185818099995],[-72.85132537299995,-40.79234274799995],[-72.8458971039999,-40.789171654999905],[-72.8388625259999,-40.79157205899992],[-72.8333750779999,-40.79860999099992],[-72.8191003579999,-40.802933277999955],[-72.81607523799994,-40.805483989999914],[-72.81612055399995,-40.80992702799995],[-72.81497786499995,-40.81090398999993],[-72.80358261799995,-40.81234358699993],[-72.80113733999991,-40.813826917999904],[-72.79930404799995,-40.813251701999945],[-72.79966533999993,-40.81506942099992],[-72.8043351899999,-40.81619450099993],[-72.80347068799995,-40.81905251199993],[-72.79353076299992,-40.82034110899991],[-72.7900010159999,-40.819646603999956],[-72.78760591799994,-40.81445852599995],[-72.77891513999992,-40.811559648999946],[-72.77441395399995,-40.812498880999954],[-72.77458441899995,-40.81588705199994],[-72.76792489099995,-40.815721390999954],[-72.76873043799992,-40.817734636999944],[-72.76593769399994,-40.81714027499993],[-72.7667599209999,-40.815135565999924],[-72.76412049699991,-40.81378757199991],[-72.75281585099992,-40.81367922599992],[-72.75002115099994,-40.812047778999954],[-72.74529637599994,-40.81309086299996],[-72.74072983799994,-40.81626138199994],[-72.73619947799995,-40.81710929399992],[-72.7331988979999,-40.81600447699992],[-72.73142472199993,-40.81310176599993],[-72.72761735699993,-40.81161784199992],[-72.73128010799991,-40.80773795299996],[-72.73091518399991,-40.804342463999944],[-72.71852966499995,-40.80513984499993],[-72.71093732299994,-40.80233116799991],[-72.70599957199994,-40.79863436799991],[-72.7037973759999,-40.79474161899992],[-72.70745071399995,-40.79291962399992],[-72.70480547299991,-40.78963772399993],[-72.7076893009999,-40.789311368999904],[-72.7087799329999,-40.787822073999905],[-72.7054157149999,-40.78462986499994],[-72.69667122299995,-40.78815964499995],[-72.69310416299993,-40.78703642599993],[-72.68887295199994,-40.78892738099995],[-72.51885539999995,-40.809242438999945],[-72.47484390699992,-40.818273251999926],[-72.42037751899994,-40.8341406479999],[-72.38017013099994,-40.85352827399993],[-72.3409293709999,-40.86938050899994],[-72.3257411859999,-40.87772658999995],[-72.3038951339999,-40.88269379999991],[-72.28767713699995,-40.884890286999905],[-72.2707555309999,-40.88352444299994],[-72.2522586419999,-40.87921943899994],[-72.18457883299993,-40.87454597599992],[-72.18015255499995,-40.87131091099991],[-72.17387704099991,-40.87294145599992],[-72.16950205799992,-40.87050122799991],[-72.1672480279999,-40.860101038999915],[-72.16140897299994,-40.85673727999995],[-72.15262261899994,-40.85400418699993],[-72.1542548459999,-40.8499927119999],[-72.14954401799992,-40.84654958099992],[-72.15070367399994,-40.84382418599995],[-72.14891442899994,-40.84237393399991],[-72.15100912799994,-40.839625618999946],[-72.14386348499994,-40.83556062799994],[-72.13654524999993,-40.83582495399992],[-72.13509318599995,-40.83130483799994],[-72.12988873499995,-40.82878096699994],[-72.12701490099994,-40.82041175599994],[-72.12023147499991,-40.819202883999935],[-72.11420296999995,-40.8113587979999],[-72.11513710999992,-40.80812970699992],[-72.1142472219999,-40.80470477999995],[-72.10110204299991,-40.799847693999936],[-71.9296080659999,-40.81755111699994],[-71.93044311499995,-40.812707678999914],[-71.9288250809999,-40.81118482399995],[-71.9245096869999,-40.81044541499995],[-71.9276863469999,-40.80684383699992],[-71.92592213899991,-40.80299947799995],[-71.92836441399993,-40.79742500499992],[-71.92754017199991,-40.79414788299994],[-71.92586292499993,-40.791670504999956],[-71.91922728299994,-40.78855913399991],[-71.91930723699994,-40.787199856999905],[-71.9262514529999,-40.77970753799991],[-71.9411152699999,-40.772087539999916],[-71.94290643699992,-40.768567884999925],[-71.94166728199991,-40.7651828299999],[-71.94820046399991,-40.76751745099995],[-71.95869948699993,-40.75947639799995],[-71.95894905799992,-40.757313826999905],[-71.95523997599992,-40.751267098999904],[-71.95826424499995,-40.74782751999993],[-71.95828280899991,-40.745226164999906],[-71.96399208299994,-40.7461143079999],[-71.96877479999995,-40.744415372999924],[-71.96352979199992,-40.74163043999994],[-71.96463453799993,-40.73720560599992],[-71.96185310299995,-40.72954699399992],[-71.96607649099991,-40.72736891399995],[-71.95828790899992,-40.723063676999914],[-71.96299414099991,-40.72147914399994],[-71.96274457099992,-40.71907314999993],[-71.9608526259999,-40.71762441699991],[-71.95091456599994,-40.71920260399992],[-71.94891581899992,-40.718545872999925],[-71.94206083299991,-40.709399413999904],[-71.93356829499993,-40.70268438599993],[-71.93286933299993,-40.6997414999999],[-71.92612466499992,-40.696492063999926],[-71.92521424899991,-40.69340943599991],[-71.92160368999993,-40.68894917299991],[-71.91779033099994,-40.6887932809999],[-71.9049412409999,-40.68303498599994],[-71.89780737599995,-40.68217152799991],[-71.88433510899995,-40.66618840199993],[-71.87824368899993,-40.66480831399991],[-71.87353528699992,-40.66567075899991],[-71.8681386689999,-40.66287251299991],[-71.86607637899994,-40.65659283899993],[-71.86818149999993,-40.65496318399994],[-71.86791682799992,-40.65295859899993],[-71.86528331599993,-40.65092285999992],[-71.86659055099994,-40.647094453999955],[-71.86187299699992,-40.643060040999956],[-71.85493861599991,-40.64491035599991],[-71.85517774499993,-40.6400963129999],[-71.85330693799995,-40.636207192999905],[-71.8509622919999,-40.63292604499992],[-71.84690768999991,-40.631631617999915],[-71.84436016399991,-40.62764113299994],[-71.84383668299995,-40.622644264999906],[-71.83903017199992,-40.608890980999945],[-71.84203447599992,-40.60338860599995],[-71.8417427569999,-40.5976599249999],[-71.83655219799994,-40.594061117999956],[-71.8304641119999,-40.583383158999936],[-71.82593729899992,-40.57993318799993],[-71.82545617599993,-40.577605598999924],[-71.83986999899992,-40.58714009899995],[-71.84337991199993,-40.58647650599994],[-71.84582340999992,-40.58265719499991],[-71.85521050599993,-40.59228234299991],[-71.86073085599992,-40.589855292999914],[-71.86648915199993,-40.58328797999991],[-71.86791682799992,-40.58105128699992],[-71.8685099999999,-40.57492999999994],[-71.87239021499994,-40.57072442599991],[-71.87600699599994,-40.56967746299995],[-71.87817169099992,-40.56410347699995],[-71.88376012499992,-40.5641688149999],[-71.88151771699995,-40.56623528099993],[-71.88243838599993,-40.56879105999991],[-71.88011278899995,-40.57823037499992],[-71.8809295929999,-40.58025645999993],[-71.88540203199994,-40.583426034999945],[-71.89536098399992,-40.58725204499996],[-71.90410046999995,-40.58877478399995],[-71.91654403099994,-40.5879100059999],[-71.91974899699994,-40.58981496399991],[-71.92871153599992,-40.59064826999992],[-71.93143095999994,-40.59382345799992],[-71.93205118399993,-40.603017897999905],[-71.93471490299993,-40.60770017099992],[-71.93912481699994,-40.609406925999906],[-71.93899726399991,-40.611092320999944],[-71.94632892999994,-40.616276341999935],[-71.94936924799993,-40.6213037519999],[-71.95837795099993,-40.62176447799993],[-71.96308120399993,-40.62466245699994],[-71.96236412499991,-40.6282147899999],[-71.96468545099992,-40.62860912799994],[-71.96721599299991,-40.6310894959999],[-71.96708652899991,-40.632635267999945],[-71.96998401299993,-40.63439566699992],[-71.97659132899992,-40.6342087079999],[-71.98654503099993,-40.63612634599991],[-71.98756544999992,-40.63570088299991],[-71.98682957499994,-40.63417545999994],[-71.98909610299995,-40.63465727199991],[-71.98986458699994,-40.63365504399991],[-72.00114105799992,-40.63734424699993],[-72.00431510499993,-40.6369087999999],[-72.0055531129999,-40.6354412899999],[-72.00994274999994,-40.6365503799999],[-72.01983379599994,-40.63079866299995],[-72.02140428699994,-40.626205161999906],[-72.02562252599995,-40.629002527999944],[-72.02927714299994,-40.628740895999954],[-72.03982431799994,-40.63322267399991],[-72.04861155899994,-40.629975584999954],[-72.05227663799991,-40.629853099999934],[-72.0541826669999,-40.63068987899993],[-72.05762318699993,-40.636346498999956],[-72.05760202399995,-40.63875276099992],[-72.0615067029999,-40.643450301999906],[-72.06119534099992,-40.65002193399994],[-72.06687853199992,-40.65542208599993],[-72.07637753699993,-40.657171829999925],[-72.07965282299995,-40.659992883999905],[-72.08736832799991,-40.65715707399994],[-72.09023071199994,-40.65998091599994],[-72.09687605999994,-40.660981455999945],[-72.10082544499994,-40.66312083699995],[-72.10136477099991,-40.6603287879999],[-72.10406593599993,-40.660268973999905],[-72.10909145999995,-40.657207688999904],[-72.12284435599992,-40.65799994999992],[-72.12551757599994,-40.660983151999915],[-72.13067491299995,-40.65824136899994],[-72.13703325799992,-40.65718988899994],[-72.14271173499992,-40.66216243799994],[-72.15484906799992,-40.66137885199993],[-72.16212241699992,-40.65793922899991],[-72.16945174799991,-40.66059680699993],[-72.17139108399994,-40.66297715699994],[-72.17780009099994,-40.662732985999924],[-72.18208877399991,-40.665936582999905],[-72.18759196299993,-40.666381917999956],[-72.18868054599994,-40.66821963199993],[-72.19993059099994,-40.671621082999934],[-72.20343201399993,-40.67022250499991],[-72.20728146599993,-40.666294198999935],[-72.21895239999992,-40.661864660999925],[-72.23118413399993,-40.66193860799996],[-72.24001355999991,-40.667355907999934],[-72.2488661129999,-40.66651874699994],[-72.25034493899994,-40.66316214799991],[-72.25872643399993,-40.655193425999926],[-72.26971267599993,-40.65216659999993],[-72.26979611899992,-40.64997946799991],[-72.27534971799992,-40.65138547899994],[-72.27649390899995,-40.65411423199993],[-72.27835999599995,-40.654587231999926],[-72.28570902699994,-40.65122729099994],[-72.28465758999994,-40.646871140999906],[-72.28606553899994,-40.64634304799995],[-72.28855555599995,-40.64777307899993],[-72.29694001399992,-40.64871628299994],[-72.30012835299993,-40.65272610799991],[-72.2997438129999,-40.655122640999934],[-72.30085133999995,-40.656381955999905],[-72.3135791709999,-40.66035238999996],[-72.3152685739999,-40.663904636999916],[-72.30931963499995,-40.665242572999944],[-72.30909664399991,-40.66767416599993],[-72.31407816399991,-40.668955541999935],[-72.31837565399991,-40.673092485999916],[-72.32862006399995,-40.67384845099991],[-72.33419376599994,-40.67575878899993],[-72.34467848199995,-40.675152779999905],[-72.34686850399993,-40.6733594719999],[-72.35419421299991,-40.66033376899992],[-72.35694270899995,-40.659705371999905],[-72.38701567999993,-40.656818115999954],[-72.43750664999993,-40.65416916699991],[-72.46223624999993,-40.656582691999915],[-72.49207729999995,-40.66166930399993],[-72.54441672199994,-40.66349506799992],[-72.5726775569999,-40.67016090799996],[-72.60640955999992,-40.681193884999914],[-72.60955530899992,-40.678887076999956],[-72.61484669099991,-40.67168630599991],[-72.62561033499992,-40.669523427999934],[-72.62824000099994,-40.66028717799992],[-72.6326040109999,-40.65799510499994],[-72.64485505199991,-40.65591702899991],[-72.64827517599991,-40.64327314299993],[-72.65413336299991,-40.64266220199994],[-72.65391538999995,-40.640693712999905],[-72.6495503989999,-40.637243536999904],[-72.65033635899994,-40.635229043999914],[-72.65451566099995,-40.63368621099994],[-72.65349154699993,-40.628209589999926],[-72.65639495799991,-40.62494461099993],[-72.66475061999995,-40.62437912199994],[-72.67681244499994,-40.62103833999993],[-72.6780325229999,-40.622870141999954],[-72.68310095599992,-40.62472931499991],[-72.69258597299995,-40.62597013299995],[-72.6976777399999,-40.62102971699994],[-72.70227703199993,-40.620087809999916],[-72.70335903199992,-40.61805459899995],[-72.7067482089999,-40.617526986999906],[-72.70896899899992,-40.61475613299996],[-72.71410159499993,-40.61547720599992],[-72.72224444599993,-40.61023300499994],[-72.7328502389999,-40.61420316299996],[-72.7342806019999,-40.61109313499992],[-72.73404427999992,-40.6101407349999],[-72.73114231799991,-40.61038827999994],[-72.73181511199994,-40.60668446799991],[-72.73502010199991,-40.6050681289999],[-72.73860074299995,-40.60533268599994],[-72.74059403299992,-40.603833547999955],[-72.74081228699993,-40.60521558799991],[-72.7430450789999,-40.60516584399994],[-72.74893547699992,-40.60331699799991],[-72.75789865699994,-40.604484070999945],[-72.77228291799992,-40.60126614299992],[-72.77652982199993,-40.59552461599992],[-72.78095974399992,-40.59656869799994],[-72.77980573299993,-40.5927079139999],[-72.78374980599995,-40.588922289999914],[-72.78621848699993,-40.58772255999992],[-72.79013668899995,-40.589005061999956],[-72.79151117299995,-40.586761672999955],[-72.7949163639999,-40.58547204899992],[-72.79416993599995,-40.575668686999904],[-72.79651073499991,-40.57166590999992],[-72.79727347199992,-40.56500207999994],[-72.80860294599995,-40.56260251999993],[-72.81104245499995,-40.56007037199993],[-72.81915346399995,-40.556495216999906],[-72.81986107599994,-40.55330511099993],[-72.81823400799993,-40.55368850699995],[-72.81311590099995,-40.548773714999925],[-72.81462945499993,-40.5450881779999],[-72.81645489399995,-40.54496224999991],[-72.81980371899994,-40.547759510999924],[-72.81840868699993,-40.54997722599995],[-72.82341193499991,-40.55039902699991],[-72.82815210399991,-40.54853238699991],[-72.8323273229999,-40.54912649799991],[-72.83239473099991,-40.54643650699995],[-72.8420776719999,-40.54315359599991],[-72.8524951199999,-40.534866662999946]]]}},{"type":"Feature","properties":{"cut":10305,"comuna":"RÍO NEGRO"},"geometry":{"type":"Polygon","coordinates":[[[-73.17599386499995,-40.64185857299992],[-73.18080468399995,-40.63468242399995],[-73.18726562699993,-40.63093115899994],[-73.19372563099995,-40.63592988699992],[-73.19886976099991,-40.638116562999926],[-73.20064087799994,-40.6419166039999],[-73.21260854499991,-40.64328344899991],[-73.2153925849999,-40.64789443299992],[-73.2217915029999,-40.64979737899995],[-73.2217945989999,-40.65170824099994],[-73.2178944609999,-40.652197559999934],[-73.21808825799991,-40.65343559799993],[-73.22552717299993,-40.65690595399991],[-73.2255252089999,-40.66129715399995],[-73.2272740329999,-40.66583041899992],[-73.23219595699993,-40.665772431999926],[-73.23488701899993,-40.66805818899991],[-73.2508116649999,-40.66964568499992],[-73.2570748469999,-40.6677746979999],[-73.26354795399993,-40.66801525999995],[-73.27204682699994,-40.66489271699993],[-73.27419111799992,-40.665225791999944],[-73.27430716599991,-40.66941597999994],[-73.2906703669999,-40.67079383099991],[-73.29567623899993,-40.667016919999924],[-73.2977812009999,-40.66201578599993],[-73.3049591269999,-40.67211729499991],[-73.30701294199991,-40.67057758699991],[-73.30845593099991,-40.671075422999934],[-73.31135871899994,-40.66768580899992],[-73.31033457899991,-40.66733714399993],[-73.31094531399992,-40.66670256099991],[-73.3154180809999,-40.665588129999946],[-73.31782986899992,-40.66676734099991],[-73.31866972799992,-40.665730872999916],[-73.31951441399991,-40.66699446699994],[-73.3217830559999,-40.664524883999945],[-73.32362400099993,-40.66475422299993],[-73.32640210599993,-40.662554120999914],[-73.33299319999992,-40.66244689899992],[-73.3328204959999,-40.66498274799994],[-73.33459832799991,-40.66523483499992],[-73.33354651399992,-40.66599426699992],[-73.33477348699995,-40.66700109199991],[-73.33399999499994,-40.66789563099991],[-73.33614989099993,-40.66766446199995],[-73.33483018499993,-40.67541537299991],[-73.33672417399993,-40.677784886999916],[-73.34430127899992,-40.679767186999925],[-73.34556413099995,-40.68263109299994],[-73.35176260499992,-40.68646650099993],[-73.35129015299992,-40.688104308999925],[-73.35729122099991,-40.695267086999934],[-73.3631529889999,-40.697579309999924],[-73.37590714999993,-40.70864779699991],[-73.37603525799994,-40.710886297999934],[-73.37774441899995,-40.71249648999992],[-73.4287597419999,-40.73988161199992],[-73.44195738399992,-40.733818120999956],[-73.45178275399991,-40.72280937699992],[-73.46103032799994,-40.72365471299992],[-73.47173429999992,-40.71817648399991],[-73.47234104899991,-40.71938308099993],[-73.47549811599993,-40.71878248099995],[-73.47776104399992,-40.72057217699995],[-73.48114107299995,-40.72003244799993],[-73.48159007299995,-40.72103793699995],[-73.48063226399995,-40.72125058899991],[-73.48166673199995,-40.72173583599994],[-73.48005028799992,-40.72365036499991],[-73.48316075899993,-40.722827079999945],[-73.4834093529999,-40.72429615199991],[-73.48556656799991,-40.725182512999936],[-73.48513780199994,-40.72613025499993],[-73.48755780099992,-40.726483757999915],[-73.48737800799995,-40.728197465999926],[-73.48572151499991,-40.7287120119999],[-73.48625558599991,-40.73141228499992],[-73.48801317199991,-40.732662787999914],[-73.49087400899992,-40.73154427499992],[-73.48906251499994,-40.7333677229999],[-73.49185329799991,-40.7339643329999],[-73.4906919899999,-40.73543878799995],[-73.48937095499991,-40.73496865299995],[-73.49078201099991,-40.73700110599992],[-73.4961880859999,-40.73765561899995],[-73.4974961989999,-40.73940063799995],[-73.50036308099993,-40.739414095999905],[-73.50139627199991,-40.73805705099994],[-73.50764830199995,-40.74045077999995],[-73.51460762199991,-40.737580358999935],[-73.51675741899993,-40.74426848399992],[-73.52102520599993,-40.74195294899994],[-73.52262325599992,-40.74365730699992],[-73.52380061899993,-40.74270708799992],[-73.53323394999995,-40.742698823999945],[-73.5376978299999,-40.74584915999992],[-73.5427385779999,-40.742334213999925],[-73.55102455499991,-40.74014450599992],[-73.57152512699992,-40.74860624099995],[-73.57805411699991,-40.74716625099995],[-73.58108659899995,-40.74316604799992],[-73.58314008699995,-40.74629808099991],[-73.59505778499994,-40.74758426599993],[-73.59803874499994,-40.749272238999936],[-73.60107727099995,-40.748221077999915],[-73.60638737599993,-40.743212188999905],[-73.61637851299992,-40.73918185499991],[-73.63985713599993,-40.73398957499995],[-73.64429115599995,-40.7266578789999],[-73.64704317899992,-40.72434512199993],[-73.65107252099995,-40.723370582999905],[-73.65436340899993,-40.72539888999995],[-73.66109434899994,-40.72459656099994],[-73.66508192599991,-40.721222473999944],[-73.66914521899992,-40.72044717099993],[-73.67860753899993,-40.72316714699991],[-73.68182193199993,-40.718449222999936],[-73.68854095799992,-40.715839787999926],[-73.68807420599995,-40.71286389499994],[-73.6849017049999,-40.712119903999906],[-73.68361419999991,-40.71013887299995],[-73.67709579299992,-40.710470725999926],[-73.6758231789999,-40.7086208689999],[-73.67650649099994,-40.70282140499995],[-73.67206945299995,-40.69812984299995],[-73.67144656799991,-40.69567128399996],[-73.6688962689999,-40.69400327099993],[-73.67037701699991,-40.69055954599992],[-73.66930528299991,-40.68643094999993],[-73.67072061199991,-40.68280293499993],[-73.66782545599995,-40.67990641199992],[-73.66708309799992,-40.67552417499991],[-73.6648204569999,-40.67360316799994],[-73.6636419969999,-40.668229605999954],[-73.66433886699991,-40.666623029999926],[-73.68551009299995,-40.66461999699993],[-73.70001034799992,-40.64820156499991],[-73.70685311299991,-40.649297118999925],[-73.71627011699991,-40.64641172599994],[-73.7208758729999,-40.64702916099992],[-73.72460009999992,-40.643409996999935],[-73.73046189799993,-40.640905464999946],[-73.73361488299992,-40.64177466299992],[-73.73582011499991,-40.647253364999926],[-73.74244576899991,-40.65360793399992],[-73.76431010599993,-40.65496999699991],[-73.78517010899992,-40.64568999699992],[-73.78713010899992,-40.63948999699994],[-73.80419835499993,-40.6374427959999],[-73.80491142199992,-40.638687811999944],[-73.80376439999992,-40.641595726999924],[-73.80606995799991,-40.643907751999905],[-73.80654251999994,-40.64811951899992],[-73.80463905999994,-40.65219944899991],[-73.80959788899992,-40.66196343599995],[-73.81125370799992,-40.6630173179999],[-73.81720835999994,-40.66081415299993],[-73.81997594499995,-40.6627254359999],[-73.82356935999991,-40.66307196199995],[-73.82489611199992,-40.66148853099992],[-73.83099913399991,-40.66330235699991],[-73.83401761699992,-40.6668765469999],[-73.83241053299992,-40.66856569799995],[-73.83342781999994,-40.671622088999925],[-73.83072892599995,-40.672903324999936],[-73.83177202999991,-40.67447983999995],[-73.83050683099992,-40.67996932299991],[-73.82386434499995,-40.68035232099993],[-73.82358458499994,-40.68184034399991],[-73.81868570199993,-40.68160797999991],[-73.81741317199993,-40.68425492499995],[-73.8195046269999,-40.68709718899993],[-73.81367979999993,-40.68741287599994],[-73.80768692099991,-40.69161995499991],[-73.80890630599993,-40.69300528399992],[-73.80893868499993,-40.69653114099992],[-73.81419667799992,-40.69970028999995],[-73.81319100399992,-40.700945619999914],[-73.81382464199993,-40.70368078899992],[-73.80840941399993,-40.707536887999936],[-73.80124586599993,-40.707100502999936],[-73.7992473139999,-40.7114866199999],[-73.80006069699994,-40.715672566999956],[-73.80279488199994,-40.720711526999935],[-73.80550733899992,-40.72255067999993],[-73.82392149799995,-40.72223269099993],[-73.8283209889999,-40.72111836499994],[-73.8297938149999,-40.722195789999944],[-73.8270346729999,-40.723882242999935],[-73.82550970699992,-40.728478871999926],[-73.82828808099993,-40.729328120999924],[-73.83364151299992,-40.73450157299993],[-73.83341802399991,-40.737300399999924],[-73.8380320839999,-40.74123465899993],[-73.83751485699992,-40.74267828599994],[-73.83963491999992,-40.743085977999954],[-73.83885074299991,-40.745275491999905],[-73.84223548799991,-40.74965600299993],[-73.83779669499995,-40.75293162899993],[-73.83890718299995,-40.755719736999936],[-73.83838513599994,-40.75834652899994],[-73.84102769899994,-40.758868116999906],[-73.84219693699993,-40.761028954999915],[-73.84826760699991,-40.76165716399993],[-73.84597646499992,-40.76467681999992],[-73.84684747499995,-40.76940630099995],[-73.84089896299992,-40.77450211799993],[-73.84351434099995,-40.7766291609999],[-73.85530797399991,-40.77148268199994],[-73.85911115699992,-40.7719670699999],[-73.86063136399991,-40.77687189199992],[-73.85775890899993,-40.778594159999955],[-73.8578627469999,-40.7808770929999],[-73.85483260199993,-40.783442874999935],[-73.85610711099991,-40.78507337499991],[-73.85363299799991,-40.78577323299993],[-73.85338251199994,-40.78833033799992],[-73.85478460999991,-40.793632474999924],[-73.85673099399992,-40.795004014999904],[-73.85735444699992,-40.79755770699995],[-73.86080017199993,-40.798593884999946],[-73.86382688399993,-40.80184736399991],[-73.86398070099995,-40.80493970099991],[-73.86817899399995,-40.80847021199992],[-73.8584425329999,-40.80352894299995],[-73.81247150799993,-40.80749993399991],[-73.8082929439999,-40.8107341889999],[-73.80640503799992,-40.81507470899993],[-73.8075736639999,-40.830983414999935],[-73.80698026099992,-40.834107633999906],[-73.80424403699993,-40.83679978099991],[-73.80174081199993,-40.83650355899994],[-73.79838409599995,-40.833883284999956],[-73.7935377039999,-40.83437319099994],[-73.78493211299991,-40.84448914699993],[-73.7771851039999,-40.84672238099995],[-73.77030316899993,-40.845608772999924],[-73.76120425699992,-40.847227465999936],[-73.75553721599994,-40.850458946999936],[-73.75032899399991,-40.85635252199995],[-73.74060496499993,-40.858377178999945],[-73.73225546799995,-40.86513188799995],[-73.72112428999992,-40.87062105299992],[-73.71984538599992,-40.87413804399995],[-73.71583738399994,-40.87704363899991],[-73.70273648999995,-40.87948612999992],[-73.69608007599993,-40.88340235299995],[-73.6934142529999,-40.886944969999945],[-73.68935384699995,-40.88950315999995],[-73.68192989199991,-40.88972279699993],[-73.67851924399992,-40.89122414099995],[-73.67596164799994,-40.894883603999915],[-73.65946887599995,-40.90330473899991],[-73.65648707399993,-40.899396579999916],[-73.65646928199993,-40.89136570099993],[-73.65127296199995,-40.88712980999992],[-73.64151853599992,-40.886465820999945],[-73.63401140399992,-40.890982263999945],[-73.6309557209999,-40.89144346899991],[-73.62845888399994,-40.88823444999991],[-73.6279228969999,-40.879165978999936],[-73.62502999799995,-40.875618381999914],[-73.61835723799993,-40.87240501899993],[-73.61639638699995,-40.86938221699995],[-73.61290032499994,-40.86756405099993],[-73.61203210499991,-40.86425292899992],[-73.60667684299995,-40.86079153499992],[-73.60608464499995,-40.857982868999954],[-73.6070360789999,-40.85619702199995],[-73.60373285499992,-40.85284684299995],[-73.59563378399992,-40.85246025099991],[-73.57684376899994,-40.85840945399991],[-73.56662952199991,-40.85863427399994],[-73.5595254719999,-40.85679369899992],[-73.55229563299991,-40.8578877299999],[-73.54874598099991,-40.85615410999992],[-73.52867418999995,-40.85230108299993],[-73.52065672499992,-40.844037241999956],[-73.52325429399991,-40.83876929299993],[-73.52656999899995,-40.83673534099995],[-73.52621560199992,-40.83560030099994],[-73.52309171399992,-40.83186703899992],[-73.51879063699994,-40.83132094699994],[-73.51646430099993,-40.828178764999905],[-73.51483728799991,-40.8282163799999],[-73.5153661089999,-40.82643958999995],[-73.51416036899991,-40.82527103299992],[-73.51502474999995,-40.82476419999995],[-73.50972994499995,-40.82426803099992],[-73.50611647399995,-40.81711842699991],[-73.50392137099993,-40.817846655999915],[-73.50506834899994,-40.820199120999916],[-73.50330909699994,-40.81907281899993],[-73.50093384299993,-40.820095918999925],[-73.49757781099993,-40.81695798499993],[-73.49525077399994,-40.81735553599992],[-73.49367549599992,-40.82032565299994],[-73.49130012899991,-40.818925383999954],[-73.48644922499994,-40.81868617899994],[-73.48478285899995,-40.81886698299991],[-73.48392348499993,-40.82077440799992],[-73.48018059299994,-40.82049544699993],[-73.48126580699994,-40.82178437999994],[-73.47872892099991,-40.822791379999956],[-73.47991400399991,-40.82415370699994],[-73.47740968099993,-40.82460711099992],[-73.48087848799992,-40.82852630699995],[-73.48008671399992,-40.833109975999946],[-73.48122426799995,-40.833868122999945],[-73.48025555599992,-40.83499938399996],[-73.47657063999992,-40.83558583799993],[-73.4764407479999,-40.83766497699992],[-73.47507653399992,-40.837092954999946],[-73.47284188499992,-40.84063056499991],[-73.46698687499992,-40.839890802999946],[-73.46509508999992,-40.84229780599992],[-73.46196072399994,-40.84017970399992],[-73.45815892399992,-40.84172786599993],[-73.45338510999994,-40.84120003699991],[-73.44982635699995,-40.843760077999946],[-73.45149902999992,-40.84808386699996],[-73.4502750659999,-40.84874752999991],[-73.45166422699992,-40.84907696399995],[-73.4477432349999,-40.849632296999914],[-73.44860560799992,-40.85102662699995],[-73.4469307629999,-40.850166342999955],[-73.44625142199993,-40.851697558999945],[-73.4454128559999,-40.8506503399999],[-73.44437192399994,-40.8517893259999],[-73.44309204099994,-40.849610138999935],[-73.44121478699992,-40.84922896599994],[-73.43936731699995,-40.85121276199993],[-73.4381216459999,-40.850614883999924],[-73.43837498199991,-40.85236135899993],[-73.4369807189999,-40.85007245999992],[-73.43431941699993,-40.84964451499991],[-73.43388259099993,-40.851192460999926],[-73.43075961199992,-40.84937093399992],[-73.4272052629999,-40.850498058999904],[-73.42569426599994,-40.84855423999994],[-73.42552849999993,-40.85092107499992],[-73.42372664299995,-40.851459459999944],[-73.42135772499995,-40.850116398999944],[-73.42097726299994,-40.851588497999956],[-73.41973748799995,-40.85093645499995],[-73.4193038279999,-40.85199345199993],[-73.41664497699992,-40.850966102999905],[-73.41515830199995,-40.852089694999904],[-73.41433332699995,-40.85049295299996],[-73.41347496199995,-40.85160263999995],[-73.41224291899994,-40.84997776299991],[-73.4089670809999,-40.84970741799992],[-73.40962825499992,-40.8482887749999],[-73.40750854599992,-40.84943506499991],[-73.40092068299992,-40.849294366999914],[-73.39913311999993,-40.85052617799994],[-73.39640857499995,-40.848979493999934],[-73.39734817599992,-40.84733959399995],[-73.39578839199993,-40.846935069999915],[-73.39432819599995,-40.84848663899993],[-73.3931252129999,-40.846294461999946],[-73.3917375499999,-40.847450658999946],[-73.39181282899995,-40.84951903399991],[-73.38979699599992,-40.848963941999955],[-73.38890826999994,-40.850239667999915],[-73.38939796799991,-40.85236787999992],[-73.38726121299993,-40.85129309799993],[-73.3854544539999,-40.85244785899994],[-73.3840018919999,-40.85150419999991],[-73.38532095499994,-40.850617376999935],[-73.38287543299992,-40.85050654399993],[-73.38239615099991,-40.8521347649999],[-73.38082250999992,-40.851446093999925],[-73.38102976499994,-40.85407932299995],[-73.37915317799991,-40.85298101899991],[-73.37768491999992,-40.85396025599994],[-73.37354328599992,-40.85304166199995],[-73.3716187469999,-40.85557275799994],[-73.3687392839999,-40.85437454499993],[-73.36995453299994,-40.85346841499995],[-73.36821071899993,-40.85288976599992],[-73.36727106599994,-40.85452942299992],[-73.36526232799991,-40.854532493999955],[-73.36549121899992,-40.85288278299993],[-73.36302815599993,-40.852609137999934],[-73.36387120899991,-40.85067989099991],[-73.36173969599992,-40.85055504899992],[-73.35806877999994,-40.85175945099991],[-73.35809687199992,-40.85317409499993],[-73.35612924199995,-40.853195608999954],[-73.3572959789999,-40.85509939399992],[-73.35415212299995,-40.854469054999925],[-73.3538646419999,-40.856766475999905],[-73.34992897799992,-40.855980589999945],[-73.3484107829999,-40.85727851699994],[-73.34968426499995,-40.85825158699993],[-73.34379390099991,-40.85865807399995],[-73.3451153709999,-40.86020388599991],[-73.34199092299991,-40.859920297999906],[-73.34206879699991,-40.858998106999934],[-73.34072184299993,-40.86014075399993],[-73.34133439399994,-40.86159533499995],[-73.33890866099995,-40.86237113099992],[-73.33944698399995,-40.86344181699991],[-73.33661110699995,-40.863860348999935],[-73.33550584499994,-40.86535322399993],[-73.33577403999993,-40.86302404899993],[-73.33291736199993,-40.862586439999916],[-73.33334553299994,-40.86387625499992],[-73.33187313099995,-40.864156729999934],[-73.33058413899994,-40.862980561999905],[-73.32872549199993,-40.86366976799991],[-73.32814199799992,-40.86189576299995],[-73.32614939299992,-40.862074039999925],[-73.3255126219999,-40.8632718529999],[-73.32720000599994,-40.86440881699991],[-73.32481664199992,-40.86678833299993],[-73.32368320599994,-40.86691598899995],[-73.3243113229999,-40.865240642999936],[-73.32344963699995,-40.865385756999956],[-73.32285883299994,-40.86807953099992],[-73.31840236499994,-40.86717239399991],[-73.31751932799995,-40.868159387999924],[-73.31538043699993,-40.86666888499991],[-73.3127900739999,-40.86909016499993],[-73.3116881329999,-40.867421091999915],[-73.30932172199994,-40.86939968099995],[-73.31114422099995,-40.87014701699991],[-73.30886950799993,-40.87070369599991],[-73.30747478599994,-40.86958427299993],[-73.30591543399993,-40.87259702599994],[-73.30393403699992,-40.87069426399995],[-73.30365151599995,-40.872725885999955],[-73.30048392899994,-40.87382324299995],[-73.29994583299992,-40.87111295199992],[-73.29440677499991,-40.86999975799995],[-73.29448173399993,-40.86872625399991],[-73.29154548399993,-40.871385146999955],[-73.28861849899994,-40.87044996599991],[-73.2878682999999,-40.8667230879999],[-73.28278158099994,-40.86713866899993],[-73.28040045099993,-40.868044735999945],[-73.27987906899995,-40.87127554199992],[-73.28401662499994,-40.87406578799994],[-73.26671438799991,-40.8736658599999],[-73.2669083259999,-40.87819556399995],[-73.24575488099993,-40.87721177199995],[-73.23895704799992,-40.856018795999944],[-73.21597322499991,-40.85924941899992],[-73.2139792129999,-40.855180298999926],[-73.21071604299993,-40.85454420499991],[-73.20928262799993,-40.851797087999955],[-73.21065059099993,-40.84986812699992],[-73.2089316929999,-40.84905325799991],[-73.21077681799994,-40.84751904099994],[-73.20914054799994,-40.846831566999924],[-73.21014524399993,-40.84575271199992],[-73.2082736289999,-40.84433644299992],[-73.20878001299991,-40.842628314999956],[-73.1499575819999,-40.84978928899994],[-73.14962595199995,-40.84797124799991],[-73.14037526599992,-40.8488734039999],[-73.13839786699992,-40.85102138199994],[-73.13927537399991,-40.85498094999991],[-73.13470500499994,-40.85637988299993],[-73.12468222899992,-40.8567262599999],[-73.12151299099992,-40.85778461299992],[-73.11887639499992,-40.86092107299993],[-73.10660654199995,-40.85893162499991],[-73.10046774299991,-40.85399241499994],[-73.10299686199994,-40.85147134399995],[-73.1024323929999,-40.84799857699994],[-73.10609138799992,-40.847964145999924],[-73.10864690699992,-40.84601086899994],[-73.10873549099995,-40.84438191699991],[-73.11493187699995,-40.84152431799993],[-73.11334115599993,-40.83934995199991],[-73.11521053199994,-40.83846622899995],[-73.1089315239999,-40.83766983999993],[-73.10545135799993,-40.832168947999946],[-73.10329520099992,-40.83331660199991],[-73.10217544699992,-40.83198304599995],[-73.09903628199993,-40.833129378999956],[-73.09739435699993,-40.83227809199991],[-73.09508926199993,-40.83338853099991],[-73.09683366399992,-40.83508827199995],[-73.09406606499994,-40.83756474099994],[-73.09037449899995,-40.83725595899995],[-73.09046529199992,-40.835100102999945],[-73.0885205699999,-40.83545071599991],[-73.08440942399994,-40.83306300399994],[-73.07460731099991,-40.83803869299993],[-73.06557282299991,-40.83744612299995],[-73.06372400599992,-40.83933374399993],[-73.06034115099993,-40.83815092899994],[-73.06006562999994,-40.83694826499993],[-73.05688521499991,-40.83688571399995],[-73.04275751999995,-40.84053813999992],[-73.03459985599994,-40.83942206099994],[-73.03038983199991,-40.84275964999995],[-73.0319236329999,-40.84448829299993],[-73.03064803299992,-40.84623202499995],[-73.03247090199994,-40.84774040499991],[-73.03112853699992,-40.85068552899992],[-73.02950762199993,-40.84976608099993],[-73.02705026099994,-40.85060231299991],[-73.02632517399991,-40.85217525799993],[-73.01935433599994,-40.852794365999955],[-73.01675502499995,-40.85457824799994],[-73.0125871809999,-40.85356518799995],[-73.0147217199999,-40.84889994699995],[-73.01047436599993,-40.84146296199992],[-73.00275706199994,-40.84067776299992],[-73.0029748099999,-40.83642208999993],[-72.99985309499993,-40.832745625999905],[-72.99980074699994,-40.830109182999934],[-72.9953797089999,-40.82961425499991],[-72.98701135099992,-40.817983598999945],[-72.98317414299993,-40.81453413899993],[-72.98803293299994,-40.81122483799993],[-72.98830803299995,-40.80912756899994],[-72.98616464299994,-40.80905798899994],[-72.98475389999993,-40.80716722799991],[-72.98781639499992,-40.80531167499993],[-72.98784064999995,-40.80357467299996],[-72.98312602599992,-40.80312768299996],[-72.98052084099993,-40.80153772099993],[-72.98701162299994,-40.798315757999944],[-72.9867749679999,-40.79447212799994],[-72.98464664599993,-40.79298710599994],[-72.9851088339999,-40.79123630299995],[-72.98741617999991,-40.79099773799993],[-72.98846177399992,-40.79328964899992],[-72.99272353799995,-40.79188386099992],[-72.99247762399995,-40.78786847899994],[-72.99845488199992,-40.78758625599994],[-72.99864815699993,-40.78021088799994],[-72.99520817699994,-40.779185912999935],[-72.99520554999992,-40.774112991999914],[-72.99810878199992,-40.77045259399995],[-73.0020977769999,-40.76914895899995],[-73.00483345999993,-40.765882305999924],[-73.00781022599995,-40.767285090999906],[-73.00852920599993,-40.76493802099992],[-73.00745769399992,-40.76303193199993],[-73.01145274599992,-40.76103095199994],[-73.01120207999992,-40.75950368999992],[-73.00477758199992,-40.75784836699995],[-73.00537063299993,-40.75641075599992],[-73.00390812699993,-40.755795588999945],[-73.00753342699994,-40.75246917499993],[-73.00518778399993,-40.74979030399993],[-73.00650407499995,-40.748215037999955],[-73.0014475349999,-40.74800958199995],[-72.99845444999994,-40.74953426099995],[-72.99669153199994,-40.74765897299994],[-72.99427972299992,-40.74767069399991],[-72.99475289199995,-40.74553392999991],[-72.99853143099995,-40.74273597799993],[-72.99812517599992,-40.740766262999955],[-73.00159714699993,-40.74219561299992],[-73.00282870199993,-40.73873728399991],[-73.00830997799994,-40.73828386899993],[-73.00755937499991,-40.73666216299995],[-73.01113724299995,-40.735937393999905],[-73.0102043039999,-40.733073230999935],[-73.00761512799994,-40.73321921699994],[-73.00972907399995,-40.73062212199994],[-73.00781564599993,-40.72859901999993],[-73.01038854599994,-40.7274159989999],[-73.00493699899994,-40.72585611899996],[-73.00521025899991,-40.724573843999906],[-73.02338645599991,-40.720476978999955],[-73.0215952229999,-40.71406205899996],[-73.01730003299991,-40.70908933299995],[-73.01789814999995,-40.70709345299991],[-73.03052115899993,-40.70132435499994],[-73.03174720499993,-40.690236987999924],[-73.04685982299992,-40.686815589999924],[-73.04943743799993,-40.68835245099996],[-73.04930171799992,-40.69017351399992],[-73.0424042269999,-40.69653277599991],[-73.0472256349999,-40.70257179799995],[-73.04587811699992,-40.70698161999991],[-73.04664052699991,-40.7098710219999],[-73.05242121599991,-40.714228454999954],[-73.06083552599995,-40.713293506999946],[-73.06776460599991,-40.70284888799995],[-73.07723222499993,-40.70366202799994],[-73.08077222599991,-40.70191744199991],[-73.07454436899991,-40.69804989399995],[-73.07718802999995,-40.69356378999993],[-73.0818260819999,-40.69094815799991],[-73.08190714799991,-40.68882279499991],[-73.09358340299991,-40.693704906999926],[-73.0969587319999,-40.69336849899992],[-73.10288993799992,-40.68889146399994],[-73.10571482199992,-40.6813046659999],[-73.12261901799991,-40.67789496799992],[-73.1228395839999,-40.674317215999906],[-73.14163858799992,-40.65264969399993],[-73.1478350509999,-40.650749471999916],[-73.15801198399993,-40.65161163399995],[-73.16403838699995,-40.647338834999914],[-73.16939128099995,-40.65036861199991],[-73.17502485199992,-40.64565827599995],[-73.17599386499995,-40.64185857299992]]]}},{"type":"Feature","properties":{"cut":10306,"comuna":"SAN JUAN DE LA COSTA"},"geometry":{"type":"Polygon","coordinates":[[[-73.70067376599991,-40.23923940099991],[-73.70463052399992,-40.2454216509999],[-73.71257482099992,-40.24478329899995],[-73.71632041099991,-40.24904396599993],[-73.71857857099991,-40.24968831399991],[-73.71951269899995,-40.256350452999925],[-73.7222576449999,-40.25855665499995],[-73.72911434199995,-40.258759511999926],[-73.73121100299994,-40.26016953399994],[-73.73353003999995,-40.26336749199993],[-73.73153722899991,-40.267510356999935],[-73.73571564499991,-40.2715481539999],[-73.73763359799995,-40.276877458999934],[-73.74898186399992,-40.28640688799993],[-73.74790187899993,-40.29204593199995],[-73.75086243699991,-40.2967898359999],[-73.75035588199995,-40.29881996799992],[-73.75238878499994,-40.30095235199991],[-73.75007181799992,-40.30327227299995],[-73.74774141499995,-40.309825943999954],[-73.75439097899994,-40.31859583499994],[-73.7518122429999,-40.32006654299994],[-73.74769605599994,-40.325540617999934],[-73.74856659699992,-40.32761646499995],[-73.74611680599992,-40.33283541499992],[-73.74660155299995,-40.33447213499994],[-73.74067182399995,-40.34096850299994],[-73.74379303199993,-40.34244795099994],[-73.74283242299992,-40.34306153099993],[-73.74330274899995,-40.34606114199994],[-73.74662116199994,-40.34996875799993],[-73.74999654499993,-40.35059123599996],[-73.75297191399994,-40.348348125999905],[-73.75464797799992,-40.34995031999995],[-73.75664907299995,-40.34967553899992],[-73.75800783499994,-40.352052354999955],[-73.75820825999995,-40.35427968099992],[-73.75670469599993,-40.35516266999991],[-73.75833280299992,-40.35682127699994],[-73.75478181099993,-40.358323983999924],[-73.75361660399994,-40.36376047099992],[-73.7585900489999,-40.36824345499991],[-73.76335003299994,-40.36839926399995],[-73.76098478999995,-40.37145259199991],[-73.75627644199994,-40.37197947399994],[-73.7599894089999,-40.376980670999956],[-73.75882549399995,-40.380359702999954],[-73.75960462799992,-40.38170992799991],[-73.75505885199993,-40.386857912999915],[-73.7583179149999,-40.386854969999945],[-73.76301703299993,-40.38896844299995],[-73.7614814179999,-40.391360748999944],[-73.76281854299992,-40.392305190999934],[-73.76318244599992,-40.3952410519999],[-73.75637411299994,-40.396476614999926],[-73.7547268049999,-40.397871015999954],[-73.75554965399994,-40.39905751899994],[-73.75244366499993,-40.39975207799995],[-73.75036388199993,-40.40409545499995],[-73.74594076799991,-40.40703763699992],[-73.74677569399995,-40.40929677199995],[-73.74536380799992,-40.410275587999934],[-73.74600083799993,-40.411865020999926],[-73.74880362499994,-40.41399014499996],[-73.75577747499995,-40.415716930999906],[-73.76026043399992,-40.42124779599993],[-73.7570883059999,-40.42516909099993],[-73.75047954799993,-40.42650486699995],[-73.74815932699994,-40.42905061599993],[-73.74948880499994,-40.430666844999905],[-73.74832506799993,-40.43069223799995],[-73.74686717899993,-40.43498315699992],[-73.74991073899992,-40.43606031299993],[-73.7509754379999,-40.438575715999946],[-73.74680098899995,-40.44228166799991],[-73.74908866299995,-40.44712360099993],[-73.75514238799991,-40.44820632099993],[-73.75427802399992,-40.450997883999946],[-73.75634072299994,-40.45340565399994],[-73.7676994009999,-40.45441900599991],[-73.77484954399995,-40.45011762999991],[-73.77706489999991,-40.453759964999904],[-73.77574642499991,-40.4554077919999],[-73.77689420799993,-40.458992491999936],[-73.7757044789999,-40.461058573999935],[-73.77418760199993,-40.46235107799993],[-73.7705411629999,-40.461524879999956],[-73.76858165499993,-40.46380272099992],[-73.7660407429999,-40.463874053999916],[-73.76498412099994,-40.46485867899992],[-73.7657290439999,-40.46640682399993],[-73.7620550179999,-40.46914102299991],[-73.76304262699995,-40.47109709699993],[-73.75981779499995,-40.47288643999991],[-73.75792713999994,-40.478384165999955],[-73.75034126599991,-40.48183438299992],[-73.75092752799992,-40.48375147299993],[-73.75708296899995,-40.484275263999905],[-73.7598578599999,-40.48571351599992],[-73.75604265699991,-40.49697093099991],[-73.74722671899991,-40.499117172999945],[-73.74198838199993,-40.49749571199993],[-73.73898428599995,-40.498728254999946],[-73.73873252099992,-40.500678473999926],[-73.73395145399991,-40.501329351999914],[-73.73387354999994,-40.50802320199995],[-73.7308133109999,-40.509498497999914],[-73.73219846199993,-40.51085410899992],[-73.73185142699992,-40.51271549299992],[-73.73016596399992,-40.513263613999925],[-73.7304547839999,-40.514654794999956],[-73.72641369199994,-40.514804375999915],[-73.72605946199991,-40.518814353999915],[-73.72207747899995,-40.52279890799991],[-73.72284756999994,-40.524704491999955],[-73.71916062999992,-40.52526429399995],[-73.71618724199993,-40.52917191899991],[-73.71472409299992,-40.535755869999946],[-73.71768174599993,-40.54292209699992],[-73.71958538699994,-40.544298255999934],[-73.72418557799995,-40.5432284929999],[-73.72727190299992,-40.54452236199995],[-73.72037821799995,-40.545017523999945],[-73.7168742739999,-40.551021420999916],[-73.71605119499992,-40.55590507799991],[-73.72251560199993,-40.5603714799999],[-73.7235776309999,-40.559570194999935],[-73.7253158339999,-40.56058552799993],[-73.73302592999994,-40.560677676999944],[-73.73245210199991,-40.564113919999954],[-73.73526033199994,-40.565953864999926],[-73.73502866699994,-40.567035361999956],[-73.73823909099991,-40.56792744699993],[-73.7384414789999,-40.5699365829999],[-73.7400658979999,-40.57089917999991],[-73.73601272999991,-40.57445857099992],[-73.74204568699992,-40.577437887999906],[-73.74351139899994,-40.57959052199993],[-73.73915045899992,-40.58201483699992],[-73.73788200799993,-40.58064501799993],[-73.73490047999991,-40.581128047999925],[-73.73640375999992,-40.585989051999945],[-73.74138158599993,-40.58682005999992],[-73.7447263059999,-40.58478749999995],[-73.74455474599995,-40.586370776999956],[-73.74790551599995,-40.58669362199993],[-73.74488604099992,-40.58874890599992],[-73.73777022099995,-40.590587530999926],[-73.73642706999993,-40.59229166999995],[-73.73597887099993,-40.59569258499994],[-73.74085135099995,-40.60217548399993],[-73.74642221199991,-40.6044132639999],[-73.74834155199994,-40.60271525899992],[-73.75585345299993,-40.60052598999994],[-73.75660217199993,-40.60264703799993],[-73.76161569599992,-40.603205019999905],[-73.7555094519999,-40.606174782999915],[-73.75608071999994,-40.61027819099991],[-73.75401468799993,-40.61391341299992],[-73.75661762599992,-40.620033709999916],[-73.76134505999994,-40.623194990999934],[-73.76560168999993,-40.622897345999945],[-73.76614773099993,-40.624587128999906],[-73.7717135769999,-40.625826300999904],[-73.77147415999991,-40.627368264999916],[-73.77463142499994,-40.62715511899995],[-73.77653401099991,-40.62935262499991],[-73.7789819109999,-40.62789837899993],[-73.7811402879999,-40.62842529299991],[-73.78234036999993,-40.631333912999935],[-73.7899551939999,-40.6306417049999],[-73.7962460729999,-40.633110030999944],[-73.80096860999993,-40.63197932999992],[-73.80253464999993,-40.634945169999924],[-73.80464939299992,-40.63583681099993],[-73.80419835499993,-40.6374427959999],[-73.78713010899992,-40.63948999699994],[-73.78517010899992,-40.64568999699992],[-73.76431010599993,-40.65496999699991],[-73.74244576899991,-40.65360793399992],[-73.73582011499991,-40.647253364999926],[-73.73361488299992,-40.64177466299992],[-73.73046189799993,-40.640905464999946],[-73.72460009999992,-40.643409996999935],[-73.7208758729999,-40.64702916099992],[-73.71627011699991,-40.64641172599994],[-73.70685311299991,-40.649297118999925],[-73.70001034799992,-40.64820156499991],[-73.68551009299995,-40.66461999699993],[-73.66433886699991,-40.666623029999926],[-73.6636419969999,-40.668229605999954],[-73.6648204569999,-40.67360316799994],[-73.66708309799992,-40.67552417499991],[-73.66782545599995,-40.67990641199992],[-73.67072061199991,-40.68280293499993],[-73.66930528299991,-40.68643094999993],[-73.67037701699991,-40.69055954599992],[-73.6688962689999,-40.69400327099993],[-73.67144656799991,-40.69567128399996],[-73.67206945299995,-40.69812984299995],[-73.67650649099994,-40.70282140499995],[-73.6758231789999,-40.7086208689999],[-73.67709579299992,-40.710470725999926],[-73.68361419999991,-40.71013887299995],[-73.6849017049999,-40.712119903999906],[-73.68807420599995,-40.71286389499994],[-73.68854095799992,-40.715839787999926],[-73.68182193199993,-40.718449222999936],[-73.67860753899993,-40.72316714699991],[-73.66914521899992,-40.72044717099993],[-73.66508192599991,-40.721222473999944],[-73.66109434899994,-40.72459656099994],[-73.65436340899993,-40.72539888999995],[-73.65107252099995,-40.723370582999905],[-73.64704317899992,-40.72434512199993],[-73.64429115599995,-40.7266578789999],[-73.63985713599993,-40.73398957499995],[-73.61637851299992,-40.73918185499991],[-73.60638737599993,-40.743212188999905],[-73.60107727099995,-40.748221077999915],[-73.59841896499995,-40.74922442199994],[-73.59505778499994,-40.74758426599993],[-73.58314008699995,-40.74629808099991],[-73.58108659899995,-40.74316604799992],[-73.57805411699991,-40.74716625099995],[-73.57152512699992,-40.74860624099995],[-73.55102455499991,-40.74014450599992],[-73.5427385779999,-40.742334213999925],[-73.5376978299999,-40.74584915999992],[-73.53323394999995,-40.742698823999945],[-73.52380061899993,-40.74270708799992],[-73.52262325599992,-40.74365730699992],[-73.52102520599993,-40.74195294899994],[-73.51675741899993,-40.74426848399992],[-73.51460762199991,-40.737580358999935],[-73.50764830199995,-40.74045077999995],[-73.50139627199991,-40.73805705099994],[-73.50036308099993,-40.739414095999905],[-73.4974961989999,-40.73940063799995],[-73.4961880859999,-40.73765561899995],[-73.49078201099991,-40.73700110599992],[-73.48937095499991,-40.73496865299995],[-73.4906919899999,-40.73543878799995],[-73.49185329799991,-40.7339643329999],[-73.48906251499994,-40.7333677229999],[-73.49087400899992,-40.73154427499992],[-73.48801317199991,-40.732662787999914],[-73.48625558599991,-40.73141228499992],[-73.48572151499991,-40.7287120119999],[-73.48737800799995,-40.728197465999926],[-73.48755780099992,-40.726483757999915],[-73.48513780199994,-40.72613025499993],[-73.48556656799991,-40.725182512999936],[-73.4834093529999,-40.72429615199991],[-73.48316075899993,-40.722827079999945],[-73.48005028799992,-40.72365036499991],[-73.48166673199995,-40.72173583599994],[-73.48063226399995,-40.72125058899991],[-73.48159007299995,-40.72103793699995],[-73.48114107299995,-40.72003244799993],[-73.47776104399992,-40.72057217699995],[-73.47549811599993,-40.71878248099995],[-73.47234104899991,-40.71938308099993],[-73.47173429999992,-40.71817648399991],[-73.46103032799994,-40.72365471299992],[-73.45178275399991,-40.72280937699992],[-73.44195738399992,-40.733818120999956],[-73.4287597419999,-40.73988161199992],[-73.37774441899995,-40.71249648999992],[-73.37603525799994,-40.710886297999934],[-73.37590714999993,-40.70864779699991],[-73.3631529889999,-40.697579309999924],[-73.35729122099991,-40.695267086999934],[-73.35129015299992,-40.688104308999925],[-73.35176260499992,-40.68646650099993],[-73.34556413099995,-40.68263109299994],[-73.34430127899992,-40.679767186999925],[-73.33672417399993,-40.677784886999916],[-73.33483018499993,-40.67541537299991],[-73.33614989099993,-40.66766446199995],[-73.33399999499994,-40.66789563099991],[-73.33477348699995,-40.66700109199991],[-73.33354651399992,-40.66599426699992],[-73.33459832799991,-40.66523483499992],[-73.3328204959999,-40.66498274799994],[-73.33332720199991,-40.66348850999992],[-73.33719207799993,-40.660232170999905],[-73.33995210899991,-40.66007388999992],[-73.34401401299993,-40.66420634299993],[-73.3460840059999,-40.66363460799994],[-73.34578130199992,-40.662709788999905],[-73.34787231399991,-40.663801193999916],[-73.34770203999994,-40.662556786999914],[-73.34898951699995,-40.66247650199995],[-73.3509624969999,-40.66530204499992],[-73.35300755599991,-40.66500758099994],[-73.35680723299993,-40.66760753799991],[-73.36198326999994,-40.66753176099991],[-73.36192403599995,-40.66918181799991],[-73.36392667799993,-40.666856440999936],[-73.36819231399994,-40.667377339999916],[-73.37271353299991,-40.66571995699991],[-73.38101010399993,-40.66628708199994],[-73.38671790399991,-40.668490626999926],[-73.39139610799992,-40.6672474099999],[-73.3947019009999,-40.668601931999945],[-73.39512951599994,-40.66545459999992],[-73.3988864769999,-40.665024124999945],[-73.40159503899991,-40.66661684899992],[-73.40277523199995,-40.66438084199996],[-73.40870721199991,-40.66251073299992],[-73.41702900999991,-40.662603694999916],[-73.41865844599994,-40.65991165499992],[-73.41438980599992,-40.65592733099993],[-73.41567519599994,-40.65318605899995],[-73.41359471499993,-40.64564214699993],[-73.41358686899991,-40.64321342299991],[-73.41638962699994,-40.64009460999995],[-73.40938328499993,-40.628146657999935],[-73.39969944499995,-40.62474358199995],[-73.37829336599992,-40.62517679299992],[-73.36096373999993,-40.62971346199993],[-73.35921604099991,-40.631762160999926],[-73.35280950399994,-40.632508566999945],[-73.3468931239999,-40.631870792999905],[-73.34719051299993,-40.63077102199992],[-73.3420054899999,-40.62722692199992],[-73.33761205299993,-40.62523358899995],[-73.33667935999995,-40.626295841999934],[-73.3303354979999,-40.62204515299993],[-73.3302957169999,-40.62067424299994],[-73.33663907699992,-40.619789501999946],[-73.34836387199994,-40.61967538199991],[-73.35639192799994,-40.60896355299991],[-73.35864092699995,-40.59214997099991],[-73.35798591899993,-40.589315719999945],[-73.35956630599992,-40.584784663999926],[-73.35866499999992,-40.58355823099993],[-73.3561507249999,-40.584674090999954],[-73.3560058299999,-40.573959320999904],[-73.3528031969999,-40.56404346499994],[-73.34404325499992,-40.56322383799994],[-73.34471222499991,-40.56113339399991],[-73.34832596199993,-40.558133281999915],[-73.34832813299994,-40.55003549199995],[-73.34601635799993,-40.54398535099995],[-73.34907236599992,-40.535557928999935],[-73.35182936399991,-40.53244346099996],[-73.35154288199993,-40.52842091999992],[-73.34823823499994,-40.52601939999994],[-73.3538794879999,-40.521612982999955],[-73.35150645599992,-40.51805688199994],[-73.34409264699991,-40.516044278999914],[-73.34114087199993,-40.513213262999955],[-73.3378307129999,-40.513523206999935],[-73.3367454239999,-40.51194640999995],[-73.33716918599993,-40.509646493999924],[-73.3323440559999,-40.503153555999916],[-73.32632334899995,-40.49813456699991],[-73.32571522199993,-40.49446472799991],[-73.32137632799993,-40.49318142799996],[-73.31614608699994,-40.48460105599992],[-73.31650940499992,-40.48091394599993],[-73.31350823199995,-40.47443823099991],[-73.3060802569999,-40.46631367099991],[-73.30960419299993,-40.46158654299995],[-73.3085161539999,-40.45617902299995],[-73.31651267599995,-40.45644745099992],[-73.32085308699993,-40.454965080999955],[-73.32411611799995,-40.45731905799994],[-73.32726926899994,-40.45521144599991],[-73.32786124099994,-40.45293751899993],[-73.3357601319999,-40.45288277399993],[-73.3404848269999,-40.449923542999954],[-73.34060778399993,-40.446552281999914],[-73.33847906499994,-40.44145706099994],[-73.33569521299995,-40.43914454199995],[-73.33581487099991,-40.436455992999925],[-73.3322770069999,-40.431747970999936],[-73.33286113199995,-40.42159652899994],[-73.33605244099994,-40.419154644999935],[-73.33929160499991,-40.42146782799995],[-73.34376040799992,-40.421482702999924],[-73.3480244559999,-40.42398466399993],[-73.35111936599992,-40.42256094499993],[-73.36954140099994,-40.43174389399991],[-73.39120312999995,-40.43205949199995],[-73.39814358699994,-40.42967048699995],[-73.40733277899994,-40.42337199699995],[-73.40890066799994,-40.42121955399995],[-73.40852548499993,-40.41836398699991],[-73.41350954399991,-40.418770683999924],[-73.42163412299993,-40.40921950699993],[-73.42571039799992,-40.407874041999946],[-73.42922658999993,-40.40342884799992],[-73.43163220299994,-40.40279525599993],[-73.43292441999995,-40.40019890299993],[-73.4357327319999,-40.398413529999914],[-73.43631636099991,-40.3930644159999],[-73.44108892199995,-40.38921985899992],[-73.44347044599994,-40.380218305999904],[-73.44805364199993,-40.37675822199992],[-73.4489943879999,-40.362237128999936],[-73.45370862599992,-40.35604342799991],[-73.44733260499993,-40.348720949999915],[-73.43943223699995,-40.35126096599993],[-73.43704613799991,-40.34424920099991],[-73.44171142199991,-40.33196916299994],[-73.44097752899995,-40.32888099599995],[-73.43624929799995,-40.32580093999991],[-73.43536370299995,-40.32353698199995],[-73.43772895699993,-40.31945205199992],[-73.44066134199994,-40.31867528099991],[-73.4405595849999,-40.3135084189999],[-73.44266021699991,-40.30590953099994],[-73.4465427419999,-40.304923463999955],[-73.44871953899991,-40.30204367399995],[-73.4460253929999,-40.290654296999946],[-73.4521729249999,-40.284837886999924],[-73.45522692499992,-40.27582842999993],[-73.45359649699992,-40.273301656999934],[-73.45464514399993,-40.27010362699991],[-73.4573499569999,-40.26945287399991],[-73.4593279959999,-40.270610517999955],[-73.46594943999992,-40.27869832499994],[-73.46931637999995,-40.27910654999994],[-73.4797797839999,-40.27593146899994],[-73.48842200399991,-40.27632753499995],[-73.49516753699993,-40.27900127999993],[-73.50544055699993,-40.286811058999945],[-73.51309955799991,-40.28880870599994],[-73.5391595399999,-40.28897912499991],[-73.55092901799992,-40.29126852799993],[-73.55692482199993,-40.289686945999904],[-73.5699926879999,-40.28298065999991],[-73.5779483309999,-40.28348276199995],[-73.58254245499995,-40.28580173499995],[-73.58614339299993,-40.292754774999935],[-73.59234513899992,-40.3002848239999],[-73.59807303699995,-40.301445276999914],[-73.61744025099995,-40.29236539499993],[-73.62779530899991,-40.28909479899994],[-73.65117530499992,-40.28609707599992],[-73.67167105899995,-40.276718160999906],[-73.6807717339999,-40.267165795999915],[-73.6831024519999,-40.26121258599994],[-73.68319045599992,-40.25123383399995],[-73.67904250799995,-40.2442834549999],[-73.68661641699993,-40.23996265399995],[-73.70067376599991,-40.23923940099991]]]}},{"type":"Feature","properties":{"cut":10307,"comuna":"SAN PABLO"},"geometry":{"type":"Polygon","coordinates":[[[-73.42666252599992,-40.308173033999935],[-73.43162872699992,-40.3048430149999],[-73.44266021699991,-40.30590953099994],[-73.4405595849999,-40.3135084189999],[-73.44066134199994,-40.31867528099991],[-73.43772895699993,-40.31945205199992],[-73.43536370299995,-40.32353698199995],[-73.43624929799995,-40.32580093999991],[-73.44097752899995,-40.32888099599995],[-73.44171142199991,-40.33196916299994],[-73.43726305699994,-40.342858243999956],[-73.43768559199992,-40.34742944199991],[-73.43943223699995,-40.35126096599993],[-73.44733260499993,-40.348720949999915],[-73.4511334039999,-40.35386971699995],[-73.45377290499994,-40.355275588999916],[-73.45061867599992,-40.361382947999914],[-73.4489943879999,-40.362237128999936],[-73.44805364199993,-40.37675822199992],[-73.44347044599994,-40.380218305999904],[-73.44108892199995,-40.38921985899992],[-73.43631636099991,-40.3930644159999],[-73.4357327319999,-40.398413529999914],[-73.43292441999995,-40.40019890299993],[-73.43163220299994,-40.40279525599993],[-73.42922658999993,-40.40342884799992],[-73.42571039799992,-40.407874041999946],[-73.42163412299993,-40.40921950699993],[-73.41350954399991,-40.418770683999924],[-73.40852548499993,-40.41836398699991],[-73.40890066799994,-40.42121955399995],[-73.40733277899994,-40.42337199699995],[-73.39814358699994,-40.42967048699995],[-73.3905291769999,-40.43219907899993],[-73.36954140099994,-40.43174389399991],[-73.35111936599992,-40.42256094499993],[-73.3480244559999,-40.42398466399993],[-73.34376040799992,-40.421482702999924],[-73.33929160499991,-40.42146782799995],[-73.33605244099994,-40.419154644999935],[-73.33286038499995,-40.422166691999905],[-73.32584463899991,-40.42358703399992],[-73.32423567799992,-40.42007848299994],[-73.31740424599991,-40.41979294799995],[-73.31338802099992,-40.422203700999944],[-73.30917752599993,-40.422554187999935],[-73.30496308099993,-40.42220460199991],[-73.3024707209999,-40.42030835799994],[-73.29930117499993,-40.42252451799993],[-73.29117501799993,-40.42508574599992],[-73.2886450709999,-40.4276619499999],[-73.2839475259999,-40.427738562999934],[-73.2816287199999,-40.42581525999992],[-73.27691842599995,-40.427382774999955],[-73.26666740599995,-40.44572274899991],[-73.2634551189999,-40.45475996899995],[-73.26737504599993,-40.462312779999934],[-73.2713810429999,-40.466542804999904],[-73.26763904299992,-40.46846098299994],[-73.26711939299992,-40.470205810999914],[-73.2713802689999,-40.47685706099992],[-73.2702417189999,-40.48421309999992],[-73.28053370399994,-40.492384433999916],[-73.2838688189999,-40.50440014199995],[-73.28125631899991,-40.509558703999915],[-73.27523178399991,-40.511886311999945],[-73.26900031899993,-40.51711136599994],[-73.27055024299995,-40.526642969999955],[-73.2666716729999,-40.530654098999946],[-73.23915954299991,-40.531728709999925],[-73.22531971099994,-40.53592861699991],[-73.21509503099992,-40.536173969999936],[-73.21200748399991,-40.535119005999945],[-73.20911016899993,-40.52989689599991],[-73.20558335999993,-40.52651827699992],[-73.19414902999995,-40.52565516799996],[-73.18975868399991,-40.52725424699992],[-73.17888834199994,-40.52745696699992],[-73.17353617399993,-40.52403725799991],[-73.1722860719999,-40.52159391799995],[-73.17123840799991,-40.518123577999916],[-73.17325007399995,-40.51416824799992],[-73.17540520099993,-40.512964017999934],[-73.17560713299991,-40.5097877309999],[-73.1742798699999,-40.50852065399994],[-73.17477889199995,-40.506808280999905],[-73.1711676299999,-40.50414544999995],[-73.16661428499992,-40.495226558999946],[-73.17404502399995,-40.49293929899994],[-73.17214091699992,-40.492408664999914],[-73.1673829419999,-40.48713736499991],[-73.16486192699995,-40.48572883499992],[-73.16314954499995,-40.48828009999994],[-73.1598936549999,-40.48851877599992],[-73.16064924599993,-40.490672573999916],[-73.15794148099991,-40.494410961999904],[-73.14241938599991,-40.49410259699994],[-73.13813497099994,-40.49182189399994],[-73.1380353749999,-40.48988618799996],[-73.1430978059999,-40.487409690999925],[-73.14023745999992,-40.48594719399995],[-73.13914656599991,-40.48361105999993],[-73.1370095289999,-40.483354007999935],[-73.13715816899992,-40.48188133299993],[-73.1344609269999,-40.47895166599994],[-73.12658553299991,-40.48104482999992],[-73.12606438599994,-40.47554460099991],[-73.1144404339999,-40.47735805099995],[-73.1146895949999,-40.474498687999926],[-73.10761296999993,-40.47593924699993],[-73.10526728299993,-40.475261091999926],[-73.10602660799992,-40.470914895999954],[-73.09678730399992,-40.46715640799994],[-73.0906300449999,-40.47358943599994],[-73.08181867899992,-40.46682788499993],[-73.0810512509999,-40.46321377699991],[-73.07583890099994,-40.465316522999956],[-73.0765776529999,-40.46670558399995],[-73.0733011989999,-40.4663332099999],[-73.06917697499995,-40.46242191899995],[-73.06772220999994,-40.46292599499992],[-73.06912141299995,-40.468561637999926],[-73.0657370749999,-40.47200833099993],[-73.0702940939999,-40.48477637299993],[-73.0699526059999,-40.49237694699991],[-73.06731091299991,-40.50353344599995],[-73.06318579799995,-40.509395344999916],[-73.06343884699993,-40.508500048999906],[-73.06110179299992,-40.50819326099992],[-73.06169977299993,-40.50615553099993],[-73.0596157679999,-40.5054928319999],[-73.06021091699995,-40.50402099899992],[-73.0546033139999,-40.50493516699993],[-73.05456824499993,-40.5033498489999],[-73.05149703199993,-40.50000514299995],[-73.04712283399994,-40.50255534699994],[-73.04004291699994,-40.50078897599991],[-73.03722681099993,-40.50259344199992],[-73.03524655699994,-40.50069721199992],[-73.03332577499992,-40.500921788999904],[-73.03207477899991,-40.50359657699994],[-73.0262453659999,-40.505627241999946],[-73.02573353299994,-40.50331344099993],[-73.02363952999991,-40.50254701699993],[-73.02181259899993,-40.504162213999905],[-73.02190217599991,-40.506160087999945],[-73.0161794359999,-40.504096484999934],[-73.01007657899993,-40.507150672999956],[-73.00660626399991,-40.50551640999993],[-73.00616949699992,-40.507062720999954],[-73.00310518499992,-40.506742241999916],[-73.00176642199995,-40.50824206899995],[-72.99864109499993,-40.50665346199992],[-72.99817907899995,-40.508409670999924],[-72.9951847989999,-40.50779476699995],[-72.99614633999994,-40.50570451699991],[-72.99198729599993,-40.50653799399993],[-72.98913493899994,-40.50502019699991],[-72.98643867499993,-40.50997838299992],[-72.98364739999994,-40.50642132299993],[-72.97700509799995,-40.51008050199994],[-72.97398504599994,-40.50750116599994],[-72.9719542279999,-40.50733205899991],[-72.96450080799991,-40.513874992999945],[-72.9585737669999,-40.513595152999926],[-72.95402681599995,-40.515880496999955],[-72.95413371899991,-40.5184058989999],[-72.95125190199991,-40.522928678999904],[-72.94560671699992,-40.523546909999936],[-72.9431359699999,-40.52774382599995],[-72.9367067089999,-40.52957435399992],[-72.93146422599995,-40.52902495199993],[-72.92724439499995,-40.53143774999995],[-72.92655768199995,-40.53320117099992],[-72.9005453659999,-40.53902543699991],[-72.90356123899994,-40.53620598599991],[-72.9034520969999,-40.5340004169999],[-72.89094658099992,-40.532980592999934],[-72.89087414999995,-40.53690581399991],[-72.88040195299993,-40.53615316399993],[-72.85715715299995,-40.540738261999934],[-72.8586214199999,-40.535266100999934],[-72.86235072099993,-40.53282307999996],[-72.86414450799992,-40.52913720899994],[-72.85902811099993,-40.52951543899991],[-72.85661149299995,-40.531584713999905],[-72.8548814859999,-40.53028361999992],[-72.85683457699992,-40.52617955399995],[-72.8641432949999,-40.5248030219999],[-72.86441276199992,-40.52164977499996],[-72.8792199909999,-40.518089818999954],[-72.87978545699991,-40.516588277999915],[-72.8774928659999,-40.51282968599992],[-72.8797511809999,-40.514129804999925],[-72.88310482599991,-40.513770043999955],[-72.88671990899991,-40.511392481999906],[-72.8887271179999,-40.50728187099992],[-72.89237332699992,-40.50630587699993],[-72.8881862579999,-40.49827206799995],[-72.89251194999991,-40.49193459199995],[-72.89022088899992,-40.48942430699992],[-72.8920301519999,-40.488721394999914],[-72.89276088899993,-40.485583980999934],[-72.9046566259999,-40.476608738999914],[-72.90605837099992,-40.47382070499992],[-72.90354511099991,-40.46942079699994],[-72.9049045509999,-40.467666925999936],[-72.90274287299991,-40.46681510299993],[-72.90353475299992,-40.46459097799993],[-72.90175508199991,-40.46340109399995],[-72.90231262599991,-40.460643760999915],[-72.90513209399995,-40.45905437199991],[-72.9057847919999,-40.45452020999994],[-72.9055871729999,-40.44892804199992],[-72.90238073799992,-40.44522847999991],[-72.90626064399993,-40.44371962899993],[-72.9067535559999,-40.44076944099993],[-72.9102569229999,-40.43974426099993],[-72.92298650099991,-40.440487394999934],[-72.9237608979999,-40.43456006099996],[-72.93412634099991,-40.43122706999992],[-72.94075043999993,-40.42620130799992],[-72.9412370419999,-40.41616730599992],[-72.9422945959999,-40.41437692399995],[-72.96082934799995,-40.406740262999904],[-72.96304540099993,-40.40408850499995],[-72.96428036099991,-40.39938021599994],[-72.9747123059999,-40.39224223899993],[-72.9764138829999,-40.387986620999925],[-72.98034785699991,-40.385172918999956],[-72.9838950589999,-40.38456021299993],[-72.9893309229999,-40.385835492999945],[-73.00005031699993,-40.38372924299995],[-73.01024346899993,-40.38551506099992],[-73.01978230599991,-40.38310012399995],[-73.03061857999995,-40.38392017299992],[-73.04716993999995,-40.37143887399992],[-73.05617056999995,-40.37253026099995],[-73.05983566599991,-40.37094100699994],[-73.0630296729999,-40.366664330999924],[-73.06996919999995,-40.3631739729999],[-73.0723138749999,-40.358374899999944],[-73.07313080799992,-40.353004280999926],[-73.07995224799993,-40.34892719399994],[-73.0780220279999,-40.34559346399993],[-73.07890769699992,-40.34479546599994],[-73.08988435799995,-40.34868534499992],[-73.10128391899991,-40.35085866999992],[-73.12361552399994,-40.34870451099994],[-73.12856035699991,-40.35001116199993],[-73.13769306899991,-40.34998340399994],[-73.14430515299995,-40.35418538499994],[-73.14557576599992,-40.36005360099995],[-73.1477315919999,-40.3607890209999],[-73.16358446099991,-40.35795372399991],[-73.17758140899991,-40.34744318499992],[-73.19412938099993,-40.3499691799999],[-73.20364208399991,-40.355280138999944],[-73.2181138759999,-40.351094572999955],[-73.2328337909999,-40.35389268999995],[-73.2544676139999,-40.35126325899995],[-73.2715468589999,-40.35201589899992],[-73.28182514699995,-40.348237258999916],[-73.28834377599992,-40.33925764999992],[-73.29210870599991,-40.33612141399993],[-73.30746859499993,-40.33424545299994],[-73.32607881799993,-40.33630141999993],[-73.3437230159999,-40.334827969999935],[-73.35195667999994,-40.336615527999925],[-73.35926642699991,-40.340836691999925],[-73.36562191099995,-40.342539029999955],[-73.37868834199992,-40.33742527299995],[-73.38708922899991,-40.33224504799995],[-73.40690198899995,-40.337644636999926],[-73.4106623799999,-40.334529269999905],[-73.41408671799991,-40.321648696999944],[-73.42666252599992,-40.308173033999935]]]}}]}