{"type":"FeatureCollection","features":[{"type":"Feature","properties":{"nombre":"","jerarquia":1},"geometry":{"type":"LineString","coordinates":[[-73.09964,-40.58104],[-73.09926,-40.58143],[-73.09884,-40.58204],[-73.09814,-40.58255]]}},{"type":"Feature","properties":{"nombre":"","jerarquia":1},"geometry":{"type":"LineString","coordinates":[[-73.09814,-40.58255],[-73.09804,-40.5827]]}},{"type":"Feature","properties":{"nombre":"Alcalde Alberto Fuchslocher","jerarquia":2},"geometry":{"type":"LineString","coordinates":[[-73.09831,-40.58152],[-73.09813,-40.58153]]}},{"type":"Feature","properties":{"nombre":"","jerarquia":1},"geometry":{"type":"LineString","coordinates":[[-73.09841,-40.58143],[-73.09882,-40.58118],[-73.09885,-40.581],[-73.09873,-40.58083],[-73.09849,-40.58075],[-73.09823,-40.58081],[-73.09812,-40.58092],[-73.09803,-40.58115]]}},{"type":"Feature","properties":{"nombre":"","jerarquia":1},"geometry":{"type":"LineString","coordinates":[[-73.09765,-40.58275],[-73.09754,-40.58256],[-73.09735,-40.5824],[-73.0966,-40.58217],[-73.0962,-40.58219],[-73.09582,-40.58239]]}},{"type":"Feature","properties":{"nombre":"","jerarquia":1},"geometry":{"type":"LineString","coordinates":[[-73.09582,-40.58239],[-73.09573,-40.58242]]}},{"type":"Feature","properties":{"nombre":"","jerarquia":1},"geometry":{"type":"LineString","coordinates":[[-73.09765,-40.58133],[-73.09755,-40.58108],[-73.09738,-40.58095],[-73.0971,-40.58094],[-73.09688,-40.58108],[-73.09686,-40.58125],[-73.097,-40.58141],[-73.09752,-40.58151]]}},{"type":"Feature","properties":{"nombre":"","jerarquia":1},"geometry":{"type":"LineString","coordinates":[[-73.09592,-40.58216],[-73.09639,-40.58164],[-73.09669,-40.58107],[-73.09687,-40.58093],[-73.09742,-40.58066],[-73.09757,-40.58052],[-73.09767,-40.58032]]}},{"type":"Feature","properties":{"nombre":"","jerarquia":1},"geometry":{"type":"LineString","coordinates":[[-73.09808,-40.58006],[-73.09816,-40.58038],[-73.0984,-40.58058],[-73.09914,-40.58085],[-73.09941,-40.58087],[-73.09966,-40.58081]]}},{"type":"Feature","properties":{"nombre":"","jerarquia":1},"geometry":{"type":"LineString","coordinates":[[-73.09966,-40.58081],[-73.10003,-40.58064]]}},{"type":"Feature","properties":{"nombre":"Ruta 5 Sur","jerarquia":1},"geometry":{"type":"LineString","coordinates":[[-73.09792,-40.57833],[-73.09792,-40.57957]]}},{"type":"Feature","properties":{"nombre":"Ruta 5 Sur","jerarquia":1},"geometry":{"type":"LineString","coordinates":[[-73.0998,-40.596],[-73.10067,-40.59863]]}},{"type":"Feature","properties":{"nombre":"Ruta 5 Sur","jerarquia":1},"geometry":{"type":"LineString","coordinates":[[-73.11207,-40.63378],[-73.1117,-40.63268]]}},{"type":"Feature","properties":{"nombre":"Ruta 5 Sur","jerarquia":1},"geometry":{"type":"LineString","coordinates":[[-73.1117,-40.63268],[-73.11144,-40.63193]]}},{"type":"Feature","properties":{"nombre":"","jerarquia":1},"geometry":{"type":"LineString","coordinates":[[-73.09824,-40.59096],[-73.0985,-40.59175]]}},{"type":"Feature","properties":{"nombre":"","jerarquia":1},"geometry":{"type":"LineString","coordinates":[[-73.09967,-40.59256],[-73.09934,-40.59278],[-73.09909,-40.59305],[-73.09902,-40.59321],[-73.09899,-40.59359]]}},{"type":"Feature","properties":{"nombre":"","jerarquia":1},"geometry":{"type":"LineString","coordinates":[[-73.09749,-40.59242],[-73.09763,-40.59251],[-73.09782,-40.59253],[-73.09822,-40.59238]]}},{"type":"Feature","properties":{"nombre":"","jerarquia":1},"geometry":{"type":"LineString","coordinates":[[-73.09972,-40.59618],[-73.09931,-40.59537]]}},{"type":"Feature","properties":{"nombre":"","jerarquia":1},"geometry":{"type":"LineString","coordinates":[[-73.09863,-40.59214],[-73.09879,-40.59245],[-73.09898,-40.59261],[-73.09935,-40.59265],[-73.09967,-40.59256]]}},{"type":"Feature","properties":{"nombre":"","jerarquia":1},"geometry":{"type":"LineString","coordinates":[[-73.0985,-40.59175],[-73.09863,-40.59214]]}},{"type":"Feature","properties":{"nombre":"Ruta U-55-V","jerarquia":3},"geometry":{"type":"LineString","coordinates":[[-73.09546,-40.60078],[-73.09692,-40.59801],[-73.09714,-40.59719],[-73.09729,-40.59624]]}},{"type":"Feature","properties":{"nombre":"Ruta U-55-V","jerarquia":3},"geometry":{"type":"LineString","coordinates":[[-73.09729,-40.59624],[-73.09736,-40.59554]]}},{"type":"Feature","properties":{"nombre":"Ruta U-55-V","jerarquia":3},"geometry":{"type":"LineString","coordinates":[[-73.09736,-40.59554],[-73.09751,-40.59424]]}},{"type":"Feature","properties":{"nombre":"","jerarquia":1},"geometry":{"type":"LineString","coordinates":[[-73.0977,-40.59319],[-73.09769,-40.59276],[-73.09749,-40.59242]]}},{"type":"Feature","properties":{"nombre":"","jerarquia":1},"geometry":{"type":"LineString","coordinates":[[-73.09781,-40.59306],[-73.09778,-40.59333],[-73.09786,-40.59345],[-73.09801,-40.59353],[-73.0982,-40.59355],[-73.09837,-40.59351],[-73.0985,-40.59341],[-73.09855,-40.59328]]}},{"type":"Feature","properties":{"nombre":"","jerarquia":1},"geometry":{"type":"LineString","coordinates":[[-73.09855,-40.59328],[-73.09855,-40.59309]]}},{"type":"Feature","properties":{"nombre":"","jerarquia":1},"geometry":{"type":"LineString","coordinates":[[-73.09888,-40.59402],[-73.09866,-40.59378],[-73.09823,-40.59368],[-73.0978,-40.59379],[-73.09767,-40.59388],[-73.09756,-40.59407]]}},{"type":"Feature","properties":{"nombre":"","jerarquia":1},"geometry":{"type":"LineString","coordinates":[[-73.09756,-40.59407],[-73.09751,-40.59424]]}},{"type":"Feature","properties":{"nombre":"","jerarquia":3},"geometry":{"type":"LineString","coordinates":[[-73.10023,-40.59057],[-73.09971,-40.59086]]}},{"type":"Feature","properties":{"nombre":"Ruta 5 Sur","jerarquia":1},"geometry":{"type":"LineString","coordinates":[[-73.09843,-40.59234],[-73.09828,-40.5919]]}},{"type":"Feature","properties":{"nombre":"Avenida Alcalde René Soriano Bórquez","jerarquia":3},"geometry":{"type":"LineString","coordinates":[[-73.0977,-40.59319],[-73.09786,-40.59286],[-73.09822,-40.59238]]}},{"type":"Feature","properties":{"nombre":"Avenida Alcalde René Soriano Bórquez","jerarquia":3},"geometry":{"type":"LineString","coordinates":[[-73.09822,-40.59238],[-73.09844,-40.59214]]}},{"type":"Feature","properties":{"nombre":"Héroes de la Concepción","jerarquia":3},"geometry":{"type":"LineString","coordinates":[[-73.14734,-40.56813],[-73.14844,-40.56816]]}},{"type":"Feature","properties":{"nombre":"Héroes de la Concepción","jerarquia":3},"geometry":{"type":"LineString","coordinates":[[-73.14844,-40.56816],[-73.14907,-40.56806]]}},{"type":"Feature","properties":{"nombre":"Héroes de la Concepción","jerarquia":3},"geometry":{"type":"LineString","coordinates":[[-73.14907,-40.56806],[-73.14949,-40.56797]]}},{"type":"Feature","properties":{"nombre":"Inés de Suárez","jerarquia":5},"geometry":{"type":"LineString","coordinates":[[-73.1526,-40.5902],[-73.15221,-40.59089]]}},{"type":"Feature","properties":{"nombre":"Inés de Suárez","jerarquia":5},"geometry":{"type":"LineString","coordinates":[[-73.15221,-40.59089],[-73.15103,-40.59226]]}},{"type":"Feature","properties":{"nombre":"Ruta U-120","jerarquia":5},"geometry":{"type":"LineString","coordinates":[[-73.16035,-40.50101],[-73.16002,-40.50083]]}},{"type":"Feature","properties":{"nombre":"","jerarquia":1},"geometry":{"type":"LineString","coordinates":[[-73.06255,-40.51055],[-73.0625,-40.51087]]}},{"type":"Feature","properties":{"nombre":"Camino Tacamó - Las Carretas","jerarquia":5},"geometry":{"type":"LineString","coordinates":[[-73.0648,-40.63371],[-73.06204,-40.63292]]}},{"type":"Feature","properties":{"nombre":"Camino Tacamó - Las Carretas","jerarquia":5},"geometry":{"type":"LineString","coordinates":[[-73.06204,-40.63292],[-73.05606,-40.63126]]}},{"type":"Feature","properties":{"nombre":"Camino Tacamó - Las Carretas","jerarquia":5},"geometry":{"type":"LineString","coordinates":[[-73.05606,-40.63126],[-73.05225,-40.63024]]}},{"type":"Feature","properties":{"nombre":"Camino Tacamó - Las Carretas","jerarquia":5},"geometry":{"type":"LineString","coordinates":[[-73.05225,-40.63024],[-73.05137,-40.62999],[-73.05053,-40.62951],[-73.04982,-40.62945]]}},{"type":"Feature","properties":{"nombre":"Chorrillos","jerarquia":5},"geometry":{"type":"LineString","coordinates":[[-73.16716,-40.56961],[-73.16746,-40.56901],[-73.16752,-40.56851]]}},{"type":"Feature","properties":{"nombre":"Chorrillos","jerarquia":5},"geometry":{"type":"LineString","coordinates":[[-73.16752,-40.56851],[-73.16749,-40.56829],[-73.16739,-40.5681]]}},{"type":"Feature","properties":{"nombre":"Chorrillos","jerarquia":5},"geometry":{"type":"LineString","coordinates":[[-73.16739,-40.5681],[-73.16705,-40.56783]]}},{"type":"Feature","properties":{"nombre":"Chorrillos","jerarquia":5},"geometry":{"type":"LineString","coordinates":[[-73.16705,-40.56783],[-73.16654,-40.56747]]}},{"type":"Feature","properties":{"nombre":"Chorrillos","jerarquia":5},"geometry":{"type":"LineString","coordinates":[[-73.16654,-40.56747],[-73.166,-40.56707]]}},{"type":"Feature","properties":{"nombre":"Chorrillos","jerarquia":5},"geometry":{"type":"LineString","coordinates":[[-73.166,-40.56707],[-73.16561,-40.56672],[-73.16551,-40.56655]]}},{"type":"Feature","properties":{"nombre":"Avenida Juan Mackenna","jerarquia":3},"geometry":{"type":"LineString","coordinates":[[-73.12112,-40.57522],[-73.12249,-40.57516]]}},{"type":"Feature","properties":{"nombre":"Avenida Juan Mackenna","jerarquia":3},"geometry":{"type":"LineString","coordinates":[[-73.12249,-40.57516],[-73.12266,-40.57516]]}},{"type":"Feature","properties":{"nombre":"Avenida Juan Mackenna","jerarquia":3},"geometry":{"type":"LineString","coordinates":[[-73.12266,-40.57516],[-73.12277,-40.57515]]}},{"type":"Feature","properties":{"nombre":"Avenida Juan Mackenna","jerarquia":3},"geometry":{"type":"LineString","coordinates":[[-73.12277,-40.57515],[-73.12441,-40.57506]]}},{"type":"Feature","properties":{"nombre":"Avenida Juan Mackenna","jerarquia":3},"geometry":{"type":"LineString","coordinates":[[-73.12441,-40.57506],[-73.12618,-40.57497]]}},{"type":"Feature","properties":{"nombre":"Amador Barrientos","jerarquia":5},"geometry":{"type":"LineString","coordinates":[[-73.10558,-40.58549],[-73.10554,-40.58539],[-73.10588,-40.58455]]}},{"type":"Feature","properties":{"nombre":"Amador Barrientos","jerarquia":5},"geometry":{"type":"LineString","coordinates":[[-73.10588,-40.58455],[-73.10642,-40.58331]]}},{"type":"Feature","properties":{"nombre":"Amador Barrientos","jerarquia":5},"geometry":{"type":"LineString","coordinates":[[-73.10642,-40.58331],[-73.10666,-40.58302],[-73.10731,-40.58249]]}},{"type":"Feature","properties":{"nombre":"Amador Barrientos","jerarquia":5},"geometry":{"type":"LineString","coordinates":[[-73.10731,-40.58249],[-73.10739,-40.58242]]}},{"type":"Feature","properties":{"nombre":"","jerarquia":1},"geometry":{"type":"LineString","coordinates":[[-73.09824,-40.59096],[-73.09843,-40.59119],[-73.09866,-40.59131],[-73.09899,-40.59132],[-73.09937,-40.59121]]}},{"type":"Feature","properties":{"nombre":"Ruta 5 Sur","jerarquia":1},"geometry":{"type":"LineString","coordinates":[[-73.09842,-40.59187],[-73.09856,-40.59231]]}},{"type":"Feature","properties":{"nombre":"Ruta 5 Sur","jerarquia":1},"geometry":{"type":"LineString","coordinates":[[-73.0979,-40.5907],[-73.09776,-40.58983],[-73.09775,-40.58643]]}},{"type":"Feature","properties":{"nombre":"","jerarquia":1},"geometry":{"type":"LineString","coordinates":[[-73.09732,-40.58161],[-73.09713,-40.58169],[-73.09694,-40.58185],[-73.09691,-40.58201],[-73.09699,-40.58217],[-73.09722,-40.58225],[-73.09744,-40.5822],[-73.09754,-40.58211],[-73.09765,-40.58185]]}},{"type":"Feature","properties":{"nombre":"Alcalde Alberto Fuchslocher","jerarquia":2},"geometry":{"type":"LineString","coordinates":[[-73.09752,-40.58151],[-73.09813,-40.58146]]}},{"type":"Feature","properties":{"nombre":"Ruta U-175","jerarquia":5},"geometry":{"type":"LineString","coordinates":[[-73.09753,-40.57694],[-73.09664,-40.57705]]}},{"type":"Feature","properties":{"nombre":"Ruta U-175","jerarquia":5},"geometry":{"type":"LineString","coordinates":[[-73.09664,-40.57705],[-73.09563,-40.57717],[-73.09531,-40.57727],[-73.09501,-40.57744]]}},{"type":"Feature","properties":{"nombre":"Ruta U-175","jerarquia":5},"geometry":{"type":"LineString","coordinates":[[-73.09501,-40.57744],[-73.09444,-40.57779],[-73.09375,-40.57802],[-73.0931,-40.57879],[-73.09296,-40.57884],[-73.09265,-40.57882],[-73.09201,-40.57848],[-73.09178,-40.57844],[-73.0891,-40.57898],[-73.08677,-40.57879],[-73.07704,-40.58049],[-73.07383,-40.58086],[-73.07341,-40.58069],[-73.07203,-40.57959],[-73.07,-40.57899],[-73.0693,-40.57853],[-73.06487,-40.5743],[-73.06465,-40.57417],[-73.05864,-40.57326],[-73.05834,-40.57315],[-73.05682,-40.57237],[-73.05466,-40.57185],[-73.05376,-40.57175],[-73.04733,-40.57141],[-73.04713,-40.57133],[-73.04704,-40.57123],[-73.04688,-40.57078]]}},{"type":"Feature","properties":{"nombre":"Ruta U-175","jerarquia":5},"geometry":{"type":"LineString","coordinates":[[-73.04688,-40.57078],[-73.0447,-40.57103],[-73.04421,-40.57112],[-73.04379,-40.57126],[-73.04341,-40.57146]]}},{"type":"Feature","properties":{"nombre":"Ruta U-500","jerarquia":5},"geometry":{"type":"LineString","coordinates":[[-73.18069,-40.63404],[-73.1815,-40.63463]]}},{"type":"Feature","properties":{"nombre":"Manuel Bulnes","jerarquia":3},"geometry":{"type":"LineString","coordinates":[[-73.13887,-40.57018],[-73.13898,-40.56942]]}},{"type":"Feature","properties":{"nombre":"Manuel Bulnes","jerarquia":3},"geometry":{"type":"LineString","coordinates":[[-73.13904,-40.56895],[-73.13912,-40.56828]]}},{"type":"Feature","properties":{"nombre":"Avenida Portales","jerarquia":5},"geometry":{"type":"LineString","coordinates":[[-73.1405,-40.57056],[-73.14047,-40.5711]]}},{"type":"Feature","properties":{"nombre":"Avenida Portales","jerarquia":5},"geometry":{"type":"LineString","coordinates":[[-73.14047,-40.5711],[-73.14045,-40.57156]]}},{"type":"Feature","properties":{"nombre":"Avenida Portales","jerarquia":5},"geometry":{"type":"LineString","coordinates":[[-73.14045,-40.57156],[-73.14045,-40.57164]]}},{"type":"Feature","properties":{"nombre":"Francisco Bilbao","jerarquia":5},"geometry":{"type":"LineString","coordinates":[[-73.13982,-40.57565],[-73.13842,-40.57573]]}},{"type":"Feature","properties":{"nombre":"Francisco Bilbao","jerarquia":5},"geometry":{"type":"LineString","coordinates":[[-73.13842,-40.57573],[-73.13829,-40.57574]]}},{"type":"Feature","properties":{"nombre":"Francisco Bilbao","jerarquia":5},"geometry":{"type":"LineString","coordinates":[[-73.13829,-40.57574],[-73.13653,-40.57581]]}},{"type":"Feature","properties":{"nombre":"Francisco Bilbao","jerarquia":5},"geometry":{"type":"LineString","coordinates":[[-73.13653,-40.57581],[-73.13614,-40.57583]]}},{"type":"Feature","properties":{"nombre":"Francisco Bilbao","jerarquia":5},"geometry":{"type":"LineString","coordinates":[[-73.13614,-40.57583],[-73.13484,-40.57587]]}},{"type":"Feature","properties":{"nombre":"Francisco Bilbao","jerarquia":5},"geometry":{"type":"LineString","coordinates":[[-73.13484,-40.57587],[-73.13474,-40.57587]]}},{"type":"Feature","properties":{"nombre":"Francisco Bilbao","jerarquia":5},"geometry":{"type":"LineString","coordinates":[[-73.13474,-40.57587],[-73.13306,-40.57594]]}},{"type":"Feature","properties":{"nombre":"Francisco Bilbao","jerarquia":5},"geometry":{"type":"LineString","coordinates":[[-73.13306,-40.57594],[-73.13294,-40.57595]]}},{"type":"Feature","properties":{"nombre":"Francisco Bilbao","jerarquia":5},"geometry":{"type":"LineString","coordinates":[[-73.13294,-40.57595],[-73.13137,-40.57601]]}},{"type":"Feature","properties":{"nombre":"Francisco Bilbao","jerarquia":5},"geometry":{"type":"LineString","coordinates":[[-73.13137,-40.57601],[-73.1312,-40.57602]]}},{"type":"Feature","properties":{"nombre":"Francisco Bilbao","jerarquia":5},"geometry":{"type":"LineString","coordinates":[[-73.1312,-40.57602],[-73.13033,-40.57607]]}},{"type":"Feature","properties":{"nombre":"Francisco Bilbao","jerarquia":5},"geometry":{"type":"LineString","coordinates":[[-73.13033,-40.57607],[-73.12957,-40.5761]]}},{"type":"Feature","properties":{"nombre":"Francisco Bilbao","jerarquia":5},"geometry":{"type":"LineString","coordinates":[[-73.12957,-40.5761],[-73.1294,-40.57611]]}},{"type":"Feature","properties":{"nombre":"Francisco Bilbao","jerarquia":5},"geometry":{"type":"LineString","coordinates":[[-73.1294,-40.57611],[-73.12824,-40.57613]]}},{"type":"Feature","properties":{"nombre":"Francisco Bilbao","jerarquia":5},"geometry":{"type":"LineString","coordinates":[[-73.12824,-40.57613],[-73.12811,-40.57613]]}},{"type":"Feature","properties":{"nombre":"Avenida Portales","jerarquia":4},"geometry":{"type":"LineString","coordinates":[[-73.1402,-40.57419],[-73.14022,-40.57371]]}},{"type":"Feature","properties":{"nombre":"Avenida Portales","jerarquia":4},"geometry":{"type":"LineString","coordinates":[[-73.14022,-40.57371],[-73.14023,-40.57349]]}},{"type":"Feature","properties":{"nombre":"Avenida Portales","jerarquia":4},"geometry":{"type":"LineString","coordinates":[[-73.14023,-40.57349],[-73.14024,-40.57332]]}},{"type":"Feature","properties":{"nombre":"Avenida Portales","jerarquia":4},"geometry":{"type":"LineString","coordinates":[[-73.14024,-40.57332],[-73.14025,-40.57307]]}},{"type":"Feature","properties":{"nombre":"Avenida Portales","jerarquia":4},"geometry":{"type":"LineString","coordinates":[[-73.14025,-40.57307],[-73.14025,-40.57297]]}},{"type":"Feature","properties":{"nombre":"Aníbal Pinto","jerarquia":5},"geometry":{"type":"LineString","coordinates":[[-73.11529,-40.57175],[-73.11446,-40.57195]]}},{"type":"Feature","properties":{"nombre":"Aníbal Pinto","jerarquia":5},"geometry":{"type":"LineString","coordinates":[[-73.11446,-40.57195],[-73.11377,-40.57211]]}},{"type":"Feature","properties":{"nombre":"Aníbal Pinto","jerarquia":5},"geometry":{"type":"LineString","coordinates":[[-73.11377,-40.57211],[-73.1131,-40.57228]]}},{"type":"Feature","properties":{"nombre":"Aníbal Pinto","jerarquia":5},"geometry":{"type":"LineString","coordinates":[[-73.1131,-40.57228],[-73.11245,-40.57243]]}},{"type":"Feature","properties":{"nombre":"Aníbal Pinto","jerarquia":5},"geometry":{"type":"LineString","coordinates":[[-73.11245,-40.57243],[-73.11206,-40.57253]]}},{"type":"Feature","properties":{"nombre":"Aníbal Pinto","jerarquia":5},"geometry":{"type":"LineString","coordinates":[[-73.11206,-40.57253],[-73.11162,-40.57263]]}},{"type":"Feature","properties":{"nombre":"Aníbal Pinto","jerarquia":5},"geometry":{"type":"LineString","coordinates":[[-73.11162,-40.57263],[-73.11105,-40.57277]]}},{"type":"Feature","properties":{"nombre":"Aníbal Pinto","jerarquia":5},"geometry":{"type":"LineString","coordinates":[[-73.11105,-40.57277],[-73.11043,-40.57292]]}},{"type":"Feature","properties":{"nombre":"Variante Los Carrera","jerarquia":4},"geometry":{"type":"LineString","coordinates":[[-73.10831,-40.57701],[-73.10828,-40.57694]]}},{"type":"Feature","properties":{"nombre":"Variante Los Carrera","jerarquia":4},"geometry":{"type":"LineString","coordinates":[[-73.10828,-40.57694],[-73.10974,-40.5746],[-73.11009,-40.57423],[-73.1105,-40.57402],[-73.11082,-40.57393]]}},{"type":"Feature","properties":{"nombre":"Manuel Baquedano","jerarquia":5},"geometry":{"type":"LineString","coordinates":[[-73.13214,-40.56994],[-73.13352,-40.57054]]}},{"type":"Feature","properties":{"nombre":"Manuel Baquedano","jerarquia":5},"geometry":{"type":"LineString","coordinates":[[-73.13352,-40.57054],[-73.1353,-40.57054]]}},{"type":"Feature","properties":{"nombre":"Manuel Baquedano","jerarquia":5},"geometry":{"type":"LineString","coordinates":[[-73.1353,-40.57054],[-73.13603,-40.57051]]}},{"type":"Feature","properties":{"nombre":"Luis Recabarren","jerarquia":5},"geometry":{"type":"LineString","coordinates":[[-73.11378,-40.57443],[-73.11324,-40.57455]]}},{"type":"Feature","properties":{"nombre":"Luis Recabarren","jerarquia":5},"geometry":{"type":"LineString","coordinates":[[-73.11324,-40.57455],[-73.11173,-40.57488]]}},{"type":"Feature","properties":{"nombre":"Luis Recabarren","jerarquia":5},"geometry":{"type":"LineString","coordinates":[[-73.11173,-40.57488],[-73.1113,-40.57498]]}},{"type":"Feature","properties":{"nombre":"Luis Recabarren","jerarquia":5},"geometry":{"type":"LineString","coordinates":[[-73.1113,-40.57498],[-73.1112,-40.575]]}},{"type":"Feature","properties":{"nombre":"Avenida César Ercilla","jerarquia":4},"geometry":{"type":"LineString","coordinates":[[-73.11806,-40.58254],[-73.11689,-40.58157]]}},{"type":"Feature","properties":{"nombre":"Avenida César Ercilla","jerarquia":4},"geometry":{"type":"LineString","coordinates":[[-73.11689,-40.58157],[-73.11651,-40.58126]]}},{"type":"Feature","properties":{"nombre":"Avenida César Ercilla","jerarquia":4},"geometry":{"type":"LineString","coordinates":[[-73.11651,-40.58126],[-73.11615,-40.58096]]}},{"type":"Feature","properties":{"nombre":"Avenida César Ercilla","jerarquia":4},"geometry":{"type":"LineString","coordinates":[[-73.11615,-40.58096],[-73.1158,-40.58068]]}},{"type":"Feature","properties":{"nombre":"Avenida César Ercilla","jerarquia":4},"geometry":{"type":"LineString","coordinates":[[-73.1158,-40.58068],[-73.1154,-40.58035]]}},{"type":"Feature","properties":{"nombre":"Avenida César Ercilla","jerarquia":4},"geometry":{"type":"LineString","coordinates":[[-73.1154,-40.58035],[-73.11475,-40.57981]]}},{"type":"Feature","properties":{"nombre":"Avenida César Ercilla","jerarquia":4},"geometry":{"type":"LineString","coordinates":[[-73.11475,-40.57981],[-73.11463,-40.57971]]}},{"type":"Feature","properties":{"nombre":"Avenida Guillermo Bühler","jerarquia":4},"geometry":{"type":"LineString","coordinates":[[-73.12893,-40.58513],[-73.12902,-40.58543],[-73.129,-40.58566],[-73.12888,-40.58591],[-73.1287,-40.5861]]}},{"type":"Feature","properties":{"nombre":"Germán Hube","jerarquia":5},"geometry":{"type":"LineString","coordinates":[[-73.12403,-40.57025],[-73.12506,-40.57019]]}},{"type":"Feature","properties":{"nombre":"Germán Hube","jerarquia":5},"geometry":{"type":"LineString","coordinates":[[-73.12506,-40.57019],[-73.12665,-40.5701]]}},{"type":"Feature","properties":{"nombre":"Germán Hube","jerarquia":5},"geometry":{"type":"LineString","coordinates":[[-73.12665,-40.5701],[-73.12733,-40.57006]]}},{"type":"Feature","properties":{"nombre":"Avenida Portales","jerarquia":3},"geometry":{"type":"LineString","coordinates":[[-73.14022,-40.57441],[-73.13982,-40.57565]]}},{"type":"Feature","properties":{"nombre":"Avenida Portales","jerarquia":3},"geometry":{"type":"LineString","coordinates":[[-73.13982,-40.57565],[-73.13951,-40.57606],[-73.13913,-40.57669]]}},{"type":"Feature","properties":{"nombre":"Avenida Juan Mackenna","jerarquia":3},"geometry":{"type":"LineString","coordinates":[[-73.12793,-40.57514],[-73.12621,-40.57523]]}},{"type":"Feature","properties":{"nombre":"Avenida Ignacio Zenteno","jerarquia":4},"geometry":{"type":"LineString","coordinates":[[-73.12301,-40.57719],[-73.12305,-40.57759]]}},{"type":"Feature","properties":{"nombre":"Avenida Ignacio Zenteno","jerarquia":4},"geometry":{"type":"LineString","coordinates":[[-73.12305,-40.57759],[-73.12306,-40.57768]]}},{"type":"Feature","properties":{"nombre":"Santa María","jerarquia":5},"geometry":{"type":"LineString","coordinates":[[-73.11144,-40.57086],[-73.11197,-40.57083]]}},{"type":"Feature","properties":{"nombre":"Santa María","jerarquia":5},"geometry":{"type":"LineString","coordinates":[[-73.11197,-40.57083],[-73.11249,-40.57079]]}},{"type":"Feature","properties":{"nombre":"Santa María","jerarquia":5},"geometry":{"type":"LineString","coordinates":[[-73.11249,-40.57079],[-73.11286,-40.57077]]}},{"type":"Feature","properties":{"nombre":"Pedro Aguirre Cerda","jerarquia":5},"geometry":{"type":"LineString","coordinates":[[-73.11455,-40.5761],[-73.11424,-40.57545]]}},{"type":"Feature","properties":{"nombre":"Pedro Aguirre Cerda","jerarquia":5},"geometry":{"type":"LineString","coordinates":[[-73.11424,-40.57545],[-73.11421,-40.57538]]}},{"type":"Feature","properties":{"nombre":"Pedro Aguirre Cerda","jerarquia":5},"geometry":{"type":"LineString","coordinates":[[-73.11421,-40.57538],[-73.11378,-40.57443]]}},{"type":"Feature","properties":{"nombre":"E. Lillo","jerarquia":5},"geometry":{"type":"LineString","coordinates":[[-73.11249,-40.57079],[-73.11198,-40.56965],[-73.11198,-40.56945],[-73.11204,-40.56931]]}},{"type":"Feature","properties":{"nombre":"Patricio Lynch","jerarquia":5},"geometry":{"type":"LineString","coordinates":[[-73.11701,-40.57546],[-73.11763,-40.57526]]}},{"type":"Feature","properties":{"nombre":"Patricio Lynch","jerarquia":5},"geometry":{"type":"LineString","coordinates":[[-73.11763,-40.57526],[-73.11783,-40.57519]]}},{"type":"Feature","properties":{"nombre":"Patricio Lynch","jerarquia":5},"geometry":{"type":"LineString","coordinates":[[-73.11783,-40.57519],[-73.11918,-40.57487]]}},{"type":"Feature","properties":{"nombre":"Patricio Lynch","jerarquia":5},"geometry":{"type":"LineString","coordinates":[[-73.11918,-40.57487],[-73.11946,-40.5748]]}},{"type":"Feature","properties":{"nombre":"Patricio Lynch","jerarquia":5},"geometry":{"type":"LineString","coordinates":[[-73.11946,-40.5748],[-73.12027,-40.57463],[-73.12105,-40.57454]]}},{"type":"Feature","properties":{"nombre":"Patricio Lynch","jerarquia":5},"geometry":{"type":"LineString","coordinates":[[-73.12105,-40.57454],[-73.12115,-40.57453]]}},{"type":"Feature","properties":{"nombre":"Patricio Lynch","jerarquia":5},"geometry":{"type":"LineString","coordinates":[[-73.12115,-40.57453],[-73.12258,-40.57444]]}},{"type":"Feature","properties":{"nombre":"Patricio Lynch","jerarquia":5},"geometry":{"type":"LineString","coordinates":[[-73.12258,-40.57444],[-73.1227,-40.57444]]}},{"type":"Feature","properties":{"nombre":"Eduvijes","jerarquia":5},"geometry":{"type":"LineString","coordinates":[[-73.12446,-40.57533],[-73.12441,-40.57506]]}},{"type":"Feature","properties":{"nombre":"Los 77 Chacabucanos","jerarquia":5},"geometry":{"type":"LineString","coordinates":[[-73.12482,-40.57823],[-73.12494,-40.57832],[-73.12514,-40.57835],[-73.12653,-40.57822]]}},{"type":"Feature","properties":{"nombre":"Avenida Ignacio Zenteno","jerarquia":4},"geometry":{"type":"LineString","coordinates":[[-73.12277,-40.57515],[-73.12279,-40.57535]]}},{"type":"Feature","properties":{"nombre":"Avenida Ignacio Zenteno","jerarquia":4},"geometry":{"type":"LineString","coordinates":[[-73.12279,-40.57535],[-73.1228,-40.57541]]}},{"type":"Feature","properties":{"nombre":"Avenida Alcalde René Soriano Bórquez","jerarquia":3},"geometry":{"type":"LineString","coordinates":[[-73.09971,-40.59086],[-73.10025,-40.59027]]}},{"type":"Feature","properties":{"nombre":"Avenida Alcalde René Soriano Bórquez","jerarquia":3},"geometry":{"type":"LineString","coordinates":[[-73.10025,-40.59027],[-73.10133,-40.58904]]}},{"type":"Feature","properties":{"nombre":"Buenos Aires","jerarquia":5},"geometry":{"type":"LineString","coordinates":[[-73.11657,-40.5783],[-73.11664,-40.57837]]}},{"type":"Feature","properties":{"nombre":"Buenos Aires","jerarquia":5},"geometry":{"type":"LineString","coordinates":[[-73.11664,-40.57837],[-73.11674,-40.57844]]}},{"type":"Feature","properties":{"nombre":"Buenos Aires","jerarquia":5},"geometry":{"type":"LineString","coordinates":[[-73.11674,-40.57844],[-73.11698,-40.57859],[-73.11713,-40.57863],[-73.11851,-40.5788]]}},{"type":"Feature","properties":{"nombre":"Buenos Aires","jerarquia":5},"geometry":{"type":"LineString","coordinates":[[-73.11473,-40.57641],[-73.11462,-40.57621]]}},{"type":"Feature","properties":{"nombre":"Buenos Aires","jerarquia":5},"geometry":{"type":"LineString","coordinates":[[-73.11462,-40.57621],[-73.11459,-40.57615]]}},{"type":"Feature","properties":{"nombre":"Pedro Aguirre Cerda","jerarquia":5},"geometry":{"type":"LineString","coordinates":[[-73.11078,-40.56909],[-73.11083,-40.56924]]}},{"type":"Feature","properties":{"nombre":"Pedro Aguirre Cerda","jerarquia":5},"geometry":{"type":"LineString","coordinates":[[-73.11083,-40.56924],[-73.11094,-40.56952]]}},{"type":"Feature","properties":{"nombre":"Pedro Aguirre Cerda","jerarquia":5},"geometry":{"type":"LineString","coordinates":[[-73.11094,-40.56952],[-73.11102,-40.5696]]}},{"type":"Feature","properties":{"nombre":"Pedro Aguirre Cerda","jerarquia":5},"geometry":{"type":"LineString","coordinates":[[-73.11102,-40.5696],[-73.11109,-40.5699]]}},{"type":"Feature","properties":{"nombre":"Pedro Aguirre Cerda","jerarquia":5},"geometry":{"type":"LineString","coordinates":[[-73.11109,-40.5699],[-73.11119,-40.57018]]}},{"type":"Feature","properties":{"nombre":"Pedro Aguirre Cerda","jerarquia":5},"geometry":{"type":"LineString","coordinates":[[-73.11119,-40.57018],[-73.11134,-40.57059]]}},{"type":"Feature","properties":{"nombre":"Pedro Aguirre Cerda","jerarquia":5},"geometry":{"type":"LineString","coordinates":[[-73.11134,-40.57059],[-73.11144,-40.57086]]}},{"type":"Feature","properties":{"nombre":"Pedro Aguirre Cerda","jerarquia":5},"geometry":{"type":"LineString","coordinates":[[-73.11144,-40.57086],[-73.1118,-40.5718]]}},{"type":"Feature","properties":{"nombre":"Pedro Aguirre Cerda","jerarquia":5},"geometry":{"type":"LineString","coordinates":[[-73.1118,-40.5718],[-73.11185,-40.57194]]}},{"type":"Feature","properties":{"nombre":"Pedro Aguirre Cerda","jerarquia":5},"geometry":{"type":"LineString","coordinates":[[-73.11185,-40.57194],[-73.11187,-40.57201]]}},{"type":"Feature","properties":{"nombre":"Pedro Aguirre Cerda","jerarquia":5},"geometry":{"type":"LineString","coordinates":[[-73.11187,-40.57201],[-73.11206,-40.57253]]}},{"type":"Feature","properties":{"nombre":"Virgen del Socorro","jerarquia":5},"geometry":{"type":"LineString","coordinates":[[-73.11223,-40.56887],[-73.11255,-40.56813],[-73.11266,-40.56803],[-73.11282,-40.56799],[-73.11358,-40.56815]]}},{"type":"Feature","properties":{"nombre":"El Monasterio","jerarquia":5},"geometry":{"type":"LineString","coordinates":[[-73.11358,-40.56815],[-73.11389,-40.56729],[-73.11378,-40.56713],[-73.11217,-40.56682],[-73.11099,-40.56672],[-73.11048,-40.56657]]}},{"type":"Feature","properties":{"nombre":"El Monasterio","jerarquia":5},"geometry":{"type":"LineString","coordinates":[[-73.11048,-40.56657],[-73.10967,-40.56641]]}},{"type":"Feature","properties":{"nombre":"Fray Juan de Ibarguen","jerarquia":5},"geometry":{"type":"LineString","coordinates":[[-73.10967,-40.56641],[-73.11024,-40.56468]]}},{"type":"Feature","properties":{"nombre":"Fray Juan de Ibarguen","jerarquia":5},"geometry":{"type":"LineString","coordinates":[[-73.11024,-40.56468],[-73.11059,-40.56361]]}},{"type":"Feature","properties":{"nombre":"Fray Juan de Ibarguen","jerarquia":5},"geometry":{"type":"LineString","coordinates":[[-73.11059,-40.56361],[-73.11093,-40.56257]]}},{"type":"Feature","properties":{"nombre":"Federico Errázuriz","jerarquia":5},"geometry":{"type":"LineString","coordinates":[[-73.12974,-40.5731],[-73.1277,-40.57321]]}},{"type":"Feature","properties":{"nombre":"Federico Errázuriz","jerarquia":5},"geometry":{"type":"LineString","coordinates":[[-73.1277,-40.57321],[-73.12762,-40.57321]]}},{"type":"Feature","properties":{"nombre":"Ruta 5 Sur","jerarquia":1},"geometry":{"type":"LineString","coordinates":[[-73.09788,-40.58578],[-73.09787,-40.58643]]}},{"type":"Feature","properties":{"nombre":"Ruta 5 Sur","jerarquia":1},"geometry":{"type":"LineString","coordinates":[[-73.09788,-40.58963],[-73.09801,-40.59053],[-73.09842,-40.59187]]}},{"type":"Feature","properties":{"nombre":"Ruta 5 Sur","jerarquia":1},"geometry":{"type":"LineString","coordinates":[[-73.09775,-40.58643],[-73.09774,-40.58579]]}},{"type":"Feature","properties":{"nombre":"Ruta 5 Sur","jerarquia":1},"geometry":{"type":"LineString","coordinates":[[-73.09775,-40.58473],[-73.09777,-40.57831]]}},{"type":"Feature","properties":{"nombre":"Camino Tacamó - Las Carretas","jerarquia":5},"geometry":{"type":"LineString","coordinates":[[-73.04982,-40.62945],[-73.04904,-40.62948]]}},{"type":"Feature","properties":{"nombre":"Camino Tacamó - Las Carretas","jerarquia":5},"geometry":{"type":"LineString","coordinates":[[-73.04904,-40.62948],[-73.04657,-40.62963],[-73.04614,-40.62961],[-73.04454,-40.62914],[-73.04419,-40.62911],[-73.0434,-40.62931],[-73.04216,-40.62946]]}},{"type":"Feature","properties":{"nombre":"Avenida Julio Buschmann","jerarquia":3},"geometry":{"type":"LineString","coordinates":[[-73.09841,-40.58143],[-73.09884,-40.58134],[-73.09923,-40.58119],[-73.10003,-40.58064]]}},{"type":"Feature","properties":{"nombre":"Avenida 18 de Septiembre","jerarquia":5},"geometry":{"type":"LineString","coordinates":[[-73.10983,-40.58062],[-73.10907,-40.57965]]}},{"type":"Feature","properties":{"nombre":"Avenida 18 de Septiembre","jerarquia":5},"geometry":{"type":"LineString","coordinates":[[-73.10907,-40.57965],[-73.10897,-40.57951]]}},{"type":"Feature","properties":{"nombre":"Avenida 18 de Septiembre","jerarquia":5},"geometry":{"type":"LineString","coordinates":[[-73.10897,-40.57951],[-73.10775,-40.57791]]}},{"type":"Feature","properties":{"nombre":"Río Toltén","jerarquia":5},"geometry":{"type":"LineString","coordinates":[[-73.10341,-40.57019],[-73.10396,-40.57054]]}},{"type":"Feature","properties":{"nombre":"Río Toltén","jerarquia":5},"geometry":{"type":"LineString","coordinates":[[-73.10396,-40.57054],[-73.10444,-40.57084]]}},{"type":"Feature","properties":{"nombre":"Río Toltén","jerarquia":5},"geometry":{"type":"LineString","coordinates":[[-73.10444,-40.57084],[-73.10489,-40.57117]]}},{"type":"Feature","properties":{"nombre":"Río Toltén","jerarquia":5},"geometry":{"type":"LineString","coordinates":[[-73.10489,-40.57117],[-73.10493,-40.57125]]}},{"type":"Feature","properties":{"nombre":"Puente Los Notros","jerarquia":5},"geometry":{"type":"LineString","coordinates":[[-73.10513,-40.5718],[-73.10493,-40.57125]]}},{"type":"Feature","properties":{"nombre":"Diego de Almagro","jerarquia":4},"geometry":{"type":"LineString","coordinates":[[-73.11302,-40.58694],[-73.11382,-40.58758]]}},{"type":"Feature","properties":{"nombre":"Diego de Almagro","jerarquia":4},"geometry":{"type":"LineString","coordinates":[[-73.11382,-40.58758],[-73.11455,-40.58818]]}},{"type":"Feature","properties":{"nombre":"Diego de Almagro","jerarquia":4},"geometry":{"type":"LineString","coordinates":[[-73.11455,-40.58818],[-73.1148,-40.58837]]}},{"type":"Feature","properties":{"nombre":"Diego de Almagro","jerarquia":4},"geometry":{"type":"LineString","coordinates":[[-73.1148,-40.58837],[-73.11536,-40.58883]]}},{"type":"Feature","properties":{"nombre":"Diego de Almagro","jerarquia":4},"geometry":{"type":"LineString","coordinates":[[-73.11536,-40.58883],[-73.11589,-40.58925]]}},{"type":"Feature","properties":{"nombre":"Diego de Almagro","jerarquia":4},"geometry":{"type":"LineString","coordinates":[[-73.11589,-40.58925],[-73.11627,-40.58956]]}},{"type":"Feature","properties":{"nombre":"Diego de Almagro","jerarquia":4},"geometry":{"type":"LineString","coordinates":[[-73.11627,-40.58956],[-73.11657,-40.58981]]}},{"type":"Feature","properties":{"nombre":"Diego de Almagro","jerarquia":4},"geometry":{"type":"LineString","coordinates":[[-73.11657,-40.58981],[-73.11667,-40.58988]]}},{"type":"Feature","properties":{"nombre":"Avenida Ignacio Zenteno","jerarquia":4},"geometry":{"type":"LineString","coordinates":[[-73.11516,-40.59115],[-73.11419,-40.59182]]}},{"type":"Feature","properties":{"nombre":"Avenida Ignacio Zenteno","jerarquia":4},"geometry":{"type":"LineString","coordinates":[[-73.11419,-40.59182],[-73.11256,-40.59296]]}},{"type":"Feature","properties":{"nombre":"Avenida Francia","jerarquia":5},"geometry":{"type":"LineString","coordinates":[[-73.11602,-40.59589],[-73.11732,-40.59632]]}},{"type":"Feature","properties":{"nombre":"Ruta 5 Sur","jerarquia":1},"geometry":{"type":"LineString","coordinates":[[-73.09376,-40.55266],[-73.0961,-40.55512],[-73.09684,-40.55607]]}},{"type":"Feature","properties":{"nombre":"","jerarquia":1},"geometry":{"type":"LineString","coordinates":[[-73.09672,-40.56105],[-73.09668,-40.56122],[-73.09671,-40.56133],[-73.09682,-40.56148],[-73.09695,-40.56156],[-73.09718,-40.56162],[-73.09803,-40.56163]]}},{"type":"Feature","properties":{"nombre":"","jerarquia":1},"geometry":{"type":"LineString","coordinates":[[-73.09672,-40.56105],[-73.09691,-40.56073],[-73.09743,-40.56013],[-73.09763,-40.55975],[-73.09774,-40.5593],[-73.09776,-40.55853]]}},{"type":"Feature","properties":{"nombre":"","jerarquia":2},"geometry":{"type":"LineString","coordinates":[[-73.08353,-40.58858],[-73.08407,-40.58816]]}},{"type":"Feature","properties":{"nombre":"","jerarquia":1},"geometry":{"type":"LineString","coordinates":[[-73.09835,-40.56081],[-73.09852,-40.56108],[-73.09887,-40.56137],[-73.09985,-40.56176]]}},{"type":"Feature","properties":{"nombre":"Ruta 5 Sur","jerarquia":1},"geometry":{"type":"LineString","coordinates":[[-73.09811,-40.5619],[-73.0981,-40.56498]]}},{"type":"Feature","properties":{"nombre":"Ruta 5 Sur","jerarquia":1},"geometry":{"type":"LineString","coordinates":[[-73.09811,-40.56142],[-73.09811,-40.5619]]}},{"type":"Feature","properties":{"nombre":"Ruta 5 Sur","jerarquia":1},"geometry":{"type":"LineString","coordinates":[[-73.09793,-40.56187],[-73.09793,-40.5614]]}},{"type":"Feature","properties":{"nombre":"Ruta 5 Sur","jerarquia":1},"geometry":{"type":"LineString","coordinates":[[-73.09792,-40.55966],[-73.09776,-40.55853]]}},{"type":"Feature","properties":{"nombre":"","jerarquia":1},"geometry":{"type":"LineString","coordinates":[[-73.09793,-40.56125],[-73.09788,-40.56105],[-73.09779,-40.56093],[-73.09766,-40.56084],[-73.09742,-40.56076],[-73.097,-40.56081],[-73.09672,-40.56105]]}},{"type":"Feature","properties":{"nombre":"","jerarquia":1},"geometry":{"type":"LineString","coordinates":[[-73.10034,-40.56201],[-73.0995,-40.56174]]}},{"type":"Feature","properties":{"nombre":"","jerarquia":1},"geometry":{"type":"LineString","coordinates":[[-73.0995,-40.56174],[-73.09907,-40.56165]]}},{"type":"Feature","properties":{"nombre":"Pilauco","jerarquia":3},"geometry":{"type":"LineString","coordinates":[[-73.09985,-40.56176],[-73.10065,-40.56201]]}},{"type":"Feature","properties":{"nombre":"Virgen del Socorro","jerarquia":5},"geometry":{"type":"LineString","coordinates":[[-73.11204,-40.56931],[-73.11223,-40.56887]]}},{"type":"Feature","properties":{"nombre":"Puente Los Notros","jerarquia":5},"geometry":{"type":"LineString","coordinates":[[-73.10513,-40.5718],[-73.1054,-40.57206]]}},{"type":"Feature","properties":{"nombre":"Gregorio Argomedo","jerarquia":4},"geometry":{"type":"LineString","coordinates":[[-73.10549,-40.58013],[-73.10524,-40.57981]]}},{"type":"Feature","properties":{"nombre":"Gregorio Argomedo","jerarquia":4},"geometry":{"type":"LineString","coordinates":[[-73.10524,-40.57981],[-73.10432,-40.57876]]}},{"type":"Feature","properties":{"nombre":"Gregorio Argomedo","jerarquia":4},"geometry":{"type":"LineString","coordinates":[[-73.10432,-40.57876],[-73.10424,-40.57866]]}},{"type":"Feature","properties":{"nombre":"Wenceslao Ramos","jerarquia":5},"geometry":{"type":"LineString","coordinates":[[-73.12697,-40.58445],[-73.12669,-40.58406]]}},{"type":"Feature","properties":{"nombre":"Wenceslao Ramos","jerarquia":5},"geometry":{"type":"LineString","coordinates":[[-73.12669,-40.58406],[-73.12648,-40.58375]]}},{"type":"Feature","properties":{"nombre":"Wenceslao Ramos","jerarquia":5},"geometry":{"type":"LineString","coordinates":[[-73.12648,-40.58375],[-73.12622,-40.58339]]}},{"type":"Feature","properties":{"nombre":"Avenida Francia","jerarquia":4},"geometry":{"type":"LineString","coordinates":[[-73.11062,-40.59419],[-73.1096,-40.59385]]}},{"type":"Feature","properties":{"nombre":"Avenida Francia","jerarquia":4},"geometry":{"type":"LineString","coordinates":[[-73.1096,-40.59385],[-73.10907,-40.59367]]}},{"type":"Feature","properties":{"nombre":"Avenida Francia","jerarquia":4},"geometry":{"type":"LineString","coordinates":[[-73.10213,-40.5886],[-73.10277,-40.58903]]}},{"type":"Feature","properties":{"nombre":"José Joaquín Pérez","jerarquia":4},"geometry":{"type":"LineString","coordinates":[[-73.14309,-40.57214],[-73.14266,-40.5729]]}},{"type":"Feature","properties":{"nombre":"José Joaquín Pérez","jerarquia":4},"geometry":{"type":"LineString","coordinates":[[-73.14266,-40.5729],[-73.14277,-40.57313]]}},{"type":"Feature","properties":{"nombre":"José Joaquín Pérez","jerarquia":4},"geometry":{"type":"LineString","coordinates":[[-73.14277,-40.57313],[-73.14279,-40.57319]]}},{"type":"Feature","properties":{"nombre":"Ruta 215 CH","jerarquia":2},"geometry":{"type":"LineString","coordinates":[[-73.05699,-40.60261],[-73.0573,-40.60244]]}},{"type":"Feature","properties":{"nombre":"Ruta 215 CH","jerarquia":2},"geometry":{"type":"LineString","coordinates":[[-73.0573,-40.60244],[-73.05819,-40.60189],[-73.05902,-40.60145]]}},{"type":"Feature","properties":{"nombre":"Ruta 215 CH","jerarquia":2},"geometry":{"type":"LineString","coordinates":[[-73.05583,-40.60326],[-73.05401,-40.60413]]}},{"type":"Feature","properties":{"nombre":"Ruta U-55-V","jerarquia":3},"geometry":{"type":"LineString","coordinates":[[-73.09546,-40.60078],[-73.0945,-40.60242]]}},{"type":"Feature","properties":{"nombre":"Ruta U-55-V","jerarquia":3},"geometry":{"type":"LineString","coordinates":[[-73.0945,-40.60242],[-73.09439,-40.60262]]}},{"type":"Feature","properties":{"nombre":"Ruta U-55-V","jerarquia":3},"geometry":{"type":"LineString","coordinates":[[-73.09439,-40.60262],[-73.09254,-40.60529],[-73.09217,-40.60615],[-73.0919,-40.60733]]}},{"type":"Feature","properties":{"nombre":"Ruta U-55-V","jerarquia":3},"geometry":{"type":"LineString","coordinates":[[-73.0919,-40.60733],[-73.09144,-40.6094],[-73.09092,-40.61126],[-73.09044,-40.61263],[-73.0901,-40.61345],[-73.08973,-40.61412],[-73.08823,-40.61595]]}},{"type":"Feature","properties":{"nombre":"Ruta U-55-V","jerarquia":3},"geometry":{"type":"LineString","coordinates":[[-73.08823,-40.61595],[-73.08706,-40.61711],[-73.08651,-40.61757]]}},{"type":"Feature","properties":{"nombre":"Ruta U-55-V","jerarquia":3},"geometry":{"type":"LineString","coordinates":[[-73.08651,-40.61757],[-73.08448,-40.61935],[-73.08383,-40.61979],[-73.08137,-40.62113]]}},{"type":"Feature","properties":{"nombre":"Ruta U-55-V","jerarquia":3},"geometry":{"type":"LineString","coordinates":[[-73.08137,-40.62113],[-73.07883,-40.62256]]}},{"type":"Feature","properties":{"nombre":"Ruta U-55-V","jerarquia":3},"geometry":{"type":"LineString","coordinates":[[-73.07883,-40.62256],[-73.07863,-40.62265]]}},{"type":"Feature","properties":{"nombre":"Ruta U-55-V","jerarquia":3},"geometry":{"type":"LineString","coordinates":[[-73.07863,-40.62265],[-73.07677,-40.62366]]}},{"type":"Feature","properties":{"nombre":"Ruta U-55-V","jerarquia":3},"geometry":{"type":"LineString","coordinates":[[-73.07677,-40.62366],[-73.07372,-40.6254],[-73.07289,-40.62604],[-73.06947,-40.62921]]}},{"type":"Feature","properties":{"nombre":"Ruta U-55-V","jerarquia":3},"geometry":{"type":"LineString","coordinates":[[-73.06947,-40.62921],[-73.06724,-40.63134]]}},{"type":"Feature","properties":{"nombre":"Ruta U-55-V","jerarquia":3},"geometry":{"type":"LineString","coordinates":[[-73.06724,-40.63134],[-73.0648,-40.63371]]}},{"type":"Feature","properties":{"nombre":"Ruta U-55-V","jerarquia":3},"geometry":{"type":"LineString","coordinates":[[-73.0648,-40.63371],[-73.06218,-40.63615]]}},{"type":"Feature","properties":{"nombre":"Ruta U-55-V","jerarquia":3},"geometry":{"type":"LineString","coordinates":[[-73.06218,-40.63615],[-73.06103,-40.63726],[-73.05978,-40.63822]]}},{"type":"Feature","properties":{"nombre":"Ruta U-55-V","jerarquia":3},"geometry":{"type":"LineString","coordinates":[[-73.05978,-40.63822],[-73.05601,-40.64024],[-73.05563,-40.64047],[-73.05502,-40.64099],[-73.05441,-40.64185],[-73.05248,-40.64586]]}},{"type":"Feature","properties":{"nombre":"Avenida Ignacio Zenteno","jerarquia":4},"geometry":{"type":"LineString","coordinates":[[-73.11507,-40.59108],[-73.11561,-40.59069]]}},{"type":"Feature","properties":{"nombre":"Avenida Guillermo Bühler","jerarquia":4},"geometry":{"type":"LineString","coordinates":[[-73.12369,-40.59449],[-73.12331,-40.59556],[-73.12322,-40.59612]]}},{"type":"Feature","properties":{"nombre":"Diego de Almagro","jerarquia":4},"geometry":{"type":"LineString","coordinates":[[-73.12374,-40.5944],[-73.12251,-40.59385]]}},{"type":"Feature","properties":{"nombre":"Diego de Almagro","jerarquia":4},"geometry":{"type":"LineString","coordinates":[[-73.12251,-40.59385],[-73.12113,-40.59322]]}},{"type":"Feature","properties":{"nombre":"Avenida 18 de Septiembre","jerarquia":5},"geometry":{"type":"LineString","coordinates":[[-73.12155,-40.59024],[-73.1213,-40.59001]]}},{"type":"Feature","properties":{"nombre":"Avenida 18 de Septiembre","jerarquia":5},"geometry":{"type":"LineString","coordinates":[[-73.1213,-40.59001],[-73.12106,-40.58975]]}},{"type":"Feature","properties":{"nombre":"Avenida 18 de Septiembre","jerarquia":5},"geometry":{"type":"LineString","coordinates":[[-73.12106,-40.58975],[-73.12082,-40.5895]]}},{"type":"Feature","properties":{"nombre":"Avenida 18 de Septiembre","jerarquia":5},"geometry":{"type":"LineString","coordinates":[[-73.12082,-40.5895],[-73.12074,-40.58941]]}},{"type":"Feature","properties":{"nombre":"Avenida 18 de Septiembre","jerarquia":5},"geometry":{"type":"LineString","coordinates":[[-73.12074,-40.58941],[-73.12025,-40.58888]]}},{"type":"Feature","properties":{"nombre":"Avenida 18 de Septiembre","jerarquia":5},"geometry":{"type":"LineString","coordinates":[[-73.12025,-40.58888],[-73.11991,-40.58851]]}},{"type":"Feature","properties":{"nombre":"Avenida 18 de Septiembre","jerarquia":5},"geometry":{"type":"LineString","coordinates":[[-73.11991,-40.58851],[-73.11967,-40.58825]]}},{"type":"Feature","properties":{"nombre":"Avenida 18 de Septiembre","jerarquia":5},"geometry":{"type":"LineString","coordinates":[[-73.11967,-40.58825],[-73.11954,-40.58811]]}},{"type":"Feature","properties":{"nombre":"Avenida 18 de Septiembre","jerarquia":5},"geometry":{"type":"LineString","coordinates":[[-73.11954,-40.58811],[-73.11913,-40.58767]]}},{"type":"Feature","properties":{"nombre":"Avenida 18 de Septiembre","jerarquia":5},"geometry":{"type":"LineString","coordinates":[[-73.11913,-40.58767],[-73.11908,-40.58762]]}},{"type":"Feature","properties":{"nombre":"Camino Las Quemas - Osorno","jerarquia":4},"geometry":{"type":"LineString","coordinates":[[-73.12502,-40.60428],[-73.12482,-40.60408],[-73.12431,-40.60384],[-73.12413,-40.60371],[-73.12383,-40.60331],[-73.12379,-40.60299],[-73.124,-40.60238],[-73.12402,-40.60211]]}},{"type":"Feature","properties":{"nombre":"Camino Las Quemas - Osorno","jerarquia":4},"geometry":{"type":"LineString","coordinates":[[-73.12402,-40.60211],[-73.12394,-40.60154],[-73.12371,-40.60054]]}},{"type":"Feature","properties":{"nombre":"Arturo Prat","jerarquia":5},"geometry":{"type":"LineString","coordinates":[[-73.12995,-40.57004],[-73.12993,-40.57108]]}},{"type":"Feature","properties":{"nombre":"Arturo Prat","jerarquia":5},"geometry":{"type":"LineString","coordinates":[[-73.12993,-40.57108],[-73.12985,-40.57211]]}},{"type":"Feature","properties":{"nombre":"Camino Las Quemas - Osorno","jerarquia":4},"geometry":{"type":"LineString","coordinates":[[-73.12455,-40.60545],[-73.12468,-40.60524]]}},{"type":"Feature","properties":{"nombre":"Santiago Rosas","jerarquia":5},"geometry":{"type":"LineString","coordinates":[[-73.12077,-40.59139],[-73.1204,-40.59192]]}},{"type":"Feature","properties":{"nombre":"Santiago Rosas","jerarquia":5},"geometry":{"type":"LineString","coordinates":[[-73.1204,-40.59192],[-73.12005,-40.59241]]}},{"type":"Feature","properties":{"nombre":"Santiago Rosas","jerarquia":5},"geometry":{"type":"LineString","coordinates":[[-73.12005,-40.59241],[-73.12002,-40.59247]]}},{"type":"Feature","properties":{"nombre":"Avenida Julio Buschmann","jerarquia":3},"geometry":{"type":"LineString","coordinates":[[-73.10393,-40.57879],[-73.10306,-40.57919]]}},{"type":"Feature","properties":{"nombre":"","jerarquia":4},"geometry":{"type":"LineString","coordinates":[[-73.11162,-40.57677],[-73.11168,-40.57672]]}},{"type":"Feature","properties":{"nombre":"","jerarquia":4},"geometry":{"type":"LineString","coordinates":[[-73.11168,-40.57672],[-73.11175,-40.57671]]}},{"type":"Feature","properties":{"nombre":"Los Pellines","jerarquia":5},"geometry":{"type":"LineString","coordinates":[[-73.10895,-40.56901],[-73.11037,-40.56888],[-73.11065,-40.56893],[-73.11078,-40.56909]]}},{"type":"Feature","properties":{"nombre":"Nueva Juan Mackenna","jerarquia":3},"geometry":{"type":"LineString","coordinates":[[-73.13659,-40.57516],[-73.13615,-40.57516]]}},{"type":"Feature","properties":{"nombre":"Nueva Juan Mackenna","jerarquia":3},"geometry":{"type":"LineString","coordinates":[[-73.13615,-40.57516],[-73.13493,-40.57521]]}},{"type":"Feature","properties":{"nombre":"Nueva Juan Mackenna","jerarquia":3},"geometry":{"type":"LineString","coordinates":[[-73.13493,-40.57521],[-73.13481,-40.57521]]}},{"type":"Feature","properties":{"nombre":"Amador Barrientos","jerarquia":5},"geometry":{"type":"LineString","coordinates":[[-73.11473,-40.57641],[-73.11366,-40.5771]]}},{"type":"Feature","properties":{"nombre":"Amador Barrientos","jerarquia":5},"geometry":{"type":"LineString","coordinates":[[-73.11366,-40.5771],[-73.11314,-40.57762]]}},{"type":"Feature","properties":{"nombre":"Amador Barrientos","jerarquia":5},"geometry":{"type":"LineString","coordinates":[[-73.11314,-40.57762],[-73.11299,-40.5778]]}},{"type":"Feature","properties":{"nombre":"Amador Barrientos","jerarquia":5},"geometry":{"type":"LineString","coordinates":[[-73.11299,-40.5778],[-73.11286,-40.57797]]}},{"type":"Feature","properties":{"nombre":"Amador Barrientos","jerarquia":5},"geometry":{"type":"LineString","coordinates":[[-73.11286,-40.57797],[-73.1128,-40.57805]]}},{"type":"Feature","properties":{"nombre":"Buenos Aires","jerarquia":5},"geometry":{"type":"LineString","coordinates":[[-73.11647,-40.57823],[-73.11641,-40.57818]]}},{"type":"Feature","properties":{"nombre":"Buenos Aires","jerarquia":5},"geometry":{"type":"LineString","coordinates":[[-73.11641,-40.57818],[-73.11637,-40.57814]]}},{"type":"Feature","properties":{"nombre":"Los Boldos","jerarquia":5},"geometry":{"type":"LineString","coordinates":[[-73.15425,-40.56036],[-73.15432,-40.56081]]}},{"type":"Feature","properties":{"nombre":"Los Boldos","jerarquia":5},"geometry":{"type":"LineString","coordinates":[[-73.15432,-40.56081],[-73.15441,-40.56133]]}},{"type":"Feature","properties":{"nombre":"Los Boldos","jerarquia":5},"geometry":{"type":"LineString","coordinates":[[-73.15441,-40.56133],[-73.15448,-40.56177]]}},{"type":"Feature","properties":{"nombre":"Los Boldos","jerarquia":5},"geometry":{"type":"LineString","coordinates":[[-73.15448,-40.56177],[-73.15456,-40.56224]]}},{"type":"Feature","properties":{"nombre":"Los Boldos","jerarquia":5},"geometry":{"type":"LineString","coordinates":[[-73.15456,-40.56224],[-73.15463,-40.56269]]}},{"type":"Feature","properties":{"nombre":"Los Boldos","jerarquia":5},"geometry":{"type":"LineString","coordinates":[[-73.15463,-40.56269],[-73.15472,-40.56323]]}},{"type":"Feature","properties":{"nombre":"Francisco del Campo","jerarquia":5},"geometry":{"type":"LineString","coordinates":[[-73.14649,-40.58041],[-73.14654,-40.58057]]}},{"type":"Feature","properties":{"nombre":"Francisco del Campo","jerarquia":5},"geometry":{"type":"LineString","coordinates":[[-73.14654,-40.58057],[-73.14666,-40.58077]]}},{"type":"Feature","properties":{"nombre":"Guillermo Francke","jerarquia":4},"geometry":{"type":"LineString","coordinates":[[-73.14555,-40.5708],[-73.14582,-40.57058]]}},{"type":"Feature","properties":{"nombre":"Guillermo Francke","jerarquia":4},"geometry":{"type":"LineString","coordinates":[[-73.14582,-40.57058],[-73.14608,-40.57032]]}},{"type":"Feature","properties":{"nombre":"Guillermo Francke","jerarquia":4},"geometry":{"type":"LineString","coordinates":[[-73.14608,-40.57032],[-73.14615,-40.5702]]}},{"type":"Feature","properties":{"nombre":"Avenida Victoria","jerarquia":4},"geometry":{"type":"LineString","coordinates":[[-73.1577,-40.57403],[-73.15777,-40.57483]]}},{"type":"Feature","properties":{"nombre":"Avenida Victoria","jerarquia":4},"geometry":{"type":"LineString","coordinates":[[-73.15777,-40.57483],[-73.15784,-40.57569]]}},{"type":"Feature","properties":{"nombre":"Avenida Victoria","jerarquia":4},"geometry":{"type":"LineString","coordinates":[[-73.15784,-40.57569],[-73.15787,-40.57612]]}},{"type":"Feature","properties":{"nombre":"Avenida Victoria","jerarquia":4},"geometry":{"type":"LineString","coordinates":[[-73.15787,-40.57612],[-73.15797,-40.57741]]}},{"type":"Feature","properties":{"nombre":"Los Melies","jerarquia":5},"geometry":{"type":"LineString","coordinates":[[-73.15556,-40.56314],[-73.15491,-40.56321]]}},{"type":"Feature","properties":{"nombre":"Los Melies","jerarquia":5},"geometry":{"type":"LineString","coordinates":[[-73.15491,-40.56321],[-73.15472,-40.56323]]}},{"type":"Feature","properties":{"nombre":"Los Melies","jerarquia":5},"geometry":{"type":"LineString","coordinates":[[-73.15472,-40.56323],[-73.15441,-40.56326]]}},{"type":"Feature","properties":{"nombre":"Los Melies","jerarquia":5},"geometry":{"type":"LineString","coordinates":[[-73.15441,-40.56326],[-73.1541,-40.56329]]}},{"type":"Feature","properties":{"nombre":"Los Melies","jerarquia":5},"geometry":{"type":"LineString","coordinates":[[-73.1541,-40.56329],[-73.1539,-40.56331]]}},{"type":"Feature","properties":{"nombre":"Los Melies","jerarquia":5},"geometry":{"type":"LineString","coordinates":[[-73.1539,-40.56331],[-73.153,-40.5634]]}},{"type":"Feature","properties":{"nombre":"Los Melies","jerarquia":5},"geometry":{"type":"LineString","coordinates":[[-73.153,-40.5634],[-73.15249,-40.56345]]}},{"type":"Feature","properties":{"nombre":"Santiago Hott","jerarquia":5},"geometry":{"type":"LineString","coordinates":[[-73.14206,-40.58098],[-73.14235,-40.5801]]}},{"type":"Feature","properties":{"nombre":"Santiago Hott","jerarquia":5},"geometry":{"type":"LineString","coordinates":[[-73.14235,-40.5801],[-73.14236,-40.58009]]}},{"type":"Feature","properties":{"nombre":"Blanco Encalada","jerarquia":4},"geometry":{"type":"LineString","coordinates":[[-73.14404,-40.57161],[-73.14309,-40.57214]]}},{"type":"Feature","properties":{"nombre":"Blanco Encalada","jerarquia":4},"geometry":{"type":"LineString","coordinates":[[-73.145,-40.5711],[-73.14555,-40.5708]]}},{"type":"Feature","properties":{"nombre":"Avenida César Ercilla","jerarquia":5},"geometry":{"type":"LineString","coordinates":[[-73.10895,-40.56901],[-73.1091,-40.56943]]}},{"type":"Feature","properties":{"nombre":"Avenida César Ercilla","jerarquia":5},"geometry":{"type":"LineString","coordinates":[[-73.1091,-40.56943],[-73.10919,-40.56966]]}},{"type":"Feature","properties":{"nombre":"Avenida César Ercilla","jerarquia":5},"geometry":{"type":"LineString","coordinates":[[-73.10919,-40.56966],[-73.10922,-40.56974]]}},{"type":"Feature","properties":{"nombre":"Avenida César Ercilla","jerarquia":5},"geometry":{"type":"LineString","coordinates":[[-73.10922,-40.56974],[-73.10936,-40.57011]]}},{"type":"Feature","properties":{"nombre":"Avenida César Ercilla","jerarquia":5},"geometry":{"type":"LineString","coordinates":[[-73.10936,-40.57011],[-73.10946,-40.57037]]}},{"type":"Feature","properties":{"nombre":"Avenida César Ercilla","jerarquia":5},"geometry":{"type":"LineString","coordinates":[[-73.10946,-40.57037],[-73.10947,-40.5704]]}},{"type":"Feature","properties":{"nombre":"Avenida César Ercilla","jerarquia":5},"geometry":{"type":"LineString","coordinates":[[-73.10947,-40.5704],[-73.1096,-40.57077]]}},{"type":"Feature","properties":{"nombre":"Avenida César Ercilla","jerarquia":5},"geometry":{"type":"LineString","coordinates":[[-73.1096,-40.57077],[-73.10972,-40.57106]]}},{"type":"Feature","properties":{"nombre":"Avenida César Ercilla","jerarquia":5},"geometry":{"type":"LineString","coordinates":[[-73.10972,-40.57106],[-73.10992,-40.5716]]}},{"type":"Feature","properties":{"nombre":"Avenida César Ercilla","jerarquia":5},"geometry":{"type":"LineString","coordinates":[[-73.10992,-40.5716],[-73.11011,-40.5721]]}},{"type":"Feature","properties":{"nombre":"Avenida César Ercilla","jerarquia":5},"geometry":{"type":"LineString","coordinates":[[-73.11011,-40.5721],[-73.1102,-40.57232]]}},{"type":"Feature","properties":{"nombre":"Avenida César Ercilla","jerarquia":5},"geometry":{"type":"LineString","coordinates":[[-73.1102,-40.57232],[-73.11026,-40.57248]]}},{"type":"Feature","properties":{"nombre":"Avenida César Ercilla","jerarquia":5},"geometry":{"type":"LineString","coordinates":[[-73.11026,-40.57248],[-73.11037,-40.57278]]}},{"type":"Feature","properties":{"nombre":"Avenida César Ercilla","jerarquia":5},"geometry":{"type":"LineString","coordinates":[[-73.11037,-40.57278],[-73.11043,-40.57292]]}},{"type":"Feature","properties":{"nombre":"Avenida César Ercilla","jerarquia":5},"geometry":{"type":"LineString","coordinates":[[-73.11043,-40.57292],[-73.11051,-40.57316]]}},{"type":"Feature","properties":{"nombre":"Avenida César Ercilla","jerarquia":5},"geometry":{"type":"LineString","coordinates":[[-73.11051,-40.57316],[-73.11061,-40.57342]]}},{"type":"Feature","properties":{"nombre":"Avenida César Ercilla","jerarquia":5},"geometry":{"type":"LineString","coordinates":[[-73.11061,-40.57342],[-73.11068,-40.57359]]}},{"type":"Feature","properties":{"nombre":"Avenida César Ercilla","jerarquia":5},"geometry":{"type":"LineString","coordinates":[[-73.11068,-40.57359],[-73.11082,-40.57393]]}},{"type":"Feature","properties":{"nombre":"Inés de Suárez","jerarquia":4},"geometry":{"type":"LineString","coordinates":[[-73.1399,-40.57972],[-73.13976,-40.5797]]}},{"type":"Feature","properties":{"nombre":"","jerarquia":4},"geometry":{"type":"LineString","coordinates":[[-73.1148,-40.58837],[-73.11468,-40.58845]]}},{"type":"Feature","properties":{"nombre":"Buenos Aires","jerarquia":5},"geometry":{"type":"LineString","coordinates":[[-73.11473,-40.57641],[-73.11458,-40.57622]]}},{"type":"Feature","properties":{"nombre":"Buenos Aires","jerarquia":5},"geometry":{"type":"LineString","coordinates":[[-73.11458,-40.57622],[-73.11454,-40.57616]]}},{"type":"Feature","properties":{"nombre":"","jerarquia":3},"geometry":{"type":"LineString","coordinates":[[-73.11204,-40.58148],[-73.11199,-40.58143]]}},{"type":"Feature","properties":{"nombre":"","jerarquia":3},"geometry":{"type":"LineString","coordinates":[[-73.11199,-40.58143],[-73.11191,-40.58136]]}},{"type":"Feature","properties":{"nombre":"","jerarquia":3},"geometry":{"type":"LineString","coordinates":[[-73.11191,-40.58136],[-73.11183,-40.58129]]}},{"type":"Feature","properties":{"nombre":"","jerarquia":5},"geometry":{"type":"LineString","coordinates":[[-73.10708,-40.57644],[-73.10689,-40.57649]]}},{"type":"Feature","properties":{"nombre":"","jerarquia":5},"geometry":{"type":"LineString","coordinates":[[-73.1064,-40.57467],[-73.10622,-40.57471]]}},{"type":"Feature","properties":{"nombre":"Guillermo Schencke","jerarquia":5},"geometry":{"type":"LineString","coordinates":[[-73.15859,-40.58534],[-73.15925,-40.58522],[-73.15998,-40.58502],[-73.16021,-40.58491]]}},{"type":"Feature","properties":{"nombre":"Guillermo Schencke","jerarquia":5},"geometry":{"type":"LineString","coordinates":[[-73.16021,-40.58491],[-73.16031,-40.58487]]}},{"type":"Feature","properties":{"nombre":"12 de Octubre","jerarquia":5},"geometry":{"type":"LineString","coordinates":[[-73.16313,-40.56631],[-73.16371,-40.5663]]}},{"type":"Feature","properties":{"nombre":"12 de Octubre","jerarquia":5},"geometry":{"type":"LineString","coordinates":[[-73.16371,-40.5663],[-73.1643,-40.56629]]}},{"type":"Feature","properties":{"nombre":"12 de Octubre","jerarquia":5},"geometry":{"type":"LineString","coordinates":[[-73.1643,-40.56629],[-73.16491,-40.56628]]}},{"type":"Feature","properties":{"nombre":"12 de Octubre","jerarquia":5},"geometry":{"type":"LineString","coordinates":[[-73.16491,-40.56628],[-73.16557,-40.56627]]}},{"type":"Feature","properties":{"nombre":"Avenida Perú","jerarquia":5},"geometry":{"type":"LineString","coordinates":[[-73.16341,-40.58327],[-73.16402,-40.58299]]}},{"type":"Feature","properties":{"nombre":"Avenida Perú","jerarquia":5},"geometry":{"type":"LineString","coordinates":[[-73.16402,-40.58299],[-73.16504,-40.5826]]}},{"type":"Feature","properties":{"nombre":"Avenida Perú","jerarquia":5},"geometry":{"type":"LineString","coordinates":[[-73.16504,-40.5826],[-73.16579,-40.58231]]}},{"type":"Feature","properties":{"nombre":"Guillermo Freude","jerarquia":5},"geometry":{"type":"LineString","coordinates":[[-73.15911,-40.57175],[-73.15901,-40.57034]]}},{"type":"Feature","properties":{"nombre":"Emiliano Figueroa","jerarquia":5},"geometry":{"type":"LineString","coordinates":[[-73.16048,-40.57027],[-73.16053,-40.57045],[-73.15959,-40.57183]]}},{"type":"Feature","properties":{"nombre":"Volcán Yates","jerarquia":5},"geometry":{"type":"LineString","coordinates":[[-73.1048,-40.56494],[-73.10508,-40.56307]]}},{"type":"Feature","properties":{"nombre":"Alcalde Arturo Bertin","jerarquia":5},"geometry":{"type":"LineString","coordinates":[[-73.10341,-40.57019],[-73.10323,-40.57013],[-73.10299,-40.57014],[-73.10234,-40.57052],[-73.1022,-40.57053],[-73.102,-40.57045]]}},{"type":"Feature","properties":{"nombre":"Alcalde Arturo Bertin","jerarquia":5},"geometry":{"type":"LineString","coordinates":[[-73.102,-40.57045],[-73.10194,-40.57027],[-73.1027,-40.56883],[-73.10291,-40.56804]]}},{"type":"Feature","properties":{"nombre":"Alcalde Arturo Bertin","jerarquia":5},"geometry":{"type":"LineString","coordinates":[[-73.10291,-40.56804],[-73.10313,-40.56713]]}},{"type":"Feature","properties":{"nombre":"Alcalde Arturo Bertin","jerarquia":5},"geometry":{"type":"LineString","coordinates":[[-73.10313,-40.56713],[-73.10332,-40.56629]]}},{"type":"Feature","properties":{"nombre":"Alcalde Arturo Bertin","jerarquia":5},"geometry":{"type":"LineString","coordinates":[[-73.10332,-40.56629],[-73.10339,-40.56589],[-73.10321,-40.56517],[-73.10323,-40.56508],[-73.10336,-40.56499],[-73.10404,-40.56493]]}},{"type":"Feature","properties":{"nombre":"Alcalde Arturo Bertin","jerarquia":5},"geometry":{"type":"LineString","coordinates":[[-73.10404,-40.56493],[-73.1048,-40.56494]]}},{"type":"Feature","properties":{"nombre":"","jerarquia":4},"geometry":{"type":"LineString","coordinates":[[-73.11187,-40.57713],[-73.11183,-40.57718]]}},{"type":"Feature","properties":{"nombre":"","jerarquia":4},"geometry":{"type":"LineString","coordinates":[[-73.11183,-40.57718],[-73.11177,-40.57721]]}},{"type":"Feature","properties":{"nombre":"Los Laureles","jerarquia":5},"geometry":{"type":"LineString","coordinates":[[-73.15965,-40.55229],[-73.15983,-40.552]]}},{"type":"Feature","properties":{"nombre":"Los Laureles","jerarquia":5},"geometry":{"type":"LineString","coordinates":[[-73.15983,-40.552],[-73.16001,-40.55172]]}},{"type":"Feature","properties":{"nombre":"Los Laureles","jerarquia":5},"geometry":{"type":"LineString","coordinates":[[-73.16001,-40.55172],[-73.16019,-40.55142]]}},{"type":"Feature","properties":{"nombre":"Los Laureles","jerarquia":5},"geometry":{"type":"LineString","coordinates":[[-73.16051,-40.55153],[-73.16068,-40.55124]]}},{"type":"Feature","properties":{"nombre":"Los Laureles","jerarquia":5},"geometry":{"type":"LineString","coordinates":[[-73.16068,-40.55124],[-73.16088,-40.55092]]}},{"type":"Feature","properties":{"nombre":"Los Laureles","jerarquia":5},"geometry":{"type":"LineString","coordinates":[[-73.16088,-40.55092],[-73.16108,-40.55061]]}},{"type":"Feature","properties":{"nombre":"Los Laureles","jerarquia":5},"geometry":{"type":"LineString","coordinates":[[-73.16108,-40.55061],[-73.16125,-40.55033]]}},{"type":"Feature","properties":{"nombre":"Los Laureles","jerarquia":5},"geometry":{"type":"LineString","coordinates":[[-73.16125,-40.55033],[-73.16142,-40.55006]]}},{"type":"Feature","properties":{"nombre":"Los Laureles","jerarquia":5},"geometry":{"type":"LineString","coordinates":[[-73.16142,-40.55006],[-73.16159,-40.54978]]}},{"type":"Feature","properties":{"nombre":"Los Laureles","jerarquia":5},"geometry":{"type":"LineString","coordinates":[[-73.16159,-40.54978],[-73.16178,-40.54948]]}},{"type":"Feature","properties":{"nombre":"Los Laureles","jerarquia":5},"geometry":{"type":"LineString","coordinates":[[-73.16178,-40.54948],[-73.16197,-40.54916]]}},{"type":"Feature","properties":{"nombre":"Los Abedules","jerarquia":5},"geometry":{"type":"LineString","coordinates":[[-73.155,-40.55513],[-73.15507,-40.555]]}},{"type":"Feature","properties":{"nombre":"Los Abedules","jerarquia":5},"geometry":{"type":"LineString","coordinates":[[-73.15507,-40.555],[-73.15554,-40.55419]]}},{"type":"Feature","properties":{"nombre":"Los Abedules","jerarquia":5},"geometry":{"type":"LineString","coordinates":[[-73.15554,-40.55419],[-73.15607,-40.55326]]}},{"type":"Feature","properties":{"nombre":"Los Abedules","jerarquia":5},"geometry":{"type":"LineString","coordinates":[[-73.15607,-40.55326],[-73.15659,-40.55233]]}},{"type":"Feature","properties":{"nombre":"Los Abedules","jerarquia":5},"geometry":{"type":"LineString","coordinates":[[-73.15659,-40.55233],[-73.15711,-40.55143]]}},{"type":"Feature","properties":{"nombre":"Los Boldos","jerarquia":5},"geometry":{"type":"LineString","coordinates":[[-73.15533,-40.55723],[-73.15514,-40.5576]]}},{"type":"Feature","properties":{"nombre":"Los Boldos","jerarquia":5},"geometry":{"type":"LineString","coordinates":[[-73.15514,-40.5576],[-73.15485,-40.55821]]}},{"type":"Feature","properties":{"nombre":"Los Boldos","jerarquia":5},"geometry":{"type":"LineString","coordinates":[[-73.15485,-40.55821],[-73.15444,-40.55912]]}},{"type":"Feature","properties":{"nombre":"Los Boldos","jerarquia":5},"geometry":{"type":"LineString","coordinates":[[-73.15444,-40.55912],[-73.15418,-40.55966],[-73.15418,-40.55992]]}},{"type":"Feature","properties":{"nombre":"Los Boldos","jerarquia":5},"geometry":{"type":"LineString","coordinates":[[-73.15418,-40.55992],[-73.15425,-40.56036]]}},{"type":"Feature","properties":{"nombre":"Martín Ruiz de Gamboa","jerarquia":5},"geometry":{"type":"LineString","coordinates":[[-73.1526,-40.5902],[-73.15223,-40.58938]]}},{"type":"Feature","properties":{"nombre":"Martín Ruiz de Gamboa","jerarquia":5},"geometry":{"type":"LineString","coordinates":[[-73.15223,-40.58938],[-73.15206,-40.58901]]}},{"type":"Feature","properties":{"nombre":"Martín Ruiz de Gamboa","jerarquia":5},"geometry":{"type":"LineString","coordinates":[[-73.15206,-40.58901],[-73.15198,-40.58883]]}},{"type":"Feature","properties":{"nombre":"Martín Ruiz de Gamboa","jerarquia":5},"geometry":{"type":"LineString","coordinates":[[-73.15198,-40.58883],[-73.15187,-40.5886]]}},{"type":"Feature","properties":{"nombre":"Martín Ruiz de Gamboa","jerarquia":5},"geometry":{"type":"LineString","coordinates":[[-73.15187,-40.5886],[-73.15169,-40.5882]]}},{"type":"Feature","properties":{"nombre":"Martín Ruiz de Gamboa","jerarquia":5},"geometry":{"type":"LineString","coordinates":[[-73.15169,-40.5882],[-73.15148,-40.58773]]}},{"type":"Feature","properties":{"nombre":"Martín Ruiz de Gamboa","jerarquia":5},"geometry":{"type":"LineString","coordinates":[[-73.15148,-40.58773],[-73.15112,-40.58694]]}},{"type":"Feature","properties":{"nombre":"Martín Ruiz de Gamboa","jerarquia":5},"geometry":{"type":"LineString","coordinates":[[-73.15112,-40.58694],[-73.15075,-40.58612]]}},{"type":"Feature","properties":{"nombre":"Martín Ruiz de Gamboa","jerarquia":5},"geometry":{"type":"LineString","coordinates":[[-73.15075,-40.58612],[-73.15064,-40.58587]]}},{"type":"Feature","properties":{"nombre":"Martín Ruiz de Gamboa","jerarquia":5},"geometry":{"type":"LineString","coordinates":[[-73.15064,-40.58587],[-73.15041,-40.58548]]}},{"type":"Feature","properties":{"nombre":"Blanco Encalada","jerarquia":4},"geometry":{"type":"LineString","coordinates":[[-73.14421,-40.57151],[-73.14404,-40.57161]]}},{"type":"Feature","properties":{"nombre":"Los Damascos","jerarquia":5},"geometry":{"type":"LineString","coordinates":[[-73.15507,-40.555],[-73.15593,-40.55529]]}},{"type":"Feature","properties":{"nombre":"Los Damascos","jerarquia":5},"geometry":{"type":"LineString","coordinates":[[-73.15593,-40.55529],[-73.15661,-40.55554]]}},{"type":"Feature","properties":{"nombre":"Los Damascos","jerarquia":5},"geometry":{"type":"LineString","coordinates":[[-73.15661,-40.55554],[-73.15748,-40.55586]]}},{"type":"Feature","properties":{"nombre":"Los Damascos","jerarquia":5},"geometry":{"type":"LineString","coordinates":[[-73.15151,-40.55488],[-73.152,-40.55451]]}},{"type":"Feature","properties":{"nombre":"Los Damascos","jerarquia":5},"geometry":{"type":"LineString","coordinates":[[-73.152,-40.55451],[-73.15254,-40.55409]]}},{"type":"Feature","properties":{"nombre":"Los Damascos","jerarquia":5},"geometry":{"type":"LineString","coordinates":[[-73.15151,-40.55488],[-73.15138,-40.55499]]}},{"type":"Feature","properties":{"nombre":"Chorrillos","jerarquia":5},"geometry":{"type":"LineString","coordinates":[[-73.16885,-40.56948],[-73.16914,-40.56993]]}},{"type":"Feature","properties":{"nombre":"Guayanas","jerarquia":5},"geometry":{"type":"LineString","coordinates":[[-73.16017,-40.57916],[-73.16132,-40.57874]]}},{"type":"Feature","properties":{"nombre":"Guayanas","jerarquia":5},"geometry":{"type":"LineString","coordinates":[[-73.16132,-40.57874],[-73.16228,-40.57839]]}},{"type":"Feature","properties":{"nombre":"Guayanas","jerarquia":5},"geometry":{"type":"LineString","coordinates":[[-73.16228,-40.57839],[-73.1628,-40.5782]]}},{"type":"Feature","properties":{"nombre":"Guayanas","jerarquia":5},"geometry":{"type":"LineString","coordinates":[[-73.1628,-40.5782],[-73.16364,-40.57792],[-73.16393,-40.57792],[-73.16475,-40.57806]]}},{"type":"Feature","properties":{"nombre":"Chacarillas","jerarquia":5},"geometry":{"type":"LineString","coordinates":[[-73.17725,-40.5908],[-73.17689,-40.59096]]}},{"type":"Feature","properties":{"nombre":"Chacarillas","jerarquia":5},"geometry":{"type":"LineString","coordinates":[[-73.17689,-40.59096],[-73.17643,-40.59108]]}},{"type":"Feature","properties":{"nombre":"Chacarillas","jerarquia":5},"geometry":{"type":"LineString","coordinates":[[-73.17643,-40.59108],[-73.17598,-40.59118]]}},{"type":"Feature","properties":{"nombre":"Chacarillas","jerarquia":5},"geometry":{"type":"LineString","coordinates":[[-73.17598,-40.59118],[-73.17549,-40.5913]]}},{"type":"Feature","properties":{"nombre":"Bolivia","jerarquia":5},"geometry":{"type":"LineString","coordinates":[[-73.17013,-40.57883],[-73.16992,-40.57951]]}},{"type":"Feature","properties":{"nombre":"Bolivia","jerarquia":5},"geometry":{"type":"LineString","coordinates":[[-73.16992,-40.57951],[-73.16989,-40.57966]]}},{"type":"Feature","properties":{"nombre":"Bolivia","jerarquia":5},"geometry":{"type":"LineString","coordinates":[[-73.16989,-40.57966],[-73.16995,-40.58018]]}},{"type":"Feature","properties":{"nombre":"Bolivia","jerarquia":5},"geometry":{"type":"LineString","coordinates":[[-73.16995,-40.58018],[-73.17006,-40.58063]]}},{"type":"Feature","properties":{"nombre":"Bolivia","jerarquia":5},"geometry":{"type":"LineString","coordinates":[[-73.17006,-40.58063],[-73.17017,-40.58106]]}},{"type":"Feature","properties":{"nombre":"Bolivia","jerarquia":5},"geometry":{"type":"LineString","coordinates":[[-73.17017,-40.58106],[-73.17021,-40.58126]]}},{"type":"Feature","properties":{"nombre":"Bolivia","jerarquia":5},"geometry":{"type":"LineString","coordinates":[[-73.17021,-40.58126],[-73.17032,-40.58172]]}},{"type":"Feature","properties":{"nombre":"Bolivia","jerarquia":5},"geometry":{"type":"LineString","coordinates":[[-73.17032,-40.58172],[-73.17042,-40.58219]]}},{"type":"Feature","properties":{"nombre":"Bolivia","jerarquia":5},"geometry":{"type":"LineString","coordinates":[[-73.17042,-40.58219],[-73.17051,-40.58261]]}},{"type":"Feature","properties":{"nombre":"Bolivia","jerarquia":5},"geometry":{"type":"LineString","coordinates":[[-73.17051,-40.58261],[-73.17063,-40.58311]]}},{"type":"Feature","properties":{"nombre":"Bolivia","jerarquia":5},"geometry":{"type":"LineString","coordinates":[[-73.17063,-40.58311],[-73.17064,-40.58317]]}},{"type":"Feature","properties":{"nombre":"Bolivia","jerarquia":5},"geometry":{"type":"LineString","coordinates":[[-73.17064,-40.58317],[-73.17069,-40.58344]]}},{"type":"Feature","properties":{"nombre":"Bolivia","jerarquia":5},"geometry":{"type":"LineString","coordinates":[[-73.17069,-40.58344],[-73.17085,-40.58414],[-73.1708,-40.58441]]}},{"type":"Feature","properties":{"nombre":"Avenida Perú","jerarquia":5},"geometry":{"type":"LineString","coordinates":[[-73.16585,-40.5824],[-73.16509,-40.58268]]}},{"type":"Feature","properties":{"nombre":"Avenida Perú","jerarquia":5},"geometry":{"type":"LineString","coordinates":[[-73.16509,-40.58268],[-73.16471,-40.58282]]}},{"type":"Feature","properties":{"nombre":"Avenida Perú","jerarquia":5},"geometry":{"type":"LineString","coordinates":[[-73.16471,-40.58282],[-73.16417,-40.58303]]}},{"type":"Feature","properties":{"nombre":"Avenida Perú","jerarquia":5},"geometry":{"type":"LineString","coordinates":[[-73.16417,-40.58303],[-73.16407,-40.58307]]}},{"type":"Feature","properties":{"nombre":"Avenida Perú","jerarquia":5},"geometry":{"type":"LineString","coordinates":[[-73.16407,-40.58307],[-73.16354,-40.58327],[-73.16341,-40.58327]]}},{"type":"Feature","properties":{"nombre":"Pedro Montt","jerarquia":5},"geometry":{"type":"LineString","coordinates":[[-73.16551,-40.56655],[-73.16547,-40.56666]]}},{"type":"Feature","properties":{"nombre":"Pedro Montt","jerarquia":5},"geometry":{"type":"LineString","coordinates":[[-73.16547,-40.56666],[-73.16523,-40.56746]]}},{"type":"Feature","properties":{"nombre":"Pedro Montt","jerarquia":5},"geometry":{"type":"LineString","coordinates":[[-73.16523,-40.56746],[-73.16506,-40.56804]]}},{"type":"Feature","properties":{"nombre":"Pedro Montt","jerarquia":5},"geometry":{"type":"LineString","coordinates":[[-73.16506,-40.56804],[-73.16488,-40.56833],[-73.16472,-40.56841],[-73.16422,-40.56843]]}},{"type":"Feature","properties":{"nombre":"Pedro Montt","jerarquia":5},"geometry":{"type":"LineString","coordinates":[[-73.16422,-40.56843],[-73.16349,-40.56853],[-73.16316,-40.56863],[-73.16295,-40.56874],[-73.16207,-40.5695]]}},{"type":"Feature","properties":{"nombre":"Manuel de Salas","jerarquia":5},"geometry":{"type":"LineString","coordinates":[[-73.14693,-40.58112],[-73.14578,-40.58115],[-73.14382,-40.58164],[-73.14339,-40.58167]]}},{"type":"Feature","properties":{"nombre":"Manuel de Salas","jerarquia":5},"geometry":{"type":"LineString","coordinates":[[-73.14339,-40.58167],[-73.14304,-40.58166]]}},{"type":"Feature","properties":{"nombre":"Manuel de Salas","jerarquia":5},"geometry":{"type":"LineString","coordinates":[[-73.14304,-40.58166],[-73.14286,-40.58165]]}},{"type":"Feature","properties":{"nombre":"Inés de Suárez","jerarquia":4},"geometry":{"type":"LineString","coordinates":[[-73.13841,-40.57858],[-73.13841,-40.57892],[-73.1385,-40.57918],[-73.1387,-40.57939],[-73.13905,-40.57956]]}},{"type":"Feature","properties":{"nombre":"Inés de Suárez","jerarquia":5},"geometry":{"type":"LineString","coordinates":[[-73.14666,-40.58077],[-73.14638,-40.5806]]}},{"type":"Feature","properties":{"nombre":"Puente San Pablo","jerarquia":4},"geometry":{"type":"LineString","coordinates":[[-73.14681,-40.57991],[-73.14649,-40.58041]]}},{"type":"Feature","properties":{"nombre":"","jerarquia":4},"geometry":{"type":"LineString","coordinates":[[-73.13841,-40.57858],[-73.13831,-40.57858]]}},{"type":"Feature","properties":{"nombre":"","jerarquia":1},"geometry":{"type":"LineString","coordinates":[[-73.09795,-40.55861],[-73.0981,-40.5592],[-73.09835,-40.56081]]}},{"type":"Feature","properties":{"nombre":"Avenida Julio Buschmann","jerarquia":3},"geometry":{"type":"LineString","coordinates":[[-73.09964,-40.58104],[-73.09897,-40.58138],[-73.09831,-40.58152]]}},{"type":"Feature","properties":{"nombre":"Felizardo Asenjo","jerarquia":5},"geometry":{"type":"LineString","coordinates":[[-73.14697,-40.58871],[-73.14667,-40.58823],[-73.14585,-40.58658]]}},{"type":"Feature","properties":{"nombre":"Felizardo Asenjo","jerarquia":5},"geometry":{"type":"LineString","coordinates":[[-73.14585,-40.58658],[-73.14489,-40.58485]]}},{"type":"Feature","properties":{"nombre":"Felizardo Asenjo","jerarquia":5},"geometry":{"type":"LineString","coordinates":[[-73.14489,-40.58485],[-73.14419,-40.5836]]}},{"type":"Feature","properties":{"nombre":"Felizardo Asenjo","jerarquia":5},"geometry":{"type":"LineString","coordinates":[[-73.14419,-40.5836],[-73.14336,-40.58233]]}},{"type":"Feature","properties":{"nombre":"Felizardo Asenjo","jerarquia":5},"geometry":{"type":"LineString","coordinates":[[-73.14336,-40.58233],[-73.14286,-40.58165]]}},{"type":"Feature","properties":{"nombre":"Felizardo Asenjo","jerarquia":5},"geometry":{"type":"LineString","coordinates":[[-73.14286,-40.58165],[-73.14236,-40.58118],[-73.14206,-40.58098]]}},{"type":"Feature","properties":{"nombre":"Parinacota","jerarquia":5},"geometry":{"type":"LineString","coordinates":[[-73.17566,-40.57765],[-73.17517,-40.57758]]}},{"type":"Feature","properties":{"nombre":"Parinacota","jerarquia":5},"geometry":{"type":"LineString","coordinates":[[-73.17517,-40.57758],[-73.17398,-40.57741]]}},{"type":"Feature","properties":{"nombre":"Parinacota","jerarquia":5},"geometry":{"type":"LineString","coordinates":[[-73.17398,-40.57741],[-73.17258,-40.57721]]}},{"type":"Feature","properties":{"nombre":"Parinacota","jerarquia":5},"geometry":{"type":"LineString","coordinates":[[-73.17258,-40.57721],[-73.17096,-40.57698]]}},{"type":"Feature","properties":{"nombre":"Parinacota","jerarquia":5},"geometry":{"type":"LineString","coordinates":[[-73.17096,-40.57698],[-73.16965,-40.57679]]}},{"type":"Feature","properties":{"nombre":"Parinacota","jerarquia":5},"geometry":{"type":"LineString","coordinates":[[-73.16965,-40.57679],[-73.16833,-40.5766]]}},{"type":"Feature","properties":{"nombre":"Parinacota","jerarquia":5},"geometry":{"type":"LineString","coordinates":[[-73.16833,-40.5766],[-73.16725,-40.57644]]}},{"type":"Feature","properties":{"nombre":"Parinacota","jerarquia":5},"geometry":{"type":"LineString","coordinates":[[-73.16725,-40.57644],[-73.1652,-40.57614]]}},{"type":"Feature","properties":{"nombre":"Avenida Nueva Poniente","jerarquia":5},"geometry":{"type":"LineString","coordinates":[[-73.17212,-40.57912],[-73.17246,-40.5777]]}},{"type":"Feature","properties":{"nombre":"Avenida Nueva Poniente","jerarquia":5},"geometry":{"type":"LineString","coordinates":[[-73.17246,-40.5777],[-73.17258,-40.57721]]}},{"type":"Feature","properties":{"nombre":"Avenida Nueva Poniente","jerarquia":5},"geometry":{"type":"LineString","coordinates":[[-73.17258,-40.57721],[-73.1727,-40.57669]]}},{"type":"Feature","properties":{"nombre":"Avenida Nueva Poniente","jerarquia":5},"geometry":{"type":"LineString","coordinates":[[-73.1727,-40.57669],[-73.17289,-40.57594]]}},{"type":"Feature","properties":{"nombre":"Avenida Nueva Poniente","jerarquia":5},"geometry":{"type":"LineString","coordinates":[[-73.17289,-40.57594],[-73.173,-40.57548]]}},{"type":"Feature","properties":{"nombre":"Avenida Nueva Poniente","jerarquia":5},"geometry":{"type":"LineString","coordinates":[[-73.173,-40.57548],[-73.17309,-40.57511]]}},{"type":"Feature","properties":{"nombre":"Avenida Nueva Poniente","jerarquia":5},"geometry":{"type":"LineString","coordinates":[[-73.17309,-40.57511],[-73.17318,-40.57472]]}},{"type":"Feature","properties":{"nombre":"Avenida Nueva Poniente","jerarquia":5},"geometry":{"type":"LineString","coordinates":[[-73.17318,-40.57472],[-73.17327,-40.57438]]}},{"type":"Feature","properties":{"nombre":"Avenida Nueva Poniente","jerarquia":5},"geometry":{"type":"LineString","coordinates":[[-73.17327,-40.57438],[-73.17338,-40.57391]]}},{"type":"Feature","properties":{"nombre":"Avenida Nueva Poniente","jerarquia":5},"geometry":{"type":"LineString","coordinates":[[-73.17338,-40.57391],[-73.17348,-40.57349]]}},{"type":"Feature","properties":{"nombre":"Avenida Nueva Poniente","jerarquia":5},"geometry":{"type":"LineString","coordinates":[[-73.17348,-40.57349],[-73.17351,-40.57339]]}},{"type":"Feature","properties":{"nombre":"Avenida Nueva Poniente","jerarquia":5},"geometry":{"type":"LineString","coordinates":[[-73.17351,-40.57339],[-73.17361,-40.57297]]}},{"type":"Feature","properties":{"nombre":"Avenida Nueva Poniente","jerarquia":5},"geometry":{"type":"LineString","coordinates":[[-73.17361,-40.57297],[-73.17377,-40.57231]]}},{"type":"Feature","properties":{"nombre":"Avenida Nueva Poniente","jerarquia":5},"geometry":{"type":"LineString","coordinates":[[-73.17377,-40.57231],[-73.17388,-40.57185]]}},{"type":"Feature","properties":{"nombre":"Acapulco","jerarquia":5},"geometry":{"type":"LineString","coordinates":[[-73.17765,-40.58441],[-73.17687,-40.58331]]}},{"type":"Feature","properties":{"nombre":"Acapulco","jerarquia":5},"geometry":{"type":"LineString","coordinates":[[-73.17687,-40.58331],[-73.17645,-40.58278]]}},{"type":"Feature","properties":{"nombre":"Acapulco","jerarquia":5},"geometry":{"type":"LineString","coordinates":[[-73.17645,-40.58278],[-73.17571,-40.58177]]}},{"type":"Feature","properties":{"nombre":"Acapulco","jerarquia":5},"geometry":{"type":"LineString","coordinates":[[-73.17571,-40.58177],[-73.17539,-40.58142],[-73.17499,-40.58115]]}},{"type":"Feature","properties":{"nombre":"Acapulco","jerarquia":5},"geometry":{"type":"LineString","coordinates":[[-73.17499,-40.58115],[-73.17455,-40.58095]]}},{"type":"Feature","properties":{"nombre":"Acapulco","jerarquia":5},"geometry":{"type":"LineString","coordinates":[[-73.17455,-40.58095],[-73.17297,-40.5803]]}},{"type":"Feature","properties":{"nombre":"Acapulco","jerarquia":5},"geometry":{"type":"LineString","coordinates":[[-73.17297,-40.5803],[-73.17243,-40.58012]]}},{"type":"Feature","properties":{"nombre":"Acapulco","jerarquia":5},"geometry":{"type":"LineString","coordinates":[[-73.17243,-40.58012],[-73.17189,-40.57997]]}},{"type":"Feature","properties":{"nombre":"Acapulco","jerarquia":5},"geometry":{"type":"LineString","coordinates":[[-73.17189,-40.57997],[-73.17127,-40.57981]]}},{"type":"Feature","properties":{"nombre":"Acapulco","jerarquia":5},"geometry":{"type":"LineString","coordinates":[[-73.17127,-40.57981],[-73.17068,-40.57974]]}},{"type":"Feature","properties":{"nombre":"Acapulco","jerarquia":5},"geometry":{"type":"LineString","coordinates":[[-73.17068,-40.57974],[-73.16989,-40.57966]]}},{"type":"Feature","properties":{"nombre":"","jerarquia":5},"geometry":{"type":"LineString","coordinates":[[-73.1467,-40.58932],[-73.14694,-40.5892],[-73.14701,-40.58907],[-73.147,-40.58894]]}},{"type":"Feature","properties":{"nombre":"","jerarquia":5},"geometry":{"type":"LineString","coordinates":[[-73.147,-40.58894],[-73.14697,-40.58871]]}},{"type":"Feature","properties":{"nombre":"Inés de Suárez","jerarquia":5},"geometry":{"type":"LineString","coordinates":[[-73.15103,-40.59226],[-73.15033,-40.59236]]}},{"type":"Feature","properties":{"nombre":"Inés de Suárez","jerarquia":5},"geometry":{"type":"LineString","coordinates":[[-73.15033,-40.59236],[-73.1501,-40.59239]]}},{"type":"Feature","properties":{"nombre":"Inés de Suárez","jerarquia":5},"geometry":{"type":"LineString","coordinates":[[-73.1501,-40.59239],[-73.14971,-40.59245]]}},{"type":"Feature","properties":{"nombre":"Santo Domingo","jerarquia":5},"geometry":{"type":"LineString","coordinates":[[-73.16482,-40.57807],[-73.16466,-40.57863]]}},{"type":"Feature","properties":{"nombre":"Santo Domingo","jerarquia":5},"geometry":{"type":"LineString","coordinates":[[-73.16466,-40.57863],[-73.16456,-40.57904]]}},{"type":"Feature","properties":{"nombre":"Santo Domingo","jerarquia":5},"geometry":{"type":"LineString","coordinates":[[-73.16456,-40.57904],[-73.16444,-40.57953]]}},{"type":"Feature","properties":{"nombre":"Santo Domingo","jerarquia":5},"geometry":{"type":"LineString","coordinates":[[-73.16444,-40.57953],[-73.16437,-40.57978]]}},{"type":"Feature","properties":{"nombre":"Santo Domingo","jerarquia":5},"geometry":{"type":"LineString","coordinates":[[-73.16437,-40.57978],[-73.16435,-40.57988]]}},{"type":"Feature","properties":{"nombre":"Santo Domingo","jerarquia":5},"geometry":{"type":"LineString","coordinates":[[-73.16435,-40.57988],[-73.16429,-40.58008]]}},{"type":"Feature","properties":{"nombre":"Santo Domingo","jerarquia":5},"geometry":{"type":"LineString","coordinates":[[-73.16429,-40.58008],[-73.16424,-40.58029]]}},{"type":"Feature","properties":{"nombre":"San Agustín","jerarquia":5},"geometry":{"type":"LineString","coordinates":[[-73.17699,-40.58855],[-73.17695,-40.58858]]}},{"type":"Feature","properties":{"nombre":"San Agustín","jerarquia":5},"geometry":{"type":"LineString","coordinates":[[-73.17695,-40.58858],[-73.17673,-40.58879]]}},{"type":"Feature","properties":{"nombre":"San Agustín","jerarquia":5},"geometry":{"type":"LineString","coordinates":[[-73.17673,-40.58879],[-73.17666,-40.58885]]}},{"type":"Feature","properties":{"nombre":"San Agustín","jerarquia":5},"geometry":{"type":"LineString","coordinates":[[-73.17666,-40.58885],[-73.17645,-40.58905]]}},{"type":"Feature","properties":{"nombre":"San Agustín","jerarquia":5},"geometry":{"type":"LineString","coordinates":[[-73.17645,-40.58905],[-73.17635,-40.58914]]}},{"type":"Feature","properties":{"nombre":"San Agustín","jerarquia":5},"geometry":{"type":"LineString","coordinates":[[-73.17635,-40.58914],[-73.17617,-40.58931]]}},{"type":"Feature","properties":{"nombre":"San Agustín","jerarquia":5},"geometry":{"type":"LineString","coordinates":[[-73.17617,-40.58931],[-73.17605,-40.58942]]}},{"type":"Feature","properties":{"nombre":"San Agustín","jerarquia":5},"geometry":{"type":"LineString","coordinates":[[-73.17605,-40.58942],[-73.17571,-40.58973]]}},{"type":"Feature","properties":{"nombre":"Avenida República","jerarquia":5},"geometry":{"type":"LineString","coordinates":[[-73.17159,-40.57354],[-73.17208,-40.57331]]}},{"type":"Feature","properties":{"nombre":"Avenida República","jerarquia":5},"geometry":{"type":"LineString","coordinates":[[-73.17208,-40.57331],[-73.17242,-40.57326],[-73.17285,-40.5733]]}},{"type":"Feature","properties":{"nombre":"Azapa","jerarquia":5},"geometry":{"type":"LineString","coordinates":[[-73.17834,-40.57672],[-73.17796,-40.57667]]}},{"type":"Feature","properties":{"nombre":"Azapa","jerarquia":5},"geometry":{"type":"LineString","coordinates":[[-73.17796,-40.57667],[-73.17781,-40.57665]]}},{"type":"Feature","properties":{"nombre":"Azapa","jerarquia":5},"geometry":{"type":"LineString","coordinates":[[-73.17781,-40.57665],[-73.17753,-40.57661]]}},{"type":"Feature","properties":{"nombre":"Azapa","jerarquia":5},"geometry":{"type":"LineString","coordinates":[[-73.17753,-40.57661],[-73.17735,-40.57658]]}},{"type":"Feature","properties":{"nombre":"Azapa","jerarquia":5},"geometry":{"type":"LineString","coordinates":[[-73.17735,-40.57658],[-73.17708,-40.57654]]}},{"type":"Feature","properties":{"nombre":"Azapa","jerarquia":5},"geometry":{"type":"LineString","coordinates":[[-73.17708,-40.57654],[-73.17692,-40.57652]]}},{"type":"Feature","properties":{"nombre":"Azapa","jerarquia":5},"geometry":{"type":"LineString","coordinates":[[-73.17692,-40.57652],[-73.17664,-40.57648]]}},{"type":"Feature","properties":{"nombre":"Azapa","jerarquia":5},"geometry":{"type":"LineString","coordinates":[[-73.17664,-40.57648],[-73.17647,-40.57646]]}},{"type":"Feature","properties":{"nombre":"Azapa","jerarquia":5},"geometry":{"type":"LineString","coordinates":[[-73.17647,-40.57646],[-73.17618,-40.57642]]}},{"type":"Feature","properties":{"nombre":"Azapa","jerarquia":5},"geometry":{"type":"LineString","coordinates":[[-73.17618,-40.57642],[-73.17599,-40.57639]]}},{"type":"Feature","properties":{"nombre":"Azapa","jerarquia":5},"geometry":{"type":"LineString","coordinates":[[-73.17599,-40.57639],[-73.17574,-40.57635]]}},{"type":"Feature","properties":{"nombre":"Azapa","jerarquia":5},"geometry":{"type":"LineString","coordinates":[[-73.17574,-40.57635],[-73.17538,-40.5763]]}},{"type":"Feature","properties":{"nombre":"Azapa","jerarquia":5},"geometry":{"type":"LineString","coordinates":[[-73.17538,-40.5763],[-73.17487,-40.57623]]}},{"type":"Feature","properties":{"nombre":"Azapa","jerarquia":5},"geometry":{"type":"LineString","coordinates":[[-73.17487,-40.57623],[-73.17436,-40.57616]]}},{"type":"Feature","properties":{"nombre":"Azapa","jerarquia":5},"geometry":{"type":"LineString","coordinates":[[-73.17436,-40.57616],[-73.17394,-40.5761]]}},{"type":"Feature","properties":{"nombre":"Azapa","jerarquia":5},"geometry":{"type":"LineString","coordinates":[[-73.17394,-40.5761],[-73.17352,-40.57604]]}},{"type":"Feature","properties":{"nombre":"Azapa","jerarquia":5},"geometry":{"type":"LineString","coordinates":[[-73.17352,-40.57604],[-73.17289,-40.57594]]}},{"type":"Feature","properties":{"nombre":"Azapa","jerarquia":5},"geometry":{"type":"LineString","coordinates":[[-73.17289,-40.57594],[-73.17129,-40.57572]]}},{"type":"Feature","properties":{"nombre":"Azapa","jerarquia":5},"geometry":{"type":"LineString","coordinates":[[-73.17129,-40.57572],[-73.16995,-40.57552]]}},{"type":"Feature","properties":{"nombre":"Azapa","jerarquia":5},"geometry":{"type":"LineString","coordinates":[[-73.16995,-40.57552],[-73.16864,-40.57534]]}},{"type":"Feature","properties":{"nombre":"Azapa","jerarquia":5},"geometry":{"type":"LineString","coordinates":[[-73.16864,-40.57534],[-73.16801,-40.57525]]}},{"type":"Feature","properties":{"nombre":"Azapa","jerarquia":5},"geometry":{"type":"LineString","coordinates":[[-73.16801,-40.57525],[-73.16741,-40.57516]]}},{"type":"Feature","properties":{"nombre":"Azapa","jerarquia":5},"geometry":{"type":"LineString","coordinates":[[-73.16741,-40.57516],[-73.1665,-40.57503]]}},{"type":"Feature","properties":{"nombre":"Azapa","jerarquia":5},"geometry":{"type":"LineString","coordinates":[[-73.1665,-40.57503],[-73.16549,-40.57489]]}},{"type":"Feature","properties":{"nombre":"Azapa","jerarquia":5},"geometry":{"type":"LineString","coordinates":[[-73.16549,-40.57489],[-73.16518,-40.57484]]}},{"type":"Feature","properties":{"nombre":"Azapa","jerarquia":5},"geometry":{"type":"LineString","coordinates":[[-73.16518,-40.57484],[-73.16492,-40.57481]]}},{"type":"Feature","properties":{"nombre":"Azapa","jerarquia":5},"geometry":{"type":"LineString","coordinates":[[-73.16492,-40.57481],[-73.16441,-40.57474]]}},{"type":"Feature","properties":{"nombre":"Azapa","jerarquia":5},"geometry":{"type":"LineString","coordinates":[[-73.16441,-40.57474],[-73.16386,-40.57465]]}},{"type":"Feature","properties":{"nombre":"Azapa","jerarquia":5},"geometry":{"type":"LineString","coordinates":[[-73.16386,-40.57465],[-73.16327,-40.57457]]}},{"type":"Feature","properties":{"nombre":"Avenida República","jerarquia":5},"geometry":{"type":"LineString","coordinates":[[-73.16888,-40.57436],[-73.16753,-40.57416]]}},{"type":"Feature","properties":{"nombre":"Avenida República","jerarquia":5},"geometry":{"type":"LineString","coordinates":[[-73.16753,-40.57416],[-73.16715,-40.5741]]}},{"type":"Feature","properties":{"nombre":"Avenida República","jerarquia":5},"geometry":{"type":"LineString","coordinates":[[-73.16715,-40.5741],[-73.16688,-40.57406]]}},{"type":"Feature","properties":{"nombre":"Avenida República","jerarquia":5},"geometry":{"type":"LineString","coordinates":[[-73.16688,-40.57406],[-73.16599,-40.57395]]}},{"type":"Feature","properties":{"nombre":"Avenida República","jerarquia":5},"geometry":{"type":"LineString","coordinates":[[-73.16599,-40.57395],[-73.16563,-40.5739]]}},{"type":"Feature","properties":{"nombre":"Chacarillas","jerarquia":5},"geometry":{"type":"LineString","coordinates":[[-73.17899,-40.57414],[-73.17896,-40.57426]]}},{"type":"Feature","properties":{"nombre":"Chacarillas","jerarquia":5},"geometry":{"type":"LineString","coordinates":[[-73.17896,-40.57426],[-73.17883,-40.57479]]}},{"type":"Feature","properties":{"nombre":"Chacarillas","jerarquia":5},"geometry":{"type":"LineString","coordinates":[[-73.17883,-40.57479],[-73.17874,-40.57514]]}},{"type":"Feature","properties":{"nombre":"Chacarillas","jerarquia":5},"geometry":{"type":"LineString","coordinates":[[-73.17874,-40.57514],[-73.17868,-40.57535]]}},{"type":"Feature","properties":{"nombre":"Chacarillas","jerarquia":5},"geometry":{"type":"LineString","coordinates":[[-73.17868,-40.57535],[-73.17866,-40.57545]]}},{"type":"Feature","properties":{"nombre":"Chacarillas","jerarquia":5},"geometry":{"type":"LineString","coordinates":[[-73.17866,-40.57545],[-73.17858,-40.57577]]}},{"type":"Feature","properties":{"nombre":"Chacarillas","jerarquia":5},"geometry":{"type":"LineString","coordinates":[[-73.17858,-40.57577],[-73.17854,-40.5759]]}},{"type":"Feature","properties":{"nombre":"Chacarillas","jerarquia":5},"geometry":{"type":"LineString","coordinates":[[-73.17854,-40.5759],[-73.17849,-40.57613]]}},{"type":"Feature","properties":{"nombre":"Chacarillas","jerarquia":5},"geometry":{"type":"LineString","coordinates":[[-73.17849,-40.57613],[-73.17839,-40.57653]]}},{"type":"Feature","properties":{"nombre":"Chacarillas","jerarquia":5},"geometry":{"type":"LineString","coordinates":[[-73.17839,-40.57653],[-73.17834,-40.57672]]}},{"type":"Feature","properties":{"nombre":"Parinacota","jerarquia":5},"geometry":{"type":"LineString","coordinates":[[-73.1652,-40.57614],[-73.16408,-40.576]]}},{"type":"Feature","properties":{"nombre":"Parinacota","jerarquia":5},"geometry":{"type":"LineString","coordinates":[[-73.16408,-40.576],[-73.16349,-40.57611]]}},{"type":"Feature","properties":{"nombre":"Parinacota","jerarquia":5},"geometry":{"type":"LineString","coordinates":[[-73.16349,-40.57611],[-73.16286,-40.57628]]}},{"type":"Feature","properties":{"nombre":"Parinacota","jerarquia":5},"geometry":{"type":"LineString","coordinates":[[-73.16286,-40.57628],[-73.16215,-40.57626],[-73.16183,-40.57634]]}},{"type":"Feature","properties":{"nombre":"Parinacota","jerarquia":5},"geometry":{"type":"LineString","coordinates":[[-73.16183,-40.57634],[-73.16164,-40.57642]]}},{"type":"Feature","properties":{"nombre":"Parinacota","jerarquia":5},"geometry":{"type":"LineString","coordinates":[[-73.16164,-40.57642],[-73.16028,-40.57695],[-73.15863,-40.57735]]}},{"type":"Feature","properties":{"nombre":"D. Dublé","jerarquia":5},"geometry":{"type":"LineString","coordinates":[[-73.16549,-40.57489],[-73.16533,-40.5756]]}},{"type":"Feature","properties":{"nombre":"D. Dublé","jerarquia":5},"geometry":{"type":"LineString","coordinates":[[-73.16533,-40.5756],[-73.1652,-40.57614]]}},{"type":"Feature","properties":{"nombre":"D. Dublé","jerarquia":5},"geometry":{"type":"LineString","coordinates":[[-73.1652,-40.57614],[-73.16509,-40.57665]]}},{"type":"Feature","properties":{"nombre":"Bellavista","jerarquia":3},"geometry":{"type":"LineString","coordinates":[[-73.15863,-40.57735],[-73.15861,-40.57606]]}},{"type":"Feature","properties":{"nombre":"Bellavista","jerarquia":3},"geometry":{"type":"LineString","coordinates":[[-73.15861,-40.57606],[-73.15907,-40.57473]]}},{"type":"Feature","properties":{"nombre":"Bellavista","jerarquia":3},"geometry":{"type":"LineString","coordinates":[[-73.15907,-40.57473],[-73.15916,-40.5744]]}},{"type":"Feature","properties":{"nombre":"Zapiga","jerarquia":5},"geometry":{"type":"LineString","coordinates":[[-73.1635,-40.57357],[-73.16332,-40.5744]]}},{"type":"Feature","properties":{"nombre":"Zapiga","jerarquia":5},"geometry":{"type":"LineString","coordinates":[[-73.16332,-40.5744],[-73.16327,-40.57457]]}},{"type":"Feature","properties":{"nombre":"Zapiga","jerarquia":5},"geometry":{"type":"LineString","coordinates":[[-73.16327,-40.57457],[-73.16322,-40.57481]]}},{"type":"Feature","properties":{"nombre":"Zapiga","jerarquia":5},"geometry":{"type":"LineString","coordinates":[[-73.16322,-40.57481],[-73.16308,-40.57534]]}},{"type":"Feature","properties":{"nombre":"Zapiga","jerarquia":5},"geometry":{"type":"LineString","coordinates":[[-73.16308,-40.57534],[-73.16295,-40.57592]]}},{"type":"Feature","properties":{"nombre":"Zapiga","jerarquia":5},"geometry":{"type":"LineString","coordinates":[[-73.16295,-40.57592],[-73.16286,-40.57628]]}},{"type":"Feature","properties":{"nombre":"Guatemala","jerarquia":5},"geometry":{"type":"LineString","coordinates":[[-73.16579,-40.58231],[-73.16585,-40.5824]]}},{"type":"Feature","properties":{"nombre":"Guatemala","jerarquia":5},"geometry":{"type":"LineString","coordinates":[[-73.16585,-40.5824],[-73.16613,-40.58283]]}},{"type":"Feature","properties":{"nombre":"Guatemala","jerarquia":5},"geometry":{"type":"LineString","coordinates":[[-73.16613,-40.58283],[-73.16639,-40.58323]]}},{"type":"Feature","properties":{"nombre":"Guatemala","jerarquia":5},"geometry":{"type":"LineString","coordinates":[[-73.16639,-40.58323],[-73.16719,-40.58442]]}},{"type":"Feature","properties":{"nombre":"Bellavista","jerarquia":4},"geometry":{"type":"LineString","coordinates":[[-73.15948,-40.57345],[-73.16088,-40.57155],[-73.16193,-40.57027],[-73.16247,-40.56995],[-73.16397,-40.56963]]}},{"type":"Feature","properties":{"nombre":"Bellavista","jerarquia":4},"geometry":{"type":"LineString","coordinates":[[-73.16397,-40.56963],[-73.16481,-40.5697],[-73.16557,-40.5697]]}},{"type":"Feature","properties":{"nombre":"Bellavista","jerarquia":4},"geometry":{"type":"LineString","coordinates":[[-73.16557,-40.5697],[-73.16648,-40.56965]]}},{"type":"Feature","properties":{"nombre":"Bellavista","jerarquia":4},"geometry":{"type":"LineString","coordinates":[[-73.16648,-40.56965],[-73.16716,-40.56961]]}},{"type":"Feature","properties":{"nombre":"Bellavista","jerarquia":4},"geometry":{"type":"LineString","coordinates":[[-73.16716,-40.56961],[-73.16759,-40.56957]]}},{"type":"Feature","properties":{"nombre":"Camino Osorno - Trumao","jerarquia":5},"geometry":{"type":"LineString","coordinates":[[-73.15041,-40.54004],[-73.1506,-40.53944]]}},{"type":"Feature","properties":{"nombre":"Camino Osorno - Trumao","jerarquia":5},"geometry":{"type":"LineString","coordinates":[[-73.1506,-40.53944],[-73.15092,-40.53845]]}},{"type":"Feature","properties":{"nombre":"Camino Osorno - Trumao","jerarquia":5},"geometry":{"type":"LineString","coordinates":[[-73.15092,-40.53845],[-73.15147,-40.53633]]}},{"type":"Feature","properties":{"nombre":"Camino Osorno - Trumao","jerarquia":5},"geometry":{"type":"LineString","coordinates":[[-73.15147,-40.53633],[-73.15254,-40.53253]]}},{"type":"Feature","properties":{"nombre":"Camino Osorno - Trumao","jerarquia":5},"geometry":{"type":"LineString","coordinates":[[-73.15254,-40.53253],[-73.15391,-40.52761],[-73.15522,-40.52233],[-73.15602,-40.51937],[-73.15652,-40.51712],[-73.15687,-40.51615],[-73.15712,-40.51566],[-73.15748,-40.51476],[-73.15803,-40.51279]]}},{"type":"Feature","properties":{"nombre":"Camino Osorno - Trumao","jerarquia":5},"geometry":{"type":"LineString","coordinates":[[-73.15803,-40.51279],[-73.15816,-40.51212],[-73.15826,-40.50938],[-73.1588,-40.50633],[-73.15891,-40.50593],[-73.15931,-40.50503],[-73.16023,-40.50137]]}},{"type":"Feature","properties":{"nombre":"Camino Osorno - Trumao","jerarquia":5},"geometry":{"type":"LineString","coordinates":[[-73.16023,-40.50137],[-73.16035,-40.50101]]}},{"type":"Feature","properties":{"nombre":"El Salvador","jerarquia":5},"geometry":{"type":"LineString","coordinates":[[-73.17063,-40.58311],[-73.16967,-40.58347]]}},{"type":"Feature","properties":{"nombre":"El Salvador","jerarquia":5},"geometry":{"type":"LineString","coordinates":[[-73.16967,-40.58347],[-73.16914,-40.58368]]}},{"type":"Feature","properties":{"nombre":"El Salvador","jerarquia":5},"geometry":{"type":"LineString","coordinates":[[-73.16914,-40.58368],[-73.16853,-40.58391]]}},{"type":"Feature","properties":{"nombre":"El Salvador","jerarquia":5},"geometry":{"type":"LineString","coordinates":[[-73.16853,-40.58391],[-73.16807,-40.58409]]}},{"type":"Feature","properties":{"nombre":"El Salvador","jerarquia":5},"geometry":{"type":"LineString","coordinates":[[-73.16807,-40.58409],[-73.16719,-40.58442]]}},{"type":"Feature","properties":{"nombre":"El Salvador","jerarquia":5},"geometry":{"type":"LineString","coordinates":[[-73.16719,-40.58442],[-73.16661,-40.58464]]}},{"type":"Feature","properties":{"nombre":"El Salvador","jerarquia":5},"geometry":{"type":"LineString","coordinates":[[-73.16661,-40.58464],[-73.16649,-40.58469]]}},{"type":"Feature","properties":{"nombre":"El Salvador","jerarquia":5},"geometry":{"type":"LineString","coordinates":[[-73.16649,-40.58469],[-73.1662,-40.5848]]}},{"type":"Feature","properties":{"nombre":"El Salvador","jerarquia":5},"geometry":{"type":"LineString","coordinates":[[-73.1662,-40.5848],[-73.16509,-40.58523]]}},{"type":"Feature","properties":{"nombre":"El Salvador","jerarquia":5},"geometry":{"type":"LineString","coordinates":[[-73.16509,-40.58523],[-73.16492,-40.58529]]}},{"type":"Feature","properties":{"nombre":"Camino Osorno - Trumao","jerarquia":5},"geometry":{"type":"LineString","coordinates":[[-73.15034,-40.54034],[-73.15041,-40.54004]]}},{"type":"Feature","properties":{"nombre":"Fuchslocher","jerarquia":3},"geometry":{"type":"LineString","coordinates":[[-73.14291,-40.56759],[-73.14367,-40.5677],[-73.14469,-40.56737],[-73.14492,-40.56734]]}},{"type":"Feature","properties":{"nombre":"Fuchslocher","jerarquia":3},"geometry":{"type":"LineString","coordinates":[[-73.14263,-40.56767],[-73.14291,-40.56759]]}},{"type":"Feature","properties":{"nombre":"Avenida Portales","jerarquia":4},"geometry":{"type":"LineString","coordinates":[[-73.14035,-40.57371],[-73.14022,-40.57371]]}},{"type":"Feature","properties":{"nombre":"","jerarquia":4},"geometry":{"type":"LineString","coordinates":[[-73.14042,-40.57211],[-73.14029,-40.57211]]}},{"type":"Feature","properties":{"nombre":"","jerarquia":5},"geometry":{"type":"LineString","coordinates":[[-73.14047,-40.5711],[-73.14034,-40.57109]]}},{"type":"Feature","properties":{"nombre":"Manuel Bulnes","jerarquia":3},"geometry":{"type":"LineString","coordinates":[[-73.13881,-40.57044],[-73.13882,-40.57033]]}},{"type":"Feature","properties":{"nombre":"Manuel Bulnes","jerarquia":3},"geometry":{"type":"LineString","coordinates":[[-73.13882,-40.57033],[-73.13883,-40.57029]]}},{"type":"Feature","properties":{"nombre":"Ruta 5 Sur","jerarquia":1},"geometry":{"type":"LineString","coordinates":[[-73.0975,-40.55772],[-73.09687,-40.55644],[-73.09628,-40.55557]]}},{"type":"Feature","properties":{"nombre":"","jerarquia":3},"geometry":{"type":"LineString","coordinates":[[-73.10359,-40.58731],[-73.1034,-40.58719]]}},{"type":"Feature","properties":{"nombre":"","jerarquia":3},"geometry":{"type":"LineString","coordinates":[[-73.1034,-40.58719],[-73.10332,-40.58714]]}},{"type":"Feature","properties":{"nombre":"Ruta 5 Sur","jerarquia":1},"geometry":{"type":"LineString","coordinates":[[-73.09758,-40.5579],[-73.0975,-40.55772]]}},{"type":"Feature","properties":{"nombre":"Ruta 5 Sur","jerarquia":1},"geometry":{"type":"LineString","coordinates":[[-73.09768,-40.55766],[-73.09774,-40.55785]]}},{"type":"Feature","properties":{"nombre":"Ruta 5 Sur","jerarquia":1},"geometry":{"type":"LineString","coordinates":[[-73.09795,-40.55861],[-73.09808,-40.55967],[-73.09811,-40.56142]]}},{"type":"Feature","properties":{"nombre":"","jerarquia":1},"geometry":{"type":"LineString","coordinates":[[-73.09299,-40.55227],[-73.09263,-40.55163]]}},{"type":"Feature","properties":{"nombre":"","jerarquia":1},"geometry":{"type":"LineString","coordinates":[[-73.06921,-40.52074],[-73.06821,-40.51899],[-73.06815,-40.51878]]}},{"type":"Feature","properties":{"nombre":"","jerarquia":1},"geometry":{"type":"LineString","coordinates":[[-73.08704,-40.54597],[-73.08676,-40.54537]]}},{"type":"Feature","properties":{"nombre":"","jerarquia":1},"geometry":{"type":"LineString","coordinates":[[-73.08703,-40.54543],[-73.08776,-40.54593]]}},{"type":"Feature","properties":{"nombre":"Los Boldos","jerarquia":5},"geometry":{"type":"LineString","coordinates":[[-73.15652,-40.55567],[-73.1561,-40.5563]]}},{"type":"Feature","properties":{"nombre":"Los Boldos","jerarquia":5},"geometry":{"type":"LineString","coordinates":[[-73.1561,-40.5563],[-73.1555,-40.55728]]}},{"type":"Feature","properties":{"nombre":"","jerarquia":1},"geometry":{"type":"LineString","coordinates":[[-73.09765,-40.58133],[-73.09767,-40.58032]]}},{"type":"Feature","properties":{"nombre":"Alcalde Alberto Fuchslocher","jerarquia":5},"geometry":{"type":"LineString","coordinates":[[-73.09025,-40.58532],[-73.08896,-40.586],[-73.08825,-40.58649]]}},{"type":"Feature","properties":{"nombre":"","jerarquia":1},"geometry":{"type":"LineString","coordinates":[[-73.09804,-40.58176],[-73.09812,-40.58197],[-73.09824,-40.58207],[-73.09843,-40.58211],[-73.09862,-40.58207],[-73.09876,-40.58197],[-73.09881,-40.58179],[-73.09875,-40.58166],[-73.09856,-40.58154]]}},{"type":"Feature","properties":{"nombre":"","jerarquia":1},"geometry":{"type":"LineString","coordinates":[[-73.09856,-40.58154],[-73.09831,-40.58152]]}},{"type":"Feature","properties":{"nombre":"","jerarquia":1},"geometry":{"type":"LineString","coordinates":[[-73.09804,-40.5827],[-73.09804,-40.58346],[-73.09789,-40.58441]]}},{"type":"Feature","properties":{"nombre":"Caletera Ruta 5","jerarquia":5},"geometry":{"type":"LineString","coordinates":[[-73.1001,-40.59515],[-73.09993,-40.59466],[-73.09948,-40.59415],[-73.09926,-40.59351],[-73.09925,-40.59335],[-73.09928,-40.59319],[-73.09941,-40.59297],[-73.09996,-40.59257],[-73.10009,-40.59241],[-73.10012,-40.5923],[-73.1,-40.59162],[-73.10003,-40.5914],[-73.10018,-40.59113],[-73.1001,-40.59097]]}},{"type":"Feature","properties":{"nombre":"Sebastopol","jerarquia":5},"geometry":{"type":"LineString","coordinates":[[-73.1001,-40.59515],[-73.10099,-40.59783]]}},{"type":"Feature","properties":{"nombre":"Sebastopol","jerarquia":5},"geometry":{"type":"LineString","coordinates":[[-73.10099,-40.59783],[-73.10111,-40.59823]]}},{"type":"Feature","properties":{"nombre":"Sebastopol","jerarquia":5},"geometry":{"type":"LineString","coordinates":[[-73.10111,-40.59823],[-73.10148,-40.59943],[-73.10149,-40.59965],[-73.10142,-40.60013],[-73.10144,-40.60035],[-73.10313,-40.60558]]}},{"type":"Feature","properties":{"nombre":"","jerarquia":5},"geometry":{"type":"LineString","coordinates":[[-73.14407,-40.5728],[-73.14317,-40.57289]]}},{"type":"Feature","properties":{"nombre":"Puente San Pablo","jerarquia":4},"geometry":{"type":"LineString","coordinates":[[-73.14793,-40.57854],[-73.14681,-40.57991]]}},{"type":"Feature","properties":{"nombre":"Avenida del Pacífico","jerarquia":5},"geometry":{"type":"LineString","coordinates":[[-73.16475,-40.57806],[-73.16482,-40.57807]]}},{"type":"Feature","properties":{"nombre":"Avenida del Pacífico","jerarquia":5},"geometry":{"type":"LineString","coordinates":[[-73.16482,-40.57807],[-73.16588,-40.57822]]}},{"type":"Feature","properties":{"nombre":"Avenida del Pacífico","jerarquia":5},"geometry":{"type":"LineString","coordinates":[[-73.16588,-40.57822],[-73.16699,-40.57838]]}},{"type":"Feature","properties":{"nombre":"Avenida del Pacífico","jerarquia":5},"geometry":{"type":"LineString","coordinates":[[-73.16699,-40.57838],[-73.16786,-40.57851]]}},{"type":"Feature","properties":{"nombre":"Avenida del Pacífico","jerarquia":5},"geometry":{"type":"LineString","coordinates":[[-73.16786,-40.57851],[-73.16851,-40.5786]]}},{"type":"Feature","properties":{"nombre":"Avenida del Pacífico","jerarquia":5},"geometry":{"type":"LineString","coordinates":[[-73.16851,-40.5786],[-73.16916,-40.57869]]}},{"type":"Feature","properties":{"nombre":"Avenida del Pacífico","jerarquia":5},"geometry":{"type":"LineString","coordinates":[[-73.16916,-40.57869],[-73.17005,-40.57882]]}},{"type":"Feature","properties":{"nombre":"Avenida del Pacífico","jerarquia":5},"geometry":{"type":"LineString","coordinates":[[-73.17005,-40.57882],[-73.17013,-40.57883]]}},{"type":"Feature","properties":{"nombre":"Avenida del Pacífico","jerarquia":5},"geometry":{"type":"LineString","coordinates":[[-73.17013,-40.57883],[-73.17071,-40.57892]]}},{"type":"Feature","properties":{"nombre":"Avenida del Pacífico","jerarquia":5},"geometry":{"type":"LineString","coordinates":[[-73.17071,-40.57892],[-73.17137,-40.57901]]}},{"type":"Feature","properties":{"nombre":"Avenida del Pacífico","jerarquia":5},"geometry":{"type":"LineString","coordinates":[[-73.17137,-40.57901],[-73.17149,-40.57903]]}},{"type":"Feature","properties":{"nombre":"Avenida del Pacífico","jerarquia":5},"geometry":{"type":"LineString","coordinates":[[-73.17149,-40.57903],[-73.17212,-40.57912]]}},{"type":"Feature","properties":{"nombre":"Victoria","jerarquia":3},"geometry":{"type":"LineString","coordinates":[[-73.156,-40.56909],[-73.15668,-40.56937],[-73.15705,-40.56965],[-73.15728,-40.56999],[-73.15739,-40.57054]]}},{"type":"Feature","properties":{"nombre":"Francisco del Campo","jerarquia":5},"geometry":{"type":"LineString","coordinates":[[-73.14666,-40.58077],[-73.14693,-40.58112]]}},{"type":"Feature","properties":{"nombre":"Francisco del Campo","jerarquia":5},"geometry":{"type":"LineString","coordinates":[[-73.14693,-40.58112],[-73.14698,-40.58117]]}},{"type":"Feature","properties":{"nombre":"Francisco del Campo","jerarquia":5},"geometry":{"type":"LineString","coordinates":[[-73.14698,-40.58117],[-73.1477,-40.58214]]}},{"type":"Feature","properties":{"nombre":"Francisco del Campo","jerarquia":5},"geometry":{"type":"LineString","coordinates":[[-73.1477,-40.58214],[-73.14822,-40.58327],[-73.14823,-40.58343],[-73.14804,-40.58434]]}},{"type":"Feature","properties":{"nombre":"Inés de Suárez","jerarquia":4},"geometry":{"type":"LineString","coordinates":[[-73.14603,-40.58056],[-73.14351,-40.58021]]}},{"type":"Feature","properties":{"nombre":"Inés de Suárez","jerarquia":4},"geometry":{"type":"LineString","coordinates":[[-73.14351,-40.58021],[-73.143,-40.58014]]}},{"type":"Feature","properties":{"nombre":"Plaza Yungay","jerarquia":4},"geometry":{"type":"LineString","coordinates":[[-73.13033,-40.57342],[-73.1302,-40.57352],[-73.13017,-40.57373],[-73.13009,-40.57386],[-73.12989,-40.57397],[-73.1297,-40.57399]]}},{"type":"Feature","properties":{"nombre":"Plaza Yungay","jerarquia":4},"geometry":{"type":"LineString","coordinates":[[-73.1297,-40.57399],[-73.12964,-40.57398]]}},{"type":"Feature","properties":{"nombre":"Avenida República","jerarquia":3},"geometry":{"type":"LineString","coordinates":[[-73.14357,-40.57432],[-73.14519,-40.57437]]}},{"type":"Feature","properties":{"nombre":"Avenida Juan Mackenna","jerarquia":3},"geometry":{"type":"LineString","coordinates":[[-73.1416,-40.57439],[-73.1403,-40.57441]]}},{"type":"Feature","properties":{"nombre":"Avenida Juan Mackenna","jerarquia":3},"geometry":{"type":"LineString","coordinates":[[-73.1403,-40.57441],[-73.14022,-40.57441]]}},{"type":"Feature","properties":{"nombre":"Avenida República","jerarquia":3},"geometry":{"type":"LineString","coordinates":[[-73.14512,-40.57445],[-73.14347,-40.5744]]}},{"type":"Feature","properties":{"nombre":"Eleuterio Ramírez","jerarquia":4},"geometry":{"type":"LineString","coordinates":[[-73.13503,-40.57318],[-73.13338,-40.57326]]}},{"type":"Feature","properties":{"nombre":"Eleuterio Ramírez","jerarquia":4},"geometry":{"type":"LineString","coordinates":[[-73.13338,-40.57326],[-73.13322,-40.57327]]}},{"type":"Feature","properties":{"nombre":"Eleuterio Ramírez","jerarquia":4},"geometry":{"type":"LineString","coordinates":[[-73.13322,-40.57327],[-73.13149,-40.57336]]}},{"type":"Feature","properties":{"nombre":"Patricio Lynch","jerarquia":5},"geometry":{"type":"LineString","coordinates":[[-73.12282,-40.57443],[-73.12356,-40.57441],[-73.12435,-40.57445]]}},{"type":"Feature","properties":{"nombre":"Patricio Lynch","jerarquia":5},"geometry":{"type":"LineString","coordinates":[[-73.1227,-40.57444],[-73.12282,-40.57443]]}},{"type":"Feature","properties":{"nombre":"Avenida Julio Buschmann","jerarquia":3},"geometry":{"type":"LineString","coordinates":[[-73.11288,-40.57625],[-73.11338,-40.57624]]}},{"type":"Feature","properties":{"nombre":"Avenida Julio Buschmann","jerarquia":3},"geometry":{"type":"LineString","coordinates":[[-73.11338,-40.57624],[-73.1139,-40.5762]]}},{"type":"Feature","properties":{"nombre":"Avenida Julio Buschmann","jerarquia":3},"geometry":{"type":"LineString","coordinates":[[-73.1139,-40.5762],[-73.11441,-40.57613]]}},{"type":"Feature","properties":{"nombre":"Avenida Julio Buschmann","jerarquia":3},"geometry":{"type":"LineString","coordinates":[[-73.11441,-40.57613],[-73.11455,-40.5761]]}},{"type":"Feature","properties":{"nombre":"Avenida César Ercilla","jerarquia":4},"geometry":{"type":"LineString","coordinates":[[-73.12116,-40.58531],[-73.1216,-40.58559]]}},{"type":"Feature","properties":{"nombre":"Avenida César Ercilla","jerarquia":4},"geometry":{"type":"LineString","coordinates":[[-73.1216,-40.58559],[-73.12201,-40.58584]]}},{"type":"Feature","properties":{"nombre":"Avenida César Ercilla","jerarquia":4},"geometry":{"type":"LineString","coordinates":[[-73.12201,-40.58584],[-73.12244,-40.5861]]}},{"type":"Feature","properties":{"nombre":"Avenida César Ercilla","jerarquia":4},"geometry":{"type":"LineString","coordinates":[[-73.12244,-40.5861],[-73.12286,-40.58636]]}},{"type":"Feature","properties":{"nombre":"Avenida César Ercilla","jerarquia":4},"geometry":{"type":"LineString","coordinates":[[-73.12286,-40.58636],[-73.12308,-40.58649]]}},{"type":"Feature","properties":{"nombre":"","jerarquia":1},"geometry":{"type":"LineString","coordinates":[[-73.09765,-40.58275],[-73.09765,-40.58185]]}},{"type":"Feature","properties":{"nombre":"","jerarquia":3},"geometry":{"type":"LineString","coordinates":[[-73.10432,-40.58631],[-73.10449,-40.58645]]}},{"type":"Feature","properties":{"nombre":"","jerarquia":3},"geometry":{"type":"LineString","coordinates":[[-73.10449,-40.58645],[-73.10456,-40.58651]]}},{"type":"Feature","properties":{"nombre":"Francisco Bilbao","jerarquia":5},"geometry":{"type":"LineString","coordinates":[[-73.12811,-40.57613],[-73.12633,-40.5762]]}},{"type":"Feature","properties":{"nombre":"Francisco Bilbao","jerarquia":5},"geometry":{"type":"LineString","coordinates":[[-73.12633,-40.5762],[-73.12476,-40.57631]]}},{"type":"Feature","properties":{"nombre":"Francisco Bilbao","jerarquia":5},"geometry":{"type":"LineString","coordinates":[[-73.12476,-40.57631],[-73.12458,-40.57633]]}},{"type":"Feature","properties":{"nombre":"Francisco Bilbao","jerarquia":5},"geometry":{"type":"LineString","coordinates":[[-73.12458,-40.57633],[-73.12297,-40.5764]]}},{"type":"Feature","properties":{"nombre":"Francisco Bilbao","jerarquia":5},"geometry":{"type":"LineString","coordinates":[[-73.12297,-40.5764],[-73.12292,-40.5764]]}},{"type":"Feature","properties":{"nombre":"Francisco Bilbao","jerarquia":5},"geometry":{"type":"LineString","coordinates":[[-73.12292,-40.5764],[-73.1228,-40.57641]]}},{"type":"Feature","properties":{"nombre":"Francisco Bilbao","jerarquia":5},"geometry":{"type":"LineString","coordinates":[[-73.1228,-40.57641],[-73.12119,-40.57649]]}},{"type":"Feature","properties":{"nombre":"Francisco Bilbao","jerarquia":5},"geometry":{"type":"LineString","coordinates":[[-73.12119,-40.57649],[-73.11942,-40.57654]]}},{"type":"Feature","properties":{"nombre":"Francisco Bilbao","jerarquia":5},"geometry":{"type":"LineString","coordinates":[[-73.11942,-40.57654],[-73.11777,-40.57662]]}},{"type":"Feature","properties":{"nombre":"Francisco Bilbao","jerarquia":5},"geometry":{"type":"LineString","coordinates":[[-73.11777,-40.57662],[-73.11498,-40.57676]]}},{"type":"Feature","properties":{"nombre":"","jerarquia":1},"geometry":{"type":"LineString","coordinates":[[-73.09835,-40.56081],[-73.09845,-40.56145]]}},{"type":"Feature","properties":{"nombre":"","jerarquia":1},"geometry":{"type":"LineString","coordinates":[[-73.09845,-40.56145],[-73.09848,-40.56164]]}},{"type":"Feature","properties":{"nombre":"","jerarquia":1},"geometry":{"type":"LineString","coordinates":[[-73.09838,-40.5626],[-73.0981,-40.56498]]}},{"type":"Feature","properties":{"nombre":"","jerarquia":1},"geometry":{"type":"LineString","coordinates":[[-73.10034,-40.56201],[-73.09971,-40.56188],[-73.09919,-40.56187],[-73.09882,-40.562],[-73.09852,-40.56226]]}},{"type":"Feature","properties":{"nombre":"","jerarquia":1},"geometry":{"type":"LineString","coordinates":[[-73.09852,-40.56226],[-73.09838,-40.5626]]}},{"type":"Feature","properties":{"nombre":"Chauracawuin","jerarquia":3},"geometry":{"type":"LineString","coordinates":[[-73.15373,-40.56821],[-73.156,-40.56909]]}},{"type":"Feature","properties":{"nombre":"Chauracawuin","jerarquia":3},"geometry":{"type":"LineString","coordinates":[[-73.15097,-40.56708],[-73.1514,-40.56725]]}},{"type":"Feature","properties":{"nombre":"Chauracawuin","jerarquia":3},"geometry":{"type":"LineString","coordinates":[[-73.15136,-40.56732],[-73.151,-40.56717]]}},{"type":"Feature","properties":{"nombre":"Chauracawuin","jerarquia":3},"geometry":{"type":"LineString","coordinates":[[-73.151,-40.56717],[-73.15092,-40.56713]]}},{"type":"Feature","properties":{"nombre":"","jerarquia":3},"geometry":{"type":"LineString","coordinates":[[-73.15127,-40.56673],[-73.1512,-40.56691],[-73.15121,-40.56703],[-73.1514,-40.56725]]}},{"type":"Feature","properties":{"nombre":"","jerarquia":3},"geometry":{"type":"LineString","coordinates":[[-73.15136,-40.56732],[-73.15097,-40.56728]]}},{"type":"Feature","properties":{"nombre":"","jerarquia":3},"geometry":{"type":"LineString","coordinates":[[-73.15097,-40.56728],[-73.15063,-40.56741]]}},{"type":"Feature","properties":{"nombre":"Chacarillas","jerarquia":5},"geometry":{"type":"LineString","coordinates":[[-73.17811,-40.57733],[-73.17802,-40.57763]]}},{"type":"Feature","properties":{"nombre":"Chacarillas","jerarquia":5},"geometry":{"type":"LineString","coordinates":[[-73.17802,-40.57763],[-73.17793,-40.57799]]}},{"type":"Feature","properties":{"nombre":"Parinacota","jerarquia":5},"geometry":{"type":"LineString","coordinates":[[-73.17566,-40.57765],[-73.17642,-40.57777]]}},{"type":"Feature","properties":{"nombre":"Parinacota","jerarquia":5},"geometry":{"type":"LineString","coordinates":[[-73.17642,-40.57777],[-73.17694,-40.57784]]}},{"type":"Feature","properties":{"nombre":"Parinacota","jerarquia":5},"geometry":{"type":"LineString","coordinates":[[-73.17694,-40.57784],[-73.17739,-40.57791]]}},{"type":"Feature","properties":{"nombre":"Parinacota","jerarquia":5},"geometry":{"type":"LineString","coordinates":[[-73.17739,-40.57791],[-73.17793,-40.57799]]}},{"type":"Feature","properties":{"nombre":"Concepción","jerarquia":4},"geometry":{"type":"LineString","coordinates":[[-73.1486,-40.57822],[-73.15031,-40.57807]]}},{"type":"Feature","properties":{"nombre":"Concepción","jerarquia":4},"geometry":{"type":"LineString","coordinates":[[-73.15031,-40.57807],[-73.15197,-40.57793]]}},{"type":"Feature","properties":{"nombre":"Concepción","jerarquia":4},"geometry":{"type":"LineString","coordinates":[[-73.15197,-40.57793],[-73.15317,-40.57783]]}},{"type":"Feature","properties":{"nombre":"Concepción","jerarquia":4},"geometry":{"type":"LineString","coordinates":[[-73.15317,-40.57783],[-73.15488,-40.57768]]}},{"type":"Feature","properties":{"nombre":"Concepción","jerarquia":4},"geometry":{"type":"LineString","coordinates":[[-73.15488,-40.57768],[-73.15644,-40.57754]]}},{"type":"Feature","properties":{"nombre":"Concepción","jerarquia":4},"geometry":{"type":"LineString","coordinates":[[-73.15644,-40.57754],[-73.15797,-40.57741]]}},{"type":"Feature","properties":{"nombre":"Concepción","jerarquia":4},"geometry":{"type":"LineString","coordinates":[[-73.15797,-40.57741],[-73.15863,-40.57735]]}},{"type":"Feature","properties":{"nombre":"12 de Octubre","jerarquia":5},"geometry":{"type":"LineString","coordinates":[[-73.16557,-40.56627],[-73.1661,-40.56631]]}},{"type":"Feature","properties":{"nombre":"12 de Octubre","jerarquia":5},"geometry":{"type":"LineString","coordinates":[[-73.1661,-40.56631],[-73.16657,-40.56634]]}},{"type":"Feature","properties":{"nombre":"12 de Octubre","jerarquia":5},"geometry":{"type":"LineString","coordinates":[[-73.16657,-40.56634],[-73.16701,-40.56638]]}},{"type":"Feature","properties":{"nombre":"12 de Octubre","jerarquia":5},"geometry":{"type":"LineString","coordinates":[[-73.16701,-40.56638],[-73.16747,-40.56641]]}},{"type":"Feature","properties":{"nombre":"12 de Octubre","jerarquia":5},"geometry":{"type":"LineString","coordinates":[[-73.16747,-40.56641],[-73.16826,-40.56644],[-73.16885,-40.5663]]}},{"type":"Feature","properties":{"nombre":"12 de Octubre","jerarquia":5},"geometry":{"type":"LineString","coordinates":[[-73.16885,-40.5663],[-73.16928,-40.56617]]}},{"type":"Feature","properties":{"nombre":"12 de Octubre","jerarquia":5},"geometry":{"type":"LineString","coordinates":[[-73.16928,-40.56617],[-73.16973,-40.56605]]}},{"type":"Feature","properties":{"nombre":"Avenida Farellones Sur","jerarquia":5},"geometry":{"type":"LineString","coordinates":[[-73.16914,-40.56993],[-73.16935,-40.56991],[-73.16975,-40.56999]]}},{"type":"Feature","properties":{"nombre":"Avenida Farellones Sur","jerarquia":5},"geometry":{"type":"LineString","coordinates":[[-73.16975,-40.56999],[-73.17072,-40.57014]]}},{"type":"Feature","properties":{"nombre":"Avenida Farellones Sur","jerarquia":5},"geometry":{"type":"LineString","coordinates":[[-73.17072,-40.57014],[-73.17131,-40.57022]]}},{"type":"Feature","properties":{"nombre":"Avenida Farellones Sur","jerarquia":5},"geometry":{"type":"LineString","coordinates":[[-73.17131,-40.57022],[-73.17224,-40.57036]]}},{"type":"Feature","properties":{"nombre":"Avenida Farellones Sur","jerarquia":5},"geometry":{"type":"LineString","coordinates":[[-73.17224,-40.57036],[-73.17293,-40.57045],[-73.17328,-40.57037]]}},{"type":"Feature","properties":{"nombre":"Héroes de la Concepción","jerarquia":5},"geometry":{"type":"LineString","coordinates":[[-73.15205,-40.56525],[-73.15214,-40.56502]]}},{"type":"Feature","properties":{"nombre":"Héroes de la Concepción","jerarquia":5},"geometry":{"type":"LineString","coordinates":[[-73.15214,-40.56502],[-73.15233,-40.56433]]}},{"type":"Feature","properties":{"nombre":"Héroes de la Concepción","jerarquia":5},"geometry":{"type":"LineString","coordinates":[[-73.15233,-40.56433],[-73.15249,-40.56345]]}},{"type":"Feature","properties":{"nombre":"Héroes de la Concepción","jerarquia":5},"geometry":{"type":"LineString","coordinates":[[-73.15249,-40.56345],[-73.15251,-40.56324]]}},{"type":"Feature","properties":{"nombre":"Héroes de la Concepción","jerarquia":5},"geometry":{"type":"LineString","coordinates":[[-73.15251,-40.56324],[-73.1525,-40.56218]]}},{"type":"Feature","properties":{"nombre":"Héroes de la Concepción","jerarquia":5},"geometry":{"type":"LineString","coordinates":[[-73.1525,-40.56218],[-73.15246,-40.56171]]}},{"type":"Feature","properties":{"nombre":"Héroes de la Concepción","jerarquia":5},"geometry":{"type":"LineString","coordinates":[[-73.15246,-40.56171],[-73.15228,-40.56054]]}},{"type":"Feature","properties":{"nombre":"Héroes de la Concepción","jerarquia":5},"geometry":{"type":"LineString","coordinates":[[-73.15228,-40.56054],[-73.15212,-40.55959]]}},{"type":"Feature","properties":{"nombre":"Luis Cruz","jerarquia":3},"geometry":{"type":"LineString","coordinates":[[-73.14492,-40.56734],[-73.1451,-40.5674]]}},{"type":"Feature","properties":{"nombre":"Luis Cruz","jerarquia":3},"geometry":{"type":"LineString","coordinates":[[-73.1451,-40.5674],[-73.14553,-40.56754]]}},{"type":"Feature","properties":{"nombre":"Luis Cruz","jerarquia":3},"geometry":{"type":"LineString","coordinates":[[-73.14553,-40.56754],[-73.14612,-40.56773]]}},{"type":"Feature","properties":{"nombre":"Luis Cruz","jerarquia":3},"geometry":{"type":"LineString","coordinates":[[-73.14612,-40.56773],[-73.1462,-40.56776]]}},{"type":"Feature","properties":{"nombre":"Luis Cruz","jerarquia":3},"geometry":{"type":"LineString","coordinates":[[-73.1462,-40.56776],[-73.14734,-40.56813]]}},{"type":"Feature","properties":{"nombre":"Ruta U-500","jerarquia":5},"geometry":{"type":"LineString","coordinates":[[-73.16011,-40.60032],[-73.16073,-40.60071],[-73.16116,-40.60113],[-73.16687,-40.60862],[-73.16888,-40.6107],[-73.17006,-40.61279],[-73.17037,-40.61324],[-73.17262,-40.6155]]}},{"type":"Feature","properties":{"nombre":"Ruta U-500","jerarquia":5},"geometry":{"type":"LineString","coordinates":[[-73.17262,-40.6155],[-73.1761,-40.61891],[-73.17684,-40.61979],[-73.17774,-40.6212],[-73.1787,-40.62371],[-73.17907,-40.62506],[-73.17928,-40.62669],[-73.17942,-40.62736],[-73.17992,-40.62849],[-73.17996,-40.62927],[-73.18003,-40.62952],[-73.18022,-40.62984],[-73.18056,-40.63017],[-73.18124,-40.63073],[-73.18245,-40.63158],[-73.1826,-40.6318],[-73.18262,-40.632],[-73.18254,-40.6322],[-73.18073,-40.63369],[-73.18063,-40.63386],[-73.18069,-40.63404]]}},{"type":"Feature","properties":{"nombre":"Avenida Ignacio Zenteno","jerarquia":4},"geometry":{"type":"LineString","coordinates":[[-73.12244,-40.58329],[-73.12203,-40.58394]]}},{"type":"Feature","properties":{"nombre":"Avenida Ignacio Zenteno","jerarquia":4},"geometry":{"type":"LineString","coordinates":[[-73.12203,-40.58394],[-73.12181,-40.58427]]}},{"type":"Feature","properties":{"nombre":"Avenida Ignacio Zenteno","jerarquia":4},"geometry":{"type":"LineString","coordinates":[[-73.12181,-40.58427],[-73.12153,-40.58473]]}},{"type":"Feature","properties":{"nombre":"Avenida Ignacio Zenteno","jerarquia":4},"geometry":{"type":"LineString","coordinates":[[-73.12153,-40.58473],[-73.1212,-40.58524]]}},{"type":"Feature","properties":{"nombre":"Avenida Ignacio Zenteno","jerarquia":4},"geometry":{"type":"LineString","coordinates":[[-73.1212,-40.58524],[-73.12116,-40.58531]]}},{"type":"Feature","properties":{"nombre":"Avenida Ignacio Zenteno","jerarquia":4},"geometry":{"type":"LineString","coordinates":[[-73.12336,-40.58174],[-73.12304,-40.58228]]}},{"type":"Feature","properties":{"nombre":"Avenida Ignacio Zenteno","jerarquia":4},"geometry":{"type":"LineString","coordinates":[[-73.12304,-40.58228],[-73.12283,-40.58263]]}},{"type":"Feature","properties":{"nombre":"Avenida Ignacio Zenteno","jerarquia":4},"geometry":{"type":"LineString","coordinates":[[-73.12283,-40.58263],[-73.12266,-40.58292]]}},{"type":"Feature","properties":{"nombre":"Avenida Ignacio Zenteno","jerarquia":4},"geometry":{"type":"LineString","coordinates":[[-73.12266,-40.58292],[-73.12244,-40.58329]]}},{"type":"Feature","properties":{"nombre":"","jerarquia":4},"geometry":{"type":"LineString","coordinates":[[-73.12188,-40.58389],[-73.12203,-40.58394]]}},{"type":"Feature","properties":{"nombre":"Diego de Almagro","jerarquia":4},"geometry":{"type":"LineString","coordinates":[[-73.11993,-40.59259],[-73.11879,-40.59171]]}},{"type":"Feature","properties":{"nombre":"Diego de Almagro","jerarquia":4},"geometry":{"type":"LineString","coordinates":[[-73.11879,-40.59171],[-73.11849,-40.59148]]}},{"type":"Feature","properties":{"nombre":"Diego de Almagro","jerarquia":4},"geometry":{"type":"LineString","coordinates":[[-73.11849,-40.59148],[-73.11845,-40.59145]]}},{"type":"Feature","properties":{"nombre":"Diego de Almagro","jerarquia":4},"geometry":{"type":"LineString","coordinates":[[-73.11845,-40.59145],[-73.11815,-40.59122]]}},{"type":"Feature","properties":{"nombre":"Diego de Almagro","jerarquia":4},"geometry":{"type":"LineString","coordinates":[[-73.11815,-40.59122],[-73.11778,-40.59093]]}},{"type":"Feature","properties":{"nombre":"Diego de Almagro","jerarquia":4},"geometry":{"type":"LineString","coordinates":[[-73.11778,-40.59093],[-73.11758,-40.59077]]}},{"type":"Feature","properties":{"nombre":"Diego de Almagro","jerarquia":4},"geometry":{"type":"LineString","coordinates":[[-73.11758,-40.59077],[-73.11742,-40.59065]]}},{"type":"Feature","properties":{"nombre":"Diego de Almagro","jerarquia":4},"geometry":{"type":"LineString","coordinates":[[-73.11742,-40.59065],[-73.11705,-40.59036]]}},{"type":"Feature","properties":{"nombre":"Diego de Almagro","jerarquia":4},"geometry":{"type":"LineString","coordinates":[[-73.11705,-40.59036],[-73.11672,-40.59011]]}},{"type":"Feature","properties":{"nombre":"Diego de Almagro","jerarquia":4},"geometry":{"type":"LineString","coordinates":[[-73.11672,-40.59011],[-73.11664,-40.59004]]}},{"type":"Feature","properties":{"nombre":"Diego de Almagro","jerarquia":4},"geometry":{"type":"LineString","coordinates":[[-73.11664,-40.59004],[-73.11655,-40.58997]]}},{"type":"Feature","properties":{"nombre":"Diego de Almagro","jerarquia":4},"geometry":{"type":"LineString","coordinates":[[-73.11891,-40.59162],[-73.11928,-40.5919]]}},{"type":"Feature","properties":{"nombre":"Diego de Almagro","jerarquia":4},"geometry":{"type":"LineString","coordinates":[[-73.11928,-40.5919],[-73.11997,-40.59243]]}},{"type":"Feature","properties":{"nombre":"Diego de Almagro","jerarquia":4},"geometry":{"type":"LineString","coordinates":[[-73.11997,-40.59243],[-73.12002,-40.59247]]}},{"type":"Feature","properties":{"nombre":"Diego de Almagro","jerarquia":4},"geometry":{"type":"LineString","coordinates":[[-73.11655,-40.58997],[-73.11594,-40.58948]]}},{"type":"Feature","properties":{"nombre":"Diego de Almagro","jerarquia":4},"geometry":{"type":"LineString","coordinates":[[-73.11594,-40.58948],[-73.11526,-40.58892]]}},{"type":"Feature","properties":{"nombre":"Diego de Almagro","jerarquia":4},"geometry":{"type":"LineString","coordinates":[[-73.11526,-40.58892],[-73.11468,-40.58845]]}},{"type":"Feature","properties":{"nombre":"Diego de Almagro","jerarquia":4},"geometry":{"type":"LineString","coordinates":[[-73.11468,-40.58845],[-73.11444,-40.58825]]}},{"type":"Feature","properties":{"nombre":"Diego de Almagro","jerarquia":4},"geometry":{"type":"LineString","coordinates":[[-73.11444,-40.58825],[-73.11372,-40.58766]]}},{"type":"Feature","properties":{"nombre":"Diego de Almagro","jerarquia":4},"geometry":{"type":"LineString","coordinates":[[-73.11372,-40.58766],[-73.11293,-40.58701]]}},{"type":"Feature","properties":{"nombre":"Diego de Almagro","jerarquia":4},"geometry":{"type":"LineString","coordinates":[[-73.11667,-40.58988],[-73.11676,-40.58995]]}},{"type":"Feature","properties":{"nombre":"Diego de Almagro","jerarquia":4},"geometry":{"type":"LineString","coordinates":[[-73.11676,-40.58995],[-73.1177,-40.59068]]}},{"type":"Feature","properties":{"nombre":"Diego de Almagro","jerarquia":4},"geometry":{"type":"LineString","coordinates":[[-73.1177,-40.59068],[-73.1179,-40.59084]]}},{"type":"Feature","properties":{"nombre":"Diego de Almagro","jerarquia":4},"geometry":{"type":"LineString","coordinates":[[-73.1179,-40.59084],[-73.11813,-40.59101]]}},{"type":"Feature","properties":{"nombre":"Diego de Almagro","jerarquia":4},"geometry":{"type":"LineString","coordinates":[[-73.11813,-40.59101],[-73.11856,-40.59135]]}},{"type":"Feature","properties":{"nombre":"Diego de Almagro","jerarquia":4},"geometry":{"type":"LineString","coordinates":[[-73.11856,-40.59135],[-73.11891,-40.59162]]}},{"type":"Feature","properties":{"nombre":"Avenida Alcalde René Soriano Bórquez","jerarquia":3},"geometry":{"type":"LineString","coordinates":[[-73.11579,-40.57859],[-73.11637,-40.57814]]}},{"type":"Feature","properties":{"nombre":"Avenida Alcalde René Soriano Bórquez","jerarquia":3},"geometry":{"type":"LineString","coordinates":[[-73.11664,-40.57837],[-73.11611,-40.57869]]}},{"type":"Feature","properties":{"nombre":"Avenida 18 de Septiembre","jerarquia":5},"geometry":{"type":"LineString","coordinates":[[-73.119,-40.58757],[-73.11895,-40.58753]]}},{"type":"Feature","properties":{"nombre":"Avenida 18 de Septiembre","jerarquia":5},"geometry":{"type":"LineString","coordinates":[[-73.11895,-40.58753],[-73.11844,-40.58714]]}},{"type":"Feature","properties":{"nombre":"Avenida 18 de Septiembre","jerarquia":5},"geometry":{"type":"LineString","coordinates":[[-73.11844,-40.58714],[-73.11806,-40.58685]]}},{"type":"Feature","properties":{"nombre":"Avenida 18 de Septiembre","jerarquia":5},"geometry":{"type":"LineString","coordinates":[[-73.11806,-40.58685],[-73.11799,-40.5868]]}},{"type":"Feature","properties":{"nombre":"Avenida 18 de Septiembre","jerarquia":5},"geometry":{"type":"LineString","coordinates":[[-73.11799,-40.5868],[-73.11763,-40.58652]]}},{"type":"Feature","properties":{"nombre":"Avenida 18 de Septiembre","jerarquia":5},"geometry":{"type":"LineString","coordinates":[[-73.11763,-40.58652],[-73.11722,-40.58618]]}},{"type":"Feature","properties":{"nombre":"","jerarquia":3},"geometry":{"type":"LineString","coordinates":[[-73.10133,-40.58904],[-73.10147,-40.58907],[-73.10156,-40.58915]]}},{"type":"Feature","properties":{"nombre":"Avenida Alcalde René Soriano Bórquez","jerarquia":3},"geometry":{"type":"LineString","coordinates":[[-73.11657,-40.5783],[-73.11611,-40.57869]]}},{"type":"Feature","properties":{"nombre":"Pilauco","jerarquia":3},"geometry":{"type":"LineString","coordinates":[[-73.12263,-40.56452],[-73.1243,-40.56468],[-73.12695,-40.56533],[-73.12867,-40.56586],[-73.12974,-40.5663],[-73.13,-40.56648],[-73.13021,-40.56671]]}},{"type":"Feature","properties":{"nombre":"Pilauco","jerarquia":3},"geometry":{"type":"LineString","coordinates":[[-73.13021,-40.56671],[-73.13064,-40.56723],[-73.13087,-40.56739],[-73.13111,-40.56747],[-73.13647,-40.56822],[-73.13816,-40.5684],[-73.13912,-40.56828]]}},{"type":"Feature","properties":{"nombre":"Santa María","jerarquia":5},"geometry":{"type":"LineString","coordinates":[[-73.11286,-40.57077],[-73.11511,-40.57066]]}},{"type":"Feature","properties":{"nombre":"Avenida Julio Buschmann","jerarquia":3},"geometry":{"type":"LineString","coordinates":[[-73.103,-40.5791],[-73.10387,-40.57871]]}},{"type":"Feature","properties":{"nombre":"Avenida Julio Buschmann","jerarquia":3},"geometry":{"type":"LineString","coordinates":[[-73.10387,-40.57871],[-73.10403,-40.57864]]}},{"type":"Feature","properties":{"nombre":"Avenida Julio Buschmann","jerarquia":3},"geometry":{"type":"LineString","coordinates":[[-73.10403,-40.57864],[-73.10409,-40.57862]]}},{"type":"Feature","properties":{"nombre":"Avenida Julio Buschmann","jerarquia":3},"geometry":{"type":"LineString","coordinates":[[-73.10409,-40.57862],[-73.10427,-40.57854]]}},{"type":"Feature","properties":{"nombre":"Avenida Julio Buschmann","jerarquia":3},"geometry":{"type":"LineString","coordinates":[[-73.10427,-40.57854],[-73.10473,-40.57835]]}},{"type":"Feature","properties":{"nombre":"Avenida Julio Buschmann","jerarquia":3},"geometry":{"type":"LineString","coordinates":[[-73.10473,-40.57835],[-73.10501,-40.57824]]}},{"type":"Feature","properties":{"nombre":"Avenida Julio Buschmann","jerarquia":3},"geometry":{"type":"LineString","coordinates":[[-73.10501,-40.57824],[-73.10711,-40.57737]]}},{"type":"Feature","properties":{"nombre":"Avenida Julio Buschmann","jerarquia":3},"geometry":{"type":"LineString","coordinates":[[-73.10711,-40.57737],[-73.10721,-40.57733]]}},{"type":"Feature","properties":{"nombre":"Aníbal Pinto","jerarquia":5},"geometry":{"type":"LineString","coordinates":[[-73.12411,-40.57136],[-73.12265,-40.57143]]}},{"type":"Feature","properties":{"nombre":"Aníbal Pinto","jerarquia":5},"geometry":{"type":"LineString","coordinates":[[-73.12265,-40.57143],[-73.12122,-40.57149]]}},{"type":"Feature","properties":{"nombre":"Aníbal Pinto","jerarquia":5},"geometry":{"type":"LineString","coordinates":[[-73.12122,-40.57149],[-73.11972,-40.57155]]}},{"type":"Feature","properties":{"nombre":"Aníbal Pinto","jerarquia":5},"geometry":{"type":"LineString","coordinates":[[-73.11972,-40.57155],[-73.11825,-40.57162]]}},{"type":"Feature","properties":{"nombre":"Aníbal Pinto","jerarquia":5},"geometry":{"type":"LineString","coordinates":[[-73.11825,-40.57162],[-73.11675,-40.57169]]}},{"type":"Feature","properties":{"nombre":"Aníbal Pinto","jerarquia":5},"geometry":{"type":"LineString","coordinates":[[-73.11675,-40.57169],[-73.11529,-40.57175]]}},{"type":"Feature","properties":{"nombre":"Santiago Rosas","jerarquia":5},"geometry":{"type":"LineString","coordinates":[[-73.12374,-40.58702],[-73.12382,-40.58694]]}},{"type":"Feature","properties":{"nombre":"Santiago Rosas","jerarquia":5},"geometry":{"type":"LineString","coordinates":[[-73.12077,-40.59139],[-73.121,-40.59104]]}},{"type":"Feature","properties":{"nombre":"Santiago Rosas","jerarquia":5},"geometry":{"type":"LineString","coordinates":[[-73.121,-40.59104],[-73.12135,-40.59053]]}},{"type":"Feature","properties":{"nombre":"Santiago Rosas","jerarquia":5},"geometry":{"type":"LineString","coordinates":[[-73.12135,-40.59053],[-73.12155,-40.59024]]}},{"type":"Feature","properties":{"nombre":"Santiago Rosas","jerarquia":5},"geometry":{"type":"LineString","coordinates":[[-73.12155,-40.59024],[-73.12181,-40.58986]]}},{"type":"Feature","properties":{"nombre":"Santiago Rosas","jerarquia":5},"geometry":{"type":"LineString","coordinates":[[-73.12181,-40.58986],[-73.12217,-40.58933]]}},{"type":"Feature","properties":{"nombre":"Santiago Rosas","jerarquia":5},"geometry":{"type":"LineString","coordinates":[[-73.12217,-40.58933],[-73.12244,-40.58894]]}},{"type":"Feature","properties":{"nombre":"Santiago Rosas","jerarquia":5},"geometry":{"type":"LineString","coordinates":[[-73.12244,-40.58894],[-73.12269,-40.58857]]}},{"type":"Feature","properties":{"nombre":"Santiago Rosas","jerarquia":5},"geometry":{"type":"LineString","coordinates":[[-73.12269,-40.58857],[-73.12293,-40.58822]]}},{"type":"Feature","properties":{"nombre":"Santiago Rosas","jerarquia":5},"geometry":{"type":"LineString","coordinates":[[-73.12293,-40.58822],[-73.12342,-40.5875]]}},{"type":"Feature","properties":{"nombre":"Santiago Rosas","jerarquia":5},"geometry":{"type":"LineString","coordinates":[[-73.12342,-40.5875],[-73.1237,-40.58709]]}},{"type":"Feature","properties":{"nombre":"Santiago Rosas","jerarquia":5},"geometry":{"type":"LineString","coordinates":[[-73.1237,-40.58709],[-73.12374,-40.58702]]}},{"type":"Feature","properties":{"nombre":"Avenida 18 de Septiembre","jerarquia":5},"geometry":{"type":"LineString","coordinates":[[-73.11908,-40.58762],[-73.119,-40.58757]]}},{"type":"Feature","properties":{"nombre":"Camino Las Quemas - Osorno","jerarquia":4},"geometry":{"type":"LineString","coordinates":[[-73.12718,-40.62188],[-73.12629,-40.61945],[-73.12572,-40.61826],[-73.12442,-40.61644],[-73.12366,-40.61554],[-73.12277,-40.61461],[-73.12253,-40.61424],[-73.12242,-40.61377],[-73.12238,-40.61203],[-73.12242,-40.61157]]}},{"type":"Feature","properties":{"nombre":"","jerarquia":1},"geometry":{"type":"LineString","coordinates":[[-73.09819,-40.59203],[-73.09803,-40.59136]]}},{"type":"Feature","properties":{"nombre":"","jerarquia":2},"geometry":{"type":"LineString","coordinates":[[-73.05894,-40.60185],[-73.05891,-40.60165],[-73.05902,-40.60145]]}},{"type":"Feature","properties":{"nombre":"","jerarquia":2},"geometry":{"type":"LineString","coordinates":[[-73.05926,-40.60169],[-73.05911,-40.6019],[-73.05907,-40.6021]]}},{"type":"Feature","properties":{"nombre":"Alcalde Alberto Fuchslocher","jerarquia":2},"geometry":{"type":"LineString","coordinates":[[-73.09732,-40.58161],[-73.09682,-40.58171],[-73.09653,-40.58183],[-73.09573,-40.58242]]}},{"type":"Feature","properties":{"nombre":"Los Boldos","jerarquia":5},"geometry":{"type":"LineString","coordinates":[[-73.16075,-40.54872],[-73.16056,-40.54904]]}},{"type":"Feature","properties":{"nombre":"Los Boldos","jerarquia":5},"geometry":{"type":"LineString","coordinates":[[-73.16056,-40.54904],[-73.16037,-40.54935]]}},{"type":"Feature","properties":{"nombre":"Los Boldos","jerarquia":5},"geometry":{"type":"LineString","coordinates":[[-73.16037,-40.54935],[-73.1602,-40.54962]]}},{"type":"Feature","properties":{"nombre":"Los Boldos","jerarquia":5},"geometry":{"type":"LineString","coordinates":[[-73.1602,-40.54962],[-73.16004,-40.54989]]}},{"type":"Feature","properties":{"nombre":"Los Boldos","jerarquia":5},"geometry":{"type":"LineString","coordinates":[[-73.16004,-40.54989],[-73.15987,-40.55017]]}},{"type":"Feature","properties":{"nombre":"Los Boldos","jerarquia":5},"geometry":{"type":"LineString","coordinates":[[-73.15987,-40.55017],[-73.15967,-40.55049]]}},{"type":"Feature","properties":{"nombre":"Los Boldos","jerarquia":5},"geometry":{"type":"LineString","coordinates":[[-73.15967,-40.55049],[-73.15947,-40.55081]]}},{"type":"Feature","properties":{"nombre":"Los Boldos","jerarquia":5},"geometry":{"type":"LineString","coordinates":[[-73.15947,-40.55081],[-73.15929,-40.5511]]}},{"type":"Feature","properties":{"nombre":"Los Boldos","jerarquia":5},"geometry":{"type":"LineString","coordinates":[[-73.15929,-40.5511],[-73.15927,-40.55115]]}},{"type":"Feature","properties":{"nombre":"Los Boldos","jerarquia":5},"geometry":{"type":"LineString","coordinates":[[-73.15927,-40.55115],[-73.15913,-40.5514]]}},{"type":"Feature","properties":{"nombre":"Los Boldos","jerarquia":5},"geometry":{"type":"LineString","coordinates":[[-73.15913,-40.5514],[-73.15896,-40.55169]]}},{"type":"Feature","properties":{"nombre":"Los Boldos","jerarquia":5},"geometry":{"type":"LineString","coordinates":[[-73.15896,-40.55169],[-73.15878,-40.55199]]}},{"type":"Feature","properties":{"nombre":"Los Boldos","jerarquia":5},"geometry":{"type":"LineString","coordinates":[[-73.15878,-40.55199],[-73.1584,-40.55262]]}},{"type":"Feature","properties":{"nombre":"Los Boldos","jerarquia":5},"geometry":{"type":"LineString","coordinates":[[-73.1584,-40.55262],[-73.15826,-40.55286]]}},{"type":"Feature","properties":{"nombre":"Los Boldos","jerarquia":5},"geometry":{"type":"LineString","coordinates":[[-73.15826,-40.55286],[-73.1582,-40.55296]]}},{"type":"Feature","properties":{"nombre":"Los Boldos","jerarquia":5},"geometry":{"type":"LineString","coordinates":[[-73.1582,-40.55296],[-73.1581,-40.55314]]}},{"type":"Feature","properties":{"nombre":"Los Boldos","jerarquia":5},"geometry":{"type":"LineString","coordinates":[[-73.1581,-40.55314],[-73.15799,-40.55333]]}},{"type":"Feature","properties":{"nombre":"Los Boldos","jerarquia":5},"geometry":{"type":"LineString","coordinates":[[-73.15799,-40.55333],[-73.15791,-40.55345]]}},{"type":"Feature","properties":{"nombre":"Los Boldos","jerarquia":5},"geometry":{"type":"LineString","coordinates":[[-73.15791,-40.55345],[-73.15777,-40.55369]]}},{"type":"Feature","properties":{"nombre":"Los Boldos","jerarquia":5},"geometry":{"type":"LineString","coordinates":[[-73.15777,-40.55369],[-73.1577,-40.55379]]}},{"type":"Feature","properties":{"nombre":"Los Boldos","jerarquia":5},"geometry":{"type":"LineString","coordinates":[[-73.1577,-40.55379],[-73.15752,-40.55409]]}},{"type":"Feature","properties":{"nombre":"Los Boldos","jerarquia":5},"geometry":{"type":"LineString","coordinates":[[-73.15752,-40.55409],[-73.15705,-40.55486]]}},{"type":"Feature","properties":{"nombre":"Los Boldos","jerarquia":5},"geometry":{"type":"LineString","coordinates":[[-73.15705,-40.55486],[-73.15684,-40.5552]]}},{"type":"Feature","properties":{"nombre":"Los Boldos","jerarquia":5},"geometry":{"type":"LineString","coordinates":[[-73.15684,-40.5552],[-73.15661,-40.55554]]}},{"type":"Feature","properties":{"nombre":"Los Boldos","jerarquia":5},"geometry":{"type":"LineString","coordinates":[[-73.15661,-40.55554],[-73.15652,-40.55567]]}},{"type":"Feature","properties":{"nombre":"","jerarquia":1},"geometry":{"type":"LineString","coordinates":[[-73.06803,-40.51828],[-73.06769,-40.51638]]}},{"type":"Feature","properties":{"nombre":"","jerarquia":1},"geometry":{"type":"LineString","coordinates":[[-73.07251,-40.52952],[-73.07372,-40.53087]]}},{"type":"Feature","properties":{"nombre":"","jerarquia":1},"geometry":{"type":"LineString","coordinates":[[-73.06917,-40.51908],[-73.06937,-40.52058]]}},{"type":"Feature","properties":{"nombre":"","jerarquia":1},"geometry":{"type":"LineString","coordinates":[[-73.07771,-40.53516],[-73.07809,-40.53591]]}},{"type":"Feature","properties":{"nombre":"","jerarquia":1},"geometry":{"type":"LineString","coordinates":[[-73.09888,-40.59402],[-73.09855,-40.59309]]}},{"type":"Feature","properties":{"nombre":"","jerarquia":1},"geometry":{"type":"LineString","coordinates":[[-73.10313,-40.60558],[-73.10316,-40.60614]]}},{"type":"Feature","properties":{"nombre":"La Misión","jerarquia":5},"geometry":{"type":"LineString","coordinates":[[-73.16551,-40.56655],[-73.16557,-40.56627]]}},{"type":"Feature","properties":{"nombre":"La Misión","jerarquia":5},"geometry":{"type":"LineString","coordinates":[[-73.16557,-40.56627],[-73.16569,-40.56533]]}},{"type":"Feature","properties":{"nombre":"La Misión","jerarquia":5},"geometry":{"type":"LineString","coordinates":[[-73.16569,-40.56533],[-73.16574,-40.56496]]}},{"type":"Feature","properties":{"nombre":"","jerarquia":1},"geometry":{"type":"LineString","coordinates":[[-73.09044,-40.54884],[-73.0905,-40.54915]]}},{"type":"Feature","properties":{"nombre":"","jerarquia":1},"geometry":{"type":"LineString","coordinates":[[-73.08922,-40.54777],[-73.08963,-40.54798]]}},{"type":"Feature","properties":{"nombre":"Avenida Ignacio Zenteno","jerarquia":4},"geometry":{"type":"LineString","coordinates":[[-73.11782,-40.58887],[-73.11825,-40.58839]]}},{"type":"Feature","properties":{"nombre":"Avenida Ignacio Zenteno","jerarquia":4},"geometry":{"type":"LineString","coordinates":[[-73.11825,-40.58839],[-73.11865,-40.58795]]}},{"type":"Feature","properties":{"nombre":"Avenida Ignacio Zenteno","jerarquia":4},"geometry":{"type":"LineString","coordinates":[[-73.11865,-40.58795],[-73.119,-40.58757]]}},{"type":"Feature","properties":{"nombre":"Avenida Alcalde René Soriano Bórquez","jerarquia":3},"geometry":{"type":"LineString","coordinates":[[-73.11463,-40.57971],[-73.11366,-40.58037]]}},{"type":"Feature","properties":{"nombre":"Avenida Alcalde René Soriano Bórquez","jerarquia":3},"geometry":{"type":"LineString","coordinates":[[-73.11366,-40.58037],[-73.11358,-40.58042]]}},{"type":"Feature","properties":{"nombre":"Avenida Alcalde René Soriano Bórquez","jerarquia":3},"geometry":{"type":"LineString","coordinates":[[-73.11358,-40.58042],[-73.11271,-40.58102]]}},{"type":"Feature","properties":{"nombre":"Avenida Alcalde René Soriano Bórquez","jerarquia":3},"geometry":{"type":"LineString","coordinates":[[-73.11271,-40.58102],[-73.11217,-40.58139]]}},{"type":"Feature","properties":{"nombre":"Avenida Alcalde René Soriano Bórquez","jerarquia":3},"geometry":{"type":"LineString","coordinates":[[-73.11217,-40.58139],[-73.11204,-40.58148]]}},{"type":"Feature","properties":{"nombre":"Avenida Alcalde René Soriano Bórquez","jerarquia":3},"geometry":{"type":"LineString","coordinates":[[-73.11204,-40.58148],[-73.11164,-40.58175]]}},{"type":"Feature","properties":{"nombre":"Avenida Alcalde René Soriano Bórquez","jerarquia":3},"geometry":{"type":"LineString","coordinates":[[-73.11164,-40.58175],[-73.11135,-40.58195]]}},{"type":"Feature","properties":{"nombre":"Avenida Alcalde René Soriano Bórquez","jerarquia":3},"geometry":{"type":"LineString","coordinates":[[-73.11135,-40.58195],[-73.11132,-40.58197]]}},{"type":"Feature","properties":{"nombre":"Avenida Alcalde René Soriano Bórquez","jerarquia":3},"geometry":{"type":"LineString","coordinates":[[-73.11132,-40.58197],[-73.11098,-40.5822]]}},{"type":"Feature","properties":{"nombre":"Avenida Alcalde René Soriano Bórquez","jerarquia":3},"geometry":{"type":"LineString","coordinates":[[-73.11098,-40.5822],[-73.10994,-40.58291]]}},{"type":"Feature","properties":{"nombre":"Avenida Ignacio Zenteno","jerarquia":4},"geometry":{"type":"LineString","coordinates":[[-73.12321,-40.58172],[-73.12329,-40.58152]]}},{"type":"Feature","properties":{"nombre":"Avenida Ignacio Zenteno","jerarquia":4},"geometry":{"type":"LineString","coordinates":[[-73.12329,-40.58152],[-73.1233,-40.58091]]}},{"type":"Feature","properties":{"nombre":"Avenida Ignacio Zenteno","jerarquia":4},"geometry":{"type":"LineString","coordinates":[[-73.12102,-40.58523],[-73.12167,-40.5842]]}},{"type":"Feature","properties":{"nombre":"Avenida Ignacio Zenteno","jerarquia":4},"geometry":{"type":"LineString","coordinates":[[-73.12167,-40.5842],[-73.12188,-40.58389]]}},{"type":"Feature","properties":{"nombre":"Avenida Ignacio Zenteno","jerarquia":4},"geometry":{"type":"LineString","coordinates":[[-73.12188,-40.58389],[-73.1223,-40.58323]]}},{"type":"Feature","properties":{"nombre":"Avenida Ignacio Zenteno","jerarquia":4},"geometry":{"type":"LineString","coordinates":[[-73.1233,-40.58091],[-73.12319,-40.58002]]}},{"type":"Feature","properties":{"nombre":"Avenida Ignacio Zenteno","jerarquia":4},"geometry":{"type":"LineString","coordinates":[[-73.12319,-40.58002],[-73.12313,-40.57946]]}},{"type":"Feature","properties":{"nombre":"Avenida Ignacio Zenteno","jerarquia":4},"geometry":{"type":"LineString","coordinates":[[-73.12313,-40.57946],[-73.1231,-40.57924]]}},{"type":"Feature","properties":{"nombre":"Avenida Ignacio Zenteno","jerarquia":4},"geometry":{"type":"LineString","coordinates":[[-73.1231,-40.57924],[-73.12294,-40.57786]]}},{"type":"Feature","properties":{"nombre":"Avenida Ignacio Zenteno","jerarquia":4},"geometry":{"type":"LineString","coordinates":[[-73.12294,-40.57786],[-73.12293,-40.57777]]}},{"type":"Feature","properties":{"nombre":"Avenida Ignacio Zenteno","jerarquia":4},"geometry":{"type":"LineString","coordinates":[[-73.1223,-40.58323],[-73.12272,-40.58254]]}},{"type":"Feature","properties":{"nombre":"Avenida Ignacio Zenteno","jerarquia":4},"geometry":{"type":"LineString","coordinates":[[-73.12272,-40.58254],[-73.12321,-40.58172]]}},{"type":"Feature","properties":{"nombre":"Avenida Ignacio Zenteno","jerarquia":4},"geometry":{"type":"LineString","coordinates":[[-73.11792,-40.58894],[-73.11685,-40.58989]]}},{"type":"Feature","properties":{"nombre":"Avenida Ignacio Zenteno","jerarquia":4},"geometry":{"type":"LineString","coordinates":[[-73.11685,-40.58989],[-73.11676,-40.58995]]}},{"type":"Feature","properties":{"nombre":"Avenida Alcalde René Soriano Bórquez","jerarquia":3},"geometry":{"type":"LineString","coordinates":[[-73.10876,-40.58339],[-73.10972,-40.58273]]}},{"type":"Feature","properties":{"nombre":"Avenida Alcalde René Soriano Bórquez","jerarquia":3},"geometry":{"type":"LineString","coordinates":[[-73.10972,-40.58273],[-73.11076,-40.58202]]}},{"type":"Feature","properties":{"nombre":"Avenida Alcalde René Soriano Bórquez","jerarquia":3},"geometry":{"type":"LineString","coordinates":[[-73.11076,-40.58202],[-73.11114,-40.58176]]}},{"type":"Feature","properties":{"nombre":"Avenida Alcalde René Soriano Bórquez","jerarquia":3},"geometry":{"type":"LineString","coordinates":[[-73.11114,-40.58176],[-73.11183,-40.58129]]}},{"type":"Feature","properties":{"nombre":"Avenida Ignacio Zenteno","jerarquia":4},"geometry":{"type":"LineString","coordinates":[[-73.119,-40.58757],[-73.11964,-40.58682]]}},{"type":"Feature","properties":{"nombre":"Avenida Ignacio Zenteno","jerarquia":4},"geometry":{"type":"LineString","coordinates":[[-73.11964,-40.58682],[-73.1202,-40.58618]]}},{"type":"Feature","properties":{"nombre":"Avenida Ignacio Zenteno","jerarquia":4},"geometry":{"type":"LineString","coordinates":[[-73.1202,-40.58618],[-73.12086,-40.58541]]}},{"type":"Feature","properties":{"nombre":"Avenida Ignacio Zenteno","jerarquia":4},"geometry":{"type":"LineString","coordinates":[[-73.12086,-40.58541],[-73.12093,-40.58533]]}},{"type":"Feature","properties":{"nombre":"Avenida Ignacio Zenteno","jerarquia":4},"geometry":{"type":"LineString","coordinates":[[-73.11908,-40.58762],[-73.11866,-40.58809]]}},{"type":"Feature","properties":{"nombre":"Avenida Ignacio Zenteno","jerarquia":4},"geometry":{"type":"LineString","coordinates":[[-73.11866,-40.58809],[-73.11817,-40.58866]]}},{"type":"Feature","properties":{"nombre":"Avenida Ignacio Zenteno","jerarquia":4},"geometry":{"type":"LineString","coordinates":[[-73.11817,-40.58866],[-73.11792,-40.58894]]}},{"type":"Feature","properties":{"nombre":"Avenida Alcalde René Soriano Bórquez","jerarquia":3},"geometry":{"type":"LineString","coordinates":[[-73.11579,-40.57859],[-73.11604,-40.57851],[-73.11637,-40.5783]]}},{"type":"Feature","properties":{"nombre":"Avenida Alcalde René Soriano Bórquez","jerarquia":3},"geometry":{"type":"LineString","coordinates":[[-73.11637,-40.5783],[-73.11647,-40.57823]]}},{"type":"Feature","properties":{"nombre":"Avenida Alcalde René Soriano Bórquez","jerarquia":3},"geometry":{"type":"LineString","coordinates":[[-73.10578,-40.58566],[-73.10456,-40.58651]]}},{"type":"Feature","properties":{"nombre":"Avenida Juan Mackenna","jerarquia":3},"geometry":{"type":"LineString","coordinates":[[-73.11661,-40.57572],[-73.11574,-40.57589]]}},{"type":"Feature","properties":{"nombre":"Avenida Ignacio Zenteno","jerarquia":4},"geometry":{"type":"LineString","coordinates":[[-73.12343,-40.5809],[-73.12342,-40.58154]]}},{"type":"Feature","properties":{"nombre":"Avenida Ignacio Zenteno","jerarquia":4},"geometry":{"type":"LineString","coordinates":[[-73.12342,-40.58154],[-73.12336,-40.58174]]}},{"type":"Feature","properties":{"nombre":"Los Carrera","jerarquia":4},"geometry":{"type":"LineString","coordinates":[[-73.14032,-40.57164],[-73.14045,-40.57164]]}},{"type":"Feature","properties":{"nombre":"Los Carrera","jerarquia":4},"geometry":{"type":"LineString","coordinates":[[-73.14045,-40.57164],[-73.14144,-40.5716]]}},{"type":"Feature","properties":{"nombre":"Los Carrera","jerarquia":4},"geometry":{"type":"LineString","coordinates":[[-73.14144,-40.5716],[-73.14325,-40.57154]]}},{"type":"Feature","properties":{"nombre":"Avenida Ignacio Zenteno","jerarquia":4},"geometry":{"type":"LineString","coordinates":[[-73.12107,-40.58541],[-73.12033,-40.58623]]}},{"type":"Feature","properties":{"nombre":"Avenida Ignacio Zenteno","jerarquia":4},"geometry":{"type":"LineString","coordinates":[[-73.12033,-40.58623],[-73.12001,-40.58659]]}},{"type":"Feature","properties":{"nombre":"Avenida Ignacio Zenteno","jerarquia":4},"geometry":{"type":"LineString","coordinates":[[-73.12001,-40.58659],[-73.11974,-40.58689]]}},{"type":"Feature","properties":{"nombre":"Avenida Ignacio Zenteno","jerarquia":4},"geometry":{"type":"LineString","coordinates":[[-73.11974,-40.58689],[-73.11908,-40.58762]]}},{"type":"Feature","properties":{"nombre":"Los Carrera","jerarquia":4},"geometry":{"type":"LineString","coordinates":[[-73.11544,-40.57291],[-73.11684,-40.57284]]}},{"type":"Feature","properties":{"nombre":"Los Carrera","jerarquia":4},"geometry":{"type":"LineString","coordinates":[[-73.11684,-40.57284],[-73.11832,-40.57277]]}},{"type":"Feature","properties":{"nombre":"Ruta 5 Sur","jerarquia":1},"geometry":{"type":"LineString","coordinates":[[-73.09777,-40.57831],[-73.0978,-40.57559]]}},{"type":"Feature","properties":{"nombre":"Los Carrera","jerarquia":4},"geometry":{"type":"LineString","coordinates":[[-73.11832,-40.57277],[-73.11976,-40.57271]]}},{"type":"Feature","properties":{"nombre":"Los Carrera","jerarquia":4},"geometry":{"type":"LineString","coordinates":[[-73.11976,-40.57271],[-73.12124,-40.57265]]}},{"type":"Feature","properties":{"nombre":"Los Carrera","jerarquia":4},"geometry":{"type":"LineString","coordinates":[[-73.12124,-40.57265],[-73.1227,-40.57257]]}},{"type":"Feature","properties":{"nombre":"Los Carrera","jerarquia":4},"geometry":{"type":"LineString","coordinates":[[-73.1227,-40.57257],[-73.12404,-40.5725]]}},{"type":"Feature","properties":{"nombre":"Los Carrera","jerarquia":4},"geometry":{"type":"LineString","coordinates":[[-73.12404,-40.5725],[-73.1242,-40.57249]]}},{"type":"Feature","properties":{"nombre":"Los Carrera","jerarquia":4},"geometry":{"type":"LineString","coordinates":[[-73.1242,-40.57249],[-73.12559,-40.57241]]}},{"type":"Feature","properties":{"nombre":"Los Carrera","jerarquia":4},"geometry":{"type":"LineString","coordinates":[[-73.12559,-40.57241],[-73.12737,-40.5723]]}},{"type":"Feature","properties":{"nombre":"Los Carrera","jerarquia":4},"geometry":{"type":"LineString","coordinates":[[-73.12737,-40.5723],[-73.1275,-40.57229]]}},{"type":"Feature","properties":{"nombre":"Patricio Lynch","jerarquia":5},"geometry":{"type":"LineString","coordinates":[[-73.12435,-40.57445],[-73.12759,-40.57417]]}},{"type":"Feature","properties":{"nombre":"Patricio Lynch","jerarquia":5},"geometry":{"type":"LineString","coordinates":[[-73.12759,-40.57417],[-73.12776,-40.57415]]}},{"type":"Feature","properties":{"nombre":"Patricio Lynch","jerarquia":5},"geometry":{"type":"LineString","coordinates":[[-73.12776,-40.57415],[-73.12954,-40.57399]]}},{"type":"Feature","properties":{"nombre":"Patricio Lynch","jerarquia":5},"geometry":{"type":"LineString","coordinates":[[-73.12954,-40.57399],[-73.12964,-40.57398]]}},{"type":"Feature","properties":{"nombre":"Arturo Prat","jerarquia":4},"geometry":{"type":"LineString","coordinates":[[-73.12925,-40.57744],[-73.1291,-40.57874]]}},{"type":"Feature","properties":{"nombre":"Plaza Yungay","jerarquia":5},"geometry":{"type":"LineString","coordinates":[[-73.13033,-40.57342],[-73.12991,-40.57312]]}},{"type":"Feature","properties":{"nombre":"Federico Errázuriz","jerarquia":5},"geometry":{"type":"LineString","coordinates":[[-73.12428,-40.57363],[-73.12275,-40.57368]]}},{"type":"Feature","properties":{"nombre":"Federico Errázuriz","jerarquia":5},"geometry":{"type":"LineString","coordinates":[[-73.12275,-40.57368],[-73.12127,-40.57374]]}},{"type":"Feature","properties":{"nombre":"Federico Errázuriz","jerarquia":5},"geometry":{"type":"LineString","coordinates":[[-73.12127,-40.57374],[-73.12106,-40.57375]]}},{"type":"Feature","properties":{"nombre":"Federico Errázuriz","jerarquia":5},"geometry":{"type":"LineString","coordinates":[[-73.12106,-40.57375],[-73.1198,-40.5738]]}},{"type":"Feature","properties":{"nombre":"Federico Errázuriz","jerarquia":5},"geometry":{"type":"LineString","coordinates":[[-73.1198,-40.5738],[-73.11911,-40.57383]]}},{"type":"Feature","properties":{"nombre":"Federico Errázuriz","jerarquia":5},"geometry":{"type":"LineString","coordinates":[[-73.11911,-40.57383],[-73.11836,-40.57387]]}},{"type":"Feature","properties":{"nombre":"Federico Errázuriz","jerarquia":5},"geometry":{"type":"LineString","coordinates":[[-73.11836,-40.57387],[-73.11739,-40.57391]]}},{"type":"Feature","properties":{"nombre":"Federico Errázuriz","jerarquia":5},"geometry":{"type":"LineString","coordinates":[[-73.11739,-40.57391],[-73.117,-40.57392]]}},{"type":"Feature","properties":{"nombre":"Federico Errázuriz","jerarquia":5},"geometry":{"type":"LineString","coordinates":[[-73.117,-40.57392],[-73.11563,-40.57398]]}},{"type":"Feature","properties":{"nombre":"Federico Errázuriz","jerarquia":5},"geometry":{"type":"LineString","coordinates":[[-73.11563,-40.57398],[-73.11555,-40.57398]]}},{"type":"Feature","properties":{"nombre":"Federico Errázuriz","jerarquia":5},"geometry":{"type":"LineString","coordinates":[[-73.11555,-40.57398],[-73.11457,-40.57402]]}},{"type":"Feature","properties":{"nombre":"Ramón Freire","jerarquia":4},"geometry":{"type":"LineString","coordinates":[[-73.13108,-40.57739],[-73.13109,-40.5773]]}},{"type":"Feature","properties":{"nombre":"Ramón Freire","jerarquia":4},"geometry":{"type":"LineString","coordinates":[[-73.13109,-40.5773],[-73.13119,-40.57613]]}},{"type":"Feature","properties":{"nombre":"Ramón Freire","jerarquia":4},"geometry":{"type":"LineString","coordinates":[[-73.13119,-40.57613],[-73.1312,-40.57602]]}},{"type":"Feature","properties":{"nombre":"Ramón Freire","jerarquia":4},"geometry":{"type":"LineString","coordinates":[[-73.1312,-40.57602],[-73.13131,-40.57505]]}},{"type":"Feature","properties":{"nombre":"Ramón Freire","jerarquia":4},"geometry":{"type":"LineString","coordinates":[[-73.13131,-40.57505],[-73.13132,-40.57496]]}},{"type":"Feature","properties":{"nombre":"Arturo Prat","jerarquia":4},"geometry":{"type":"LineString","coordinates":[[-73.12882,-40.58114],[-73.12855,-40.58318],[-73.12856,-40.58331],[-73.12866,-40.58355]]}},{"type":"Feature","properties":{"nombre":"Francisco Errázuriz","jerarquia":5},"geometry":{"type":"LineString","coordinates":[[-73.11457,-40.57402],[-73.11419,-40.57411],[-73.11378,-40.57443]]}},{"type":"Feature","properties":{"nombre":"Los Carrera","jerarquia":4},"geometry":{"type":"LineString","coordinates":[[-73.11082,-40.57393],[-73.11284,-40.57347]]}},{"type":"Feature","properties":{"nombre":"Los Carrera","jerarquia":4},"geometry":{"type":"LineString","coordinates":[[-73.11284,-40.57347],[-73.11432,-40.57314]]}},{"type":"Feature","properties":{"nombre":"Los Carrera","jerarquia":4},"geometry":{"type":"LineString","coordinates":[[-73.11432,-40.57314],[-73.11544,-40.57291]]}},{"type":"Feature","properties":{"nombre":"Germán Hube","jerarquia":5},"geometry":{"type":"LineString","coordinates":[[-73.13186,-40.57006],[-73.13198,-40.56997],[-73.13214,-40.56994]]}},{"type":"Feature","properties":{"nombre":"Avenida Francia","jerarquia":4},"geometry":{"type":"LineString","coordinates":[[-73.10907,-40.59367],[-73.10863,-40.59334]]}},{"type":"Feature","properties":{"nombre":"Avenida Francia","jerarquia":4},"geometry":{"type":"LineString","coordinates":[[-73.10863,-40.59334],[-73.10799,-40.59286]]}},{"type":"Feature","properties":{"nombre":"Avenida Francia","jerarquia":4},"geometry":{"type":"LineString","coordinates":[[-73.10799,-40.59286],[-73.10588,-40.5913]]}},{"type":"Feature","properties":{"nombre":"Avenida Francia","jerarquia":4},"geometry":{"type":"LineString","coordinates":[[-73.10588,-40.5913],[-73.10479,-40.59051]]}},{"type":"Feature","properties":{"nombre":"Avenida Francia","jerarquia":4},"geometry":{"type":"LineString","coordinates":[[-73.10926,-40.59366],[-73.10949,-40.59373]]}},{"type":"Feature","properties":{"nombre":"Avenida Francia","jerarquia":4},"geometry":{"type":"LineString","coordinates":[[-73.10949,-40.59373],[-73.10964,-40.59378]]}},{"type":"Feature","properties":{"nombre":"Avenida Francia","jerarquia":4},"geometry":{"type":"LineString","coordinates":[[-73.10964,-40.59378],[-73.11056,-40.59408]]}},{"type":"Feature","properties":{"nombre":"Avenida Francia","jerarquia":4},"geometry":{"type":"LineString","coordinates":[[-73.11056,-40.59408],[-73.11072,-40.59412]]}},{"type":"Feature","properties":{"nombre":"San Agustín","jerarquia":5},"geometry":{"type":"LineString","coordinates":[[-73.17571,-40.58973],[-73.17534,-40.58982]]}},{"type":"Feature","properties":{"nombre":"San Agustín","jerarquia":5},"geometry":{"type":"LineString","coordinates":[[-73.17534,-40.58982],[-73.17488,-40.58994]]}},{"type":"Feature","properties":{"nombre":"San Agustín","jerarquia":5},"geometry":{"type":"LineString","coordinates":[[-73.17488,-40.58994],[-73.17441,-40.59005]]}},{"type":"Feature","properties":{"nombre":"San Agustín","jerarquia":5},"geometry":{"type":"LineString","coordinates":[[-73.17441,-40.59005],[-73.17395,-40.59017]]}},{"type":"Feature","properties":{"nombre":"San Agustín","jerarquia":5},"geometry":{"type":"LineString","coordinates":[[-73.17395,-40.59017],[-73.17351,-40.59028]]}},{"type":"Feature","properties":{"nombre":"San Agustín","jerarquia":5},"geometry":{"type":"LineString","coordinates":[[-73.17351,-40.59028],[-73.173,-40.5904]]}},{"type":"Feature","properties":{"nombre":"San Agustín","jerarquia":5},"geometry":{"type":"LineString","coordinates":[[-73.173,-40.5904],[-73.17247,-40.59053]]}},{"type":"Feature","properties":{"nombre":"San Agustín","jerarquia":5},"geometry":{"type":"LineString","coordinates":[[-73.17247,-40.59053],[-73.17202,-40.59065]]}},{"type":"Feature","properties":{"nombre":"San Agustín","jerarquia":5},"geometry":{"type":"LineString","coordinates":[[-73.17202,-40.59065],[-73.17155,-40.59076]]}},{"type":"Feature","properties":{"nombre":"San Agustín","jerarquia":5},"geometry":{"type":"LineString","coordinates":[[-73.17155,-40.59076],[-73.17095,-40.59091]]}},{"type":"Feature","properties":{"nombre":"San Agustín","jerarquia":5},"geometry":{"type":"LineString","coordinates":[[-73.17095,-40.59091],[-73.17001,-40.59114]]}},{"type":"Feature","properties":{"nombre":"San Agustín","jerarquia":5},"geometry":{"type":"LineString","coordinates":[[-73.17001,-40.59114],[-73.16928,-40.59133]]}},{"type":"Feature","properties":{"nombre":"Chorrillos","jerarquia":5},"geometry":{"type":"LineString","coordinates":[[-73.16953,-40.57172],[-73.16943,-40.57213]]}},{"type":"Feature","properties":{"nombre":"Chorrillos","jerarquia":5},"geometry":{"type":"LineString","coordinates":[[-73.16943,-40.57213],[-73.16934,-40.57247]]}},{"type":"Feature","properties":{"nombre":"Chorrillos","jerarquia":5},"geometry":{"type":"LineString","coordinates":[[-73.16934,-40.57247],[-73.16929,-40.57267]]}},{"type":"Feature","properties":{"nombre":"Chorrillos","jerarquia":5},"geometry":{"type":"LineString","coordinates":[[-73.16929,-40.57267],[-73.16926,-40.57282]]}},{"type":"Feature","properties":{"nombre":"Chorrillos","jerarquia":5},"geometry":{"type":"LineString","coordinates":[[-73.16926,-40.57282],[-73.16917,-40.57318]]}},{"type":"Feature","properties":{"nombre":"Chorrillos","jerarquia":5},"geometry":{"type":"LineString","coordinates":[[-73.16917,-40.57318],[-73.16908,-40.57352]]}},{"type":"Feature","properties":{"nombre":"Chorrillos","jerarquia":5},"geometry":{"type":"LineString","coordinates":[[-73.16908,-40.57352],[-73.16899,-40.57388]]}},{"type":"Feature","properties":{"nombre":"Chorrillos","jerarquia":5},"geometry":{"type":"LineString","coordinates":[[-73.16899,-40.57388],[-73.1689,-40.57425]]}},{"type":"Feature","properties":{"nombre":"Chorrillos","jerarquia":5},"geometry":{"type":"LineString","coordinates":[[-73.1689,-40.57425],[-73.16888,-40.57436]]}},{"type":"Feature","properties":{"nombre":"Chorrillos","jerarquia":5},"geometry":{"type":"LineString","coordinates":[[-73.16888,-40.57436],[-73.16884,-40.57453]]}},{"type":"Feature","properties":{"nombre":"Chorrillos","jerarquia":5},"geometry":{"type":"LineString","coordinates":[[-73.16884,-40.57453],[-73.16877,-40.5748]]}},{"type":"Feature","properties":{"nombre":"Chorrillos","jerarquia":5},"geometry":{"type":"LineString","coordinates":[[-73.16877,-40.5748],[-73.16874,-40.5749]]}},{"type":"Feature","properties":{"nombre":"Chorrillos","jerarquia":5},"geometry":{"type":"LineString","coordinates":[[-73.16874,-40.5749],[-73.16864,-40.57534]]}},{"type":"Feature","properties":{"nombre":"Chorrillos","jerarquia":5},"geometry":{"type":"LineString","coordinates":[[-73.16864,-40.57534],[-73.16846,-40.57603]]}},{"type":"Feature","properties":{"nombre":"Chorrillos","jerarquia":5},"geometry":{"type":"LineString","coordinates":[[-73.16846,-40.57603],[-73.16833,-40.5766]]}},{"type":"Feature","properties":{"nombre":"Chorrillos","jerarquia":5},"geometry":{"type":"LineString","coordinates":[[-73.16833,-40.5766],[-73.1682,-40.5771]]}},{"type":"Feature","properties":{"nombre":"Chorrillos","jerarquia":5},"geometry":{"type":"LineString","coordinates":[[-73.1682,-40.5771],[-73.16808,-40.57758]]}},{"type":"Feature","properties":{"nombre":"Chorrillos","jerarquia":5},"geometry":{"type":"LineString","coordinates":[[-73.16808,-40.57758],[-73.16786,-40.57851]]}},{"type":"Feature","properties":{"nombre":"Camino Osorno - Trumao","jerarquia":5},"geometry":{"type":"LineString","coordinates":[[-73.14955,-40.54376],[-73.14951,-40.54356],[-73.14956,-40.54309],[-73.15034,-40.54034]]}},{"type":"Feature","properties":{"nombre":"Héroes de la Concepción","jerarquia":5},"geometry":{"type":"LineString","coordinates":[[-73.15212,-40.55959],[-73.15198,-40.55876]]}},{"type":"Feature","properties":{"nombre":"Héroes de la Concepción","jerarquia":5},"geometry":{"type":"LineString","coordinates":[[-73.15198,-40.55876],[-73.15197,-40.55872]]}},{"type":"Feature","properties":{"nombre":"Héroes de la Concepción","jerarquia":5},"geometry":{"type":"LineString","coordinates":[[-73.15197,-40.55872],[-73.1514,-40.55515]]}},{"type":"Feature","properties":{"nombre":"Héroes de la Concepción","jerarquia":5},"geometry":{"type":"LineString","coordinates":[[-73.1514,-40.55515],[-73.15138,-40.55499]]}},{"type":"Feature","properties":{"nombre":"Héroes de la Concepción","jerarquia":5},"geometry":{"type":"LineString","coordinates":[[-73.15138,-40.55499],[-73.15117,-40.55368]]}},{"type":"Feature","properties":{"nombre":"Héroes de la Concepción","jerarquia":5},"geometry":{"type":"LineString","coordinates":[[-73.15117,-40.55368],[-73.15109,-40.55317]]}},{"type":"Feature","properties":{"nombre":"Héroes de la Concepción","jerarquia":5},"geometry":{"type":"LineString","coordinates":[[-73.15109,-40.55317],[-73.15082,-40.55148]]}},{"type":"Feature","properties":{"nombre":"Héroes de la Concepción","jerarquia":5},"geometry":{"type":"LineString","coordinates":[[-73.15082,-40.55148],[-73.15065,-40.55043]]}},{"type":"Feature","properties":{"nombre":"Manuel Rodríguez","jerarquia":3},"geometry":{"type":"LineString","coordinates":[[-73.11647,-40.57823],[-73.11686,-40.57802],[-73.11705,-40.57797]]}},{"type":"Feature","properties":{"nombre":"Arturo Prat","jerarquia":4},"geometry":{"type":"LineString","coordinates":[[-73.12862,-40.58411],[-73.12854,-40.58384]]}},{"type":"Feature","properties":{"nombre":"Arturo Prat","jerarquia":4},"geometry":{"type":"LineString","coordinates":[[-73.12854,-40.58384],[-73.1286,-40.5836]]}},{"type":"Feature","properties":{"nombre":"Arturo Prat","jerarquia":4},"geometry":{"type":"LineString","coordinates":[[-73.1286,-40.5836],[-73.12866,-40.58355]]}},{"type":"Feature","properties":{"nombre":"Germán Hube","jerarquia":5},"geometry":{"type":"LineString","coordinates":[[-73.12733,-40.57006],[-73.12793,-40.57005]]}},{"type":"Feature","properties":{"nombre":"Germán Hube","jerarquia":5},"geometry":{"type":"LineString","coordinates":[[-73.12793,-40.57005],[-73.1285,-40.57005]]}},{"type":"Feature","properties":{"nombre":"Germán Hube","jerarquia":5},"geometry":{"type":"LineString","coordinates":[[-73.1285,-40.57005],[-73.12876,-40.57005]]}},{"type":"Feature","properties":{"nombre":"Germán Hube","jerarquia":5},"geometry":{"type":"LineString","coordinates":[[-73.12876,-40.57005],[-73.12995,-40.57004]]}},{"type":"Feature","properties":{"nombre":"Eleuterio Ramírez","jerarquia":4},"geometry":{"type":"LineString","coordinates":[[-73.13681,-40.57311],[-73.13641,-40.57312]]}},{"type":"Feature","properties":{"nombre":"Eleuterio Ramírez","jerarquia":4},"geometry":{"type":"LineString","coordinates":[[-73.13641,-40.57312],[-73.13526,-40.57317]]}},{"type":"Feature","properties":{"nombre":"Eleuterio Ramírez","jerarquia":4},"geometry":{"type":"LineString","coordinates":[[-73.13526,-40.57317],[-73.13517,-40.57317]]}},{"type":"Feature","properties":{"nombre":"Eleuterio Ramírez","jerarquia":4},"geometry":{"type":"LineString","coordinates":[[-73.13517,-40.57317],[-73.13503,-40.57318]]}},{"type":"Feature","properties":{"nombre":"Manuel Rodríguez","jerarquia":3},"geometry":{"type":"LineString","coordinates":[[-73.12799,-40.57749],[-73.12647,-40.57759]]}},{"type":"Feature","properties":{"nombre":"Germán Hube","jerarquia":5},"geometry":{"type":"LineString","coordinates":[[-73.12995,-40.57004],[-73.13107,-40.57005]]}},{"type":"Feature","properties":{"nombre":"Germán Hube","jerarquia":5},"geometry":{"type":"LineString","coordinates":[[-73.13107,-40.57005],[-73.13186,-40.57006]]}},{"type":"Feature","properties":{"nombre":"Manuel Rodríguez","jerarquia":3},"geometry":{"type":"LineString","coordinates":[[-73.13639,-40.57714],[-73.13704,-40.57712]]}},{"type":"Feature","properties":{"nombre":"Manuel Rodríguez","jerarquia":3},"geometry":{"type":"LineString","coordinates":[[-73.13704,-40.57712],[-73.13808,-40.57709]]}},{"type":"Feature","properties":{"nombre":"Manuel Rodríguez","jerarquia":3},"geometry":{"type":"LineString","coordinates":[[-73.13808,-40.57709],[-73.13817,-40.57708]]}},{"type":"Feature","properties":{"nombre":"Federico Errázuriz","jerarquia":5},"geometry":{"type":"LineString","coordinates":[[-73.12762,-40.57321],[-73.1252,-40.57347]]}},{"type":"Feature","properties":{"nombre":"Arturo Prat","jerarquia":4},"geometry":{"type":"LineString","coordinates":[[-73.12985,-40.57211],[-73.12975,-40.57302]]}},{"type":"Feature","properties":{"nombre":"Arturo Prat","jerarquia":4},"geometry":{"type":"LineString","coordinates":[[-73.12975,-40.57302],[-73.12974,-40.5731]]}},{"type":"Feature","properties":{"nombre":"Arturo Prat","jerarquia":4},"geometry":{"type":"LineString","coordinates":[[-73.12974,-40.5731],[-73.12965,-40.57392]]}},{"type":"Feature","properties":{"nombre":"Arturo Prat","jerarquia":4},"geometry":{"type":"LineString","coordinates":[[-73.12965,-40.57392],[-73.12964,-40.57398]]}},{"type":"Feature","properties":{"nombre":"Arturo Prat","jerarquia":4},"geometry":{"type":"LineString","coordinates":[[-73.12964,-40.57398],[-73.12956,-40.57469]]}},{"type":"Feature","properties":{"nombre":"Arturo Prat","jerarquia":4},"geometry":{"type":"LineString","coordinates":[[-73.12956,-40.57469],[-73.12955,-40.5748]]}},{"type":"Feature","properties":{"nombre":"Arturo Prat","jerarquia":4},"geometry":{"type":"LineString","coordinates":[[-73.12955,-40.5748],[-73.12953,-40.57499]]}},{"type":"Feature","properties":{"nombre":"Arturo Prat","jerarquia":4},"geometry":{"type":"LineString","coordinates":[[-73.12953,-40.57499],[-73.12952,-40.57506]]}},{"type":"Feature","properties":{"nombre":"Juan de Dios Angulo","jerarquia":5},"geometry":{"type":"LineString","coordinates":[[-73.12441,-40.57506],[-73.12435,-40.57445]]}},{"type":"Feature","properties":{"nombre":"Juan de Dios Angulo","jerarquia":5},"geometry":{"type":"LineString","coordinates":[[-73.12435,-40.57445],[-73.12429,-40.57373]]}},{"type":"Feature","properties":{"nombre":"Juan de Dios Angulo","jerarquia":5},"geometry":{"type":"LineString","coordinates":[[-73.12429,-40.57373],[-73.12428,-40.57363]]}},{"type":"Feature","properties":{"nombre":"Héroes de la Concepción","jerarquia":5},"geometry":{"type":"LineString","coordinates":[[-73.1508,-40.56709],[-73.15112,-40.56676]]}},{"type":"Feature","properties":{"nombre":"Héroes de la Concepción","jerarquia":5},"geometry":{"type":"LineString","coordinates":[[-73.15112,-40.56676],[-73.15128,-40.56657]]}},{"type":"Feature","properties":{"nombre":"Héroes de la Concepción","jerarquia":5},"geometry":{"type":"LineString","coordinates":[[-73.15128,-40.56657],[-73.1516,-40.56611]]}},{"type":"Feature","properties":{"nombre":"Héroes de la Concepción","jerarquia":3},"geometry":{"type":"LineString","coordinates":[[-73.15063,-40.56741],[-73.15003,-40.56778]]}},{"type":"Feature","properties":{"nombre":"Avenida Julio Buschmann","jerarquia":3},"geometry":{"type":"LineString","coordinates":[[-73.11069,-40.57629],[-73.11142,-40.5762]]}},{"type":"Feature","properties":{"nombre":"Avenida Julio Buschmann","jerarquia":3},"geometry":{"type":"LineString","coordinates":[[-73.11142,-40.5762],[-73.11152,-40.57619]]}},{"type":"Feature","properties":{"nombre":"Avenida 18 de Septiembre","jerarquia":5},"geometry":{"type":"LineString","coordinates":[[-73.1054,-40.57206],[-73.10581,-40.57313]]}},{"type":"Feature","properties":{"nombre":"Avenida 18 de Septiembre","jerarquia":5},"geometry":{"type":"LineString","coordinates":[[-73.10581,-40.57313],[-73.1064,-40.57467]]}},{"type":"Feature","properties":{"nombre":"Avenida 18 de Septiembre","jerarquia":5},"geometry":{"type":"LineString","coordinates":[[-73.1064,-40.57467],[-73.10689,-40.57595]]}},{"type":"Feature","properties":{"nombre":"Avenida 18 de Septiembre","jerarquia":5},"geometry":{"type":"LineString","coordinates":[[-73.10689,-40.57595],[-73.10708,-40.57644]]}},{"type":"Feature","properties":{"nombre":"Avenida Julio Buschmann","jerarquia":3},"geometry":{"type":"LineString","coordinates":[[-73.10831,-40.57701],[-73.10752,-40.5773]]}},{"type":"Feature","properties":{"nombre":"Avenida Julio Buschmann","jerarquia":3},"geometry":{"type":"LineString","coordinates":[[-73.10752,-40.5773],[-73.10741,-40.57734]]}},{"type":"Feature","properties":{"nombre":"Avenida Julio Buschmann","jerarquia":3},"geometry":{"type":"LineString","coordinates":[[-73.10721,-40.57733],[-73.1074,-40.57726]]}},{"type":"Feature","properties":{"nombre":"Puente Los Notros","jerarquia":5},"geometry":{"type":"LineString","coordinates":[[-73.10525,-40.57214],[-73.10513,-40.5718]]}},{"type":"Feature","properties":{"nombre":"Avenida Julio Buschmann","jerarquia":3},"geometry":{"type":"LineString","coordinates":[[-73.11454,-40.57616],[-73.11372,-40.57628],[-73.11287,-40.57632]]}},{"type":"Feature","properties":{"nombre":"Los Carrera","jerarquia":4},"geometry":{"type":"LineString","coordinates":[[-73.1275,-40.57229],[-73.12985,-40.57211]]}},{"type":"Feature","properties":{"nombre":"Los Carrera","jerarquia":4},"geometry":{"type":"LineString","coordinates":[[-73.12985,-40.57211],[-73.13151,-40.57202]]}},{"type":"Feature","properties":{"nombre":"Los Carrera","jerarquia":4},"geometry":{"type":"LineString","coordinates":[[-73.13151,-40.57202],[-73.13164,-40.57201]]}},{"type":"Feature","properties":{"nombre":"Los Carrera","jerarquia":4},"geometry":{"type":"LineString","coordinates":[[-73.13164,-40.57201],[-73.13326,-40.57193]]}},{"type":"Feature","properties":{"nombre":"Los Carrera","jerarquia":4},"geometry":{"type":"LineString","coordinates":[[-73.13326,-40.57193],[-73.13337,-40.57193]]}},{"type":"Feature","properties":{"nombre":"Los Carrera","jerarquia":4},"geometry":{"type":"LineString","coordinates":[[-73.13337,-40.57193],[-73.13503,-40.57185]]}},{"type":"Feature","properties":{"nombre":"Los Carrera","jerarquia":4},"geometry":{"type":"LineString","coordinates":[[-73.13503,-40.57185],[-73.13516,-40.57185]]}},{"type":"Feature","properties":{"nombre":"Los Carrera","jerarquia":4},"geometry":{"type":"LineString","coordinates":[[-73.13516,-40.57185],[-73.13681,-40.57178]]}},{"type":"Feature","properties":{"nombre":"Los Carrera","jerarquia":4},"geometry":{"type":"LineString","coordinates":[[-73.13681,-40.57178],[-73.13694,-40.57178]]}},{"type":"Feature","properties":{"nombre":"Los Carrera","jerarquia":4},"geometry":{"type":"LineString","coordinates":[[-73.13694,-40.57178],[-73.13858,-40.57171]]}},{"type":"Feature","properties":{"nombre":"Los Carrera","jerarquia":4},"geometry":{"type":"LineString","coordinates":[[-73.13858,-40.57171],[-73.13872,-40.5717]]}},{"type":"Feature","properties":{"nombre":"Los Carrera","jerarquia":4},"geometry":{"type":"LineString","coordinates":[[-73.13872,-40.5717],[-73.14021,-40.57165]]}},{"type":"Feature","properties":{"nombre":"Los Carrera","jerarquia":4},"geometry":{"type":"LineString","coordinates":[[-73.14021,-40.57165],[-73.14032,-40.57164]]}},{"type":"Feature","properties":{"nombre":"Avenida Alcalde René Soriano Bórquez","jerarquia":3},"geometry":{"type":"LineString","coordinates":[[-73.10301,-40.5878],[-73.10261,-40.58816]]}},{"type":"Feature","properties":{"nombre":"Avenida Alcalde René Soriano Bórquez","jerarquia":3},"geometry":{"type":"LineString","coordinates":[[-73.10184,-40.58852],[-73.10191,-40.58845]]}},{"type":"Feature","properties":{"nombre":"Avenida Alcalde René Soriano Bórquez","jerarquia":3},"geometry":{"type":"LineString","coordinates":[[-73.10191,-40.58845],[-73.10332,-40.58714]]}},{"type":"Feature","properties":{"nombre":"Avenida Alcalde René Soriano Bórquez","jerarquia":3},"geometry":{"type":"LineString","coordinates":[[-73.10332,-40.58714],[-73.10432,-40.58631]]}},{"type":"Feature","properties":{"nombre":"Avenida Alcalde René Soriano Bórquez","jerarquia":3},"geometry":{"type":"LineString","coordinates":[[-73.09847,-40.59224],[-73.09807,-40.59269],[-73.09781,-40.59306]]}},{"type":"Feature","properties":{"nombre":"Avenida Alcalde René Soriano Bórquez","jerarquia":3},"geometry":{"type":"LineString","coordinates":[[-73.09781,-40.59306],[-73.0977,-40.59319]]}},{"type":"Feature","properties":{"nombre":"Avenida Alcalde René Soriano Bórquez","jerarquia":3},"geometry":{"type":"LineString","coordinates":[[-73.09844,-40.59214],[-73.09937,-40.59121]]}},{"type":"Feature","properties":{"nombre":"Avenida Alcalde René Soriano Bórquez","jerarquia":3},"geometry":{"type":"LineString","coordinates":[[-73.09937,-40.59121],[-73.09971,-40.59086]]}},{"type":"Feature","properties":{"nombre":"Avenida Ignacio Zenteno","jerarquia":4},"geometry":{"type":"LineString","coordinates":[[-73.12307,-40.57776],[-73.12324,-40.57923]]}},{"type":"Feature","properties":{"nombre":"Avenida Ignacio Zenteno","jerarquia":4},"geometry":{"type":"LineString","coordinates":[[-73.12324,-40.57923],[-73.12329,-40.57964]]}},{"type":"Feature","properties":{"nombre":"Avenida Ignacio Zenteno","jerarquia":4},"geometry":{"type":"LineString","coordinates":[[-73.12329,-40.57964],[-73.12333,-40.58001]]}},{"type":"Feature","properties":{"nombre":"Avenida Ignacio Zenteno","jerarquia":4},"geometry":{"type":"LineString","coordinates":[[-73.12333,-40.58001],[-73.12343,-40.5809]]}},{"type":"Feature","properties":{"nombre":"Avenida Alcalde René Soriano Bórquez","jerarquia":3},"geometry":{"type":"LineString","coordinates":[[-73.10206,-40.58867],[-73.10156,-40.58915]]}},{"type":"Feature","properties":{"nombre":"Avenida Alcalde René Soriano Bórquez","jerarquia":3},"geometry":{"type":"LineString","coordinates":[[-73.10156,-40.58915],[-73.10023,-40.59057]]}},{"type":"Feature","properties":{"nombre":"Avenida Ignacio Zenteno","jerarquia":4},"geometry":{"type":"LineString","coordinates":[[-73.12293,-40.57777],[-73.12292,-40.57768]]}},{"type":"Feature","properties":{"nombre":"Avenida Alcalde René Soriano Bórquez","jerarquia":3},"geometry":{"type":"LineString","coordinates":[[-73.10023,-40.59057],[-73.10004,-40.59077]]}},{"type":"Feature","properties":{"nombre":"Avenida Alcalde René Soriano Bórquez","jerarquia":3},"geometry":{"type":"LineString","coordinates":[[-73.10004,-40.59077],[-73.09987,-40.59094]]}},{"type":"Feature","properties":{"nombre":"Avenida Alcalde René Soriano Bórquez","jerarquia":3},"geometry":{"type":"LineString","coordinates":[[-73.09987,-40.59094],[-73.09961,-40.5912]]}},{"type":"Feature","properties":{"nombre":"Avenida Alcalde René Soriano Bórquez","jerarquia":3},"geometry":{"type":"LineString","coordinates":[[-73.09961,-40.5912],[-73.09876,-40.59196]]}},{"type":"Feature","properties":{"nombre":"Avenida Alcalde René Soriano Bórquez","jerarquia":3},"geometry":{"type":"LineString","coordinates":[[-73.09876,-40.59196],[-73.09847,-40.59224]]}},{"type":"Feature","properties":{"nombre":"Amador Barrientos","jerarquia":5},"geometry":{"type":"LineString","coordinates":[[-73.11062,-40.58006],[-73.11144,-40.5794]]}},{"type":"Feature","properties":{"nombre":"Amador Barrientos","jerarquia":5},"geometry":{"type":"LineString","coordinates":[[-73.11144,-40.5794],[-73.11197,-40.57896]]}},{"type":"Feature","properties":{"nombre":"Amador Barrientos","jerarquia":5},"geometry":{"type":"LineString","coordinates":[[-73.11197,-40.57896],[-73.11239,-40.57851]]}},{"type":"Feature","properties":{"nombre":"Amador Barrientos","jerarquia":5},"geometry":{"type":"LineString","coordinates":[[-73.11239,-40.57851],[-73.11263,-40.57822]]}},{"type":"Feature","properties":{"nombre":"Amador Barrientos","jerarquia":5},"geometry":{"type":"LineString","coordinates":[[-73.11263,-40.57822],[-73.11271,-40.57814]]}},{"type":"Feature","properties":{"nombre":"Buenos Aires","jerarquia":5},"geometry":{"type":"LineString","coordinates":[[-73.11576,-40.57764],[-73.11538,-40.57729],[-73.11498,-40.57676]]}},{"type":"Feature","properties":{"nombre":"Avenida 18 de Septiembre","jerarquia":5},"geometry":{"type":"LineString","coordinates":[[-73.11646,-40.58553],[-73.11567,-40.58491]]}},{"type":"Feature","properties":{"nombre":"Avenida 18 de Septiembre","jerarquia":5},"geometry":{"type":"LineString","coordinates":[[-73.11567,-40.58491],[-73.11488,-40.58429]]}},{"type":"Feature","properties":{"nombre":"Avenida 18 de Septiembre","jerarquia":5},"geometry":{"type":"LineString","coordinates":[[-73.11488,-40.58429],[-73.11428,-40.58382]]}},{"type":"Feature","properties":{"nombre":"Avenida 18 de Septiembre","jerarquia":5},"geometry":{"type":"LineString","coordinates":[[-73.11428,-40.58382],[-73.11394,-40.58355]]}},{"type":"Feature","properties":{"nombre":"Avenida 18 de Septiembre","jerarquia":5},"geometry":{"type":"LineString","coordinates":[[-73.11394,-40.58355],[-73.11352,-40.58322]]}},{"type":"Feature","properties":{"nombre":"Avenida 18 de Septiembre","jerarquia":5},"geometry":{"type":"LineString","coordinates":[[-73.11352,-40.58322],[-73.11311,-40.58291]]}},{"type":"Feature","properties":{"nombre":"Avenida 18 de Septiembre","jerarquia":5},"geometry":{"type":"LineString","coordinates":[[-73.11311,-40.58291],[-73.11269,-40.58257]]}},{"type":"Feature","properties":{"nombre":"Avenida 18 de Septiembre","jerarquia":5},"geometry":{"type":"LineString","coordinates":[[-73.11269,-40.58257],[-73.11225,-40.58223]]}},{"type":"Feature","properties":{"nombre":"Avenida 18 de Septiembre","jerarquia":5},"geometry":{"type":"LineString","coordinates":[[-73.11225,-40.58223],[-73.11164,-40.58175]]}},{"type":"Feature","properties":{"nombre":"Avenida Ignacio Zenteno","jerarquia":4},"geometry":{"type":"LineString","coordinates":[[-73.1157,-40.59076],[-73.11516,-40.59115]]}},{"type":"Feature","properties":{"nombre":"Avenida Ignacio Zenteno","jerarquia":4},"geometry":{"type":"LineString","coordinates":[[-73.11561,-40.59069],[-73.1157,-40.59062]]}},{"type":"Feature","properties":{"nombre":"Avenida Ignacio Zenteno","jerarquia":4},"geometry":{"type":"LineString","coordinates":[[-73.1157,-40.59062],[-73.11647,-40.59004]]}},{"type":"Feature","properties":{"nombre":"Avenida Ignacio Zenteno","jerarquia":4},"geometry":{"type":"LineString","coordinates":[[-73.11647,-40.59004],[-73.11655,-40.58997]]}},{"type":"Feature","properties":{"nombre":"Diego de Almagro","jerarquia":4},"geometry":{"type":"LineString","coordinates":[[-73.12002,-40.59247],[-73.12059,-40.59281]]}},{"type":"Feature","properties":{"nombre":"Diego de Almagro","jerarquia":4},"geometry":{"type":"LineString","coordinates":[[-73.12059,-40.59281],[-73.12122,-40.5931]]}},{"type":"Feature","properties":{"nombre":"Diego de Almagro","jerarquia":4},"geometry":{"type":"LineString","coordinates":[[-73.12122,-40.5931],[-73.12261,-40.59373]]}},{"type":"Feature","properties":{"nombre":"Diego de Almagro","jerarquia":4},"geometry":{"type":"LineString","coordinates":[[-73.12261,-40.59373],[-73.12372,-40.59423]]}},{"type":"Feature","properties":{"nombre":"Diego de Almagro","jerarquia":4},"geometry":{"type":"LineString","coordinates":[[-73.12372,-40.59423],[-73.12385,-40.59429]]}},{"type":"Feature","properties":{"nombre":"Diego de Almagro","jerarquia":4},"geometry":{"type":"LineString","coordinates":[[-73.12113,-40.59322],[-73.12051,-40.59293]]}},{"type":"Feature","properties":{"nombre":"Diego de Almagro","jerarquia":4},"geometry":{"type":"LineString","coordinates":[[-73.12051,-40.59293],[-73.11998,-40.59262]]}},{"type":"Feature","properties":{"nombre":"Diego de Almagro","jerarquia":4},"geometry":{"type":"LineString","coordinates":[[-73.11998,-40.59262],[-73.11993,-40.59259]]}},{"type":"Feature","properties":{"nombre":"Wenceslao Ramos","jerarquia":5},"geometry":{"type":"LineString","coordinates":[[-73.12622,-40.58339],[-73.12603,-40.58301]]}},{"type":"Feature","properties":{"nombre":"Avenida Guillermo Bühler","jerarquia":4},"geometry":{"type":"LineString","coordinates":[[-73.1281,-40.58653],[-73.12685,-40.58742]]}},{"type":"Feature","properties":{"nombre":"Santiago Rosas","jerarquia":5},"geometry":{"type":"LineString","coordinates":[[-73.1264,-40.58481],[-73.12665,-40.58464]]}},{"type":"Feature","properties":{"nombre":"Santiago Rosas","jerarquia":5},"geometry":{"type":"LineString","coordinates":[[-73.12665,-40.58464],[-73.12697,-40.58445]]}},{"type":"Feature","properties":{"nombre":"Santiago Rosas","jerarquia":5},"geometry":{"type":"LineString","coordinates":[[-73.12697,-40.58445],[-73.12757,-40.584]]}},{"type":"Feature","properties":{"nombre":"Avenida Guillermo Bühler","jerarquia":4},"geometry":{"type":"LineString","coordinates":[[-73.12527,-40.59165],[-73.12523,-40.59262]]}},{"type":"Feature","properties":{"nombre":"Avenida Guillermo Bühler","jerarquia":4},"geometry":{"type":"LineString","coordinates":[[-73.12523,-40.59262],[-73.12496,-40.59348],[-73.12476,-40.5937],[-73.12453,-40.59384]]}},{"type":"Feature","properties":{"nombre":"Avenida Guillermo Bühler","jerarquia":4},"geometry":{"type":"LineString","coordinates":[[-73.12643,-40.58812],[-73.12639,-40.5882]]}},{"type":"Feature","properties":{"nombre":"Avenida Guillermo Bühler","jerarquia":4},"geometry":{"type":"LineString","coordinates":[[-73.12639,-40.5882],[-73.12623,-40.58847]]}},{"type":"Feature","properties":{"nombre":"Avenida Guillermo Bühler","jerarquia":4},"geometry":{"type":"LineString","coordinates":[[-73.12623,-40.58847],[-73.12604,-40.58879]]}},{"type":"Feature","properties":{"nombre":"Santiago Rosas","jerarquia":5},"geometry":{"type":"LineString","coordinates":[[-73.12757,-40.584],[-73.12786,-40.58388],[-73.1284,-40.58385]]}},{"type":"Feature","properties":{"nombre":"Santiago Rosas","jerarquia":5},"geometry":{"type":"LineString","coordinates":[[-73.1284,-40.58385],[-73.12854,-40.58384]]}},{"type":"Feature","properties":{"nombre":"Avenida Ignacio Zenteno","jerarquia":4},"geometry":{"type":"LineString","coordinates":[[-73.11062,-40.59419],[-73.11072,-40.59412]]}},{"type":"Feature","properties":{"nombre":"Avenida Ignacio Zenteno","jerarquia":4},"geometry":{"type":"LineString","coordinates":[[-73.11072,-40.59412],[-73.11129,-40.59372]]}},{"type":"Feature","properties":{"nombre":"Avenida Ignacio Zenteno","jerarquia":4},"geometry":{"type":"LineString","coordinates":[[-73.11129,-40.59372],[-73.11201,-40.59321]]}},{"type":"Feature","properties":{"nombre":"Avenida Francia","jerarquia":4},"geometry":{"type":"LineString","coordinates":[[-73.10486,-40.59045],[-73.10595,-40.59125]]}},{"type":"Feature","properties":{"nombre":"Avenida Francia","jerarquia":4},"geometry":{"type":"LineString","coordinates":[[-73.10595,-40.59125],[-73.10807,-40.59279]]}},{"type":"Feature","properties":{"nombre":"Avenida Francia","jerarquia":4},"geometry":{"type":"LineString","coordinates":[[-73.10807,-40.59279],[-73.10851,-40.59311]]}},{"type":"Feature","properties":{"nombre":"Avenida Francia","jerarquia":4},"geometry":{"type":"LineString","coordinates":[[-73.10851,-40.59311],[-73.10873,-40.59327]]}},{"type":"Feature","properties":{"nombre":"Avenida Francia","jerarquia":4},"geometry":{"type":"LineString","coordinates":[[-73.10873,-40.59327],[-73.10899,-40.59346]]}},{"type":"Feature","properties":{"nombre":"Avenida Francia","jerarquia":4},"geometry":{"type":"LineString","coordinates":[[-73.10899,-40.59346],[-73.10926,-40.59366]]}},{"type":"Feature","properties":{"nombre":"Avenida Francia","jerarquia":4},"geometry":{"type":"LineString","coordinates":[[-73.10323,-40.58946],[-73.10269,-40.58909]]}},{"type":"Feature","properties":{"nombre":"Avenida Alcalde René Soriano Bórquez","jerarquia":3},"geometry":{"type":"LineString","coordinates":[[-73.10432,-40.58631],[-73.10558,-40.58549]]}},{"type":"Feature","properties":{"nombre":"Avenida Alcalde René Soriano Bórquez","jerarquia":3},"geometry":{"type":"LineString","coordinates":[[-73.10456,-40.58651],[-73.10359,-40.58731]]}},{"type":"Feature","properties":{"nombre":"Manuel Rodríguez","jerarquia":3},"geometry":{"type":"LineString","coordinates":[[-73.11963,-40.57793],[-73.11715,-40.57803],[-73.11689,-40.57809],[-73.11672,-40.5782]]}},{"type":"Feature","properties":{"nombre":"Manuel Rodríguez","jerarquia":3},"geometry":{"type":"LineString","coordinates":[[-73.11672,-40.5782],[-73.11657,-40.5783]]}},{"type":"Feature","properties":{"nombre":"Manuel Rodríguez","jerarquia":3},"geometry":{"type":"LineString","coordinates":[[-73.11963,-40.57786],[-73.12119,-40.57778]]}},{"type":"Feature","properties":{"nombre":"Manuel Rodríguez","jerarquia":3},"geometry":{"type":"LineString","coordinates":[[-73.12119,-40.57778],[-73.1221,-40.57773]]}},{"type":"Feature","properties":{"nombre":"Manuel Rodríguez","jerarquia":3},"geometry":{"type":"LineString","coordinates":[[-73.1221,-40.57773],[-73.12282,-40.57769]]}},{"type":"Feature","properties":{"nombre":"Manuel Rodríguez","jerarquia":3},"geometry":{"type":"LineString","coordinates":[[-73.12282,-40.57769],[-73.12292,-40.57768]]}},{"type":"Feature","properties":{"nombre":"Avenida Juan Mackenna","jerarquia":3},"geometry":{"type":"LineString","coordinates":[[-73.13309,-40.57462],[-73.13477,-40.57454]]}},{"type":"Feature","properties":{"nombre":"Avenida Juan Mackenna","jerarquia":3},"geometry":{"type":"LineString","coordinates":[[-73.13477,-40.57454],[-73.13489,-40.57453]]}},{"type":"Feature","properties":{"nombre":"Avenida Juan Mackenna","jerarquia":3},"geometry":{"type":"LineString","coordinates":[[-73.13489,-40.57453],[-73.13525,-40.57452]]}},{"type":"Feature","properties":{"nombre":"Avenida Juan Mackenna","jerarquia":3},"geometry":{"type":"LineString","coordinates":[[-73.13525,-40.57452],[-73.13625,-40.57447]]}},{"type":"Feature","properties":{"nombre":"Avenida Juan Mackenna","jerarquia":3},"geometry":{"type":"LineString","coordinates":[[-73.13625,-40.57447],[-73.13648,-40.57446]]}},{"type":"Feature","properties":{"nombre":"Avenida Juan Mackenna","jerarquia":3},"geometry":{"type":"LineString","coordinates":[[-73.13648,-40.57446],[-73.13667,-40.57445]]}},{"type":"Feature","properties":{"nombre":"Avenida Juan Mackenna","jerarquia":3},"geometry":{"type":"LineString","coordinates":[[-73.13667,-40.57445],[-73.13823,-40.57438]]}},{"type":"Feature","properties":{"nombre":"Avenida Juan Mackenna","jerarquia":3},"geometry":{"type":"LineString","coordinates":[[-73.13823,-40.57438],[-73.1384,-40.57437]]}},{"type":"Feature","properties":{"nombre":"Avenida República","jerarquia":3},"geometry":{"type":"LineString","coordinates":[[-73.14519,-40.57437],[-73.14596,-40.57436],[-73.14792,-40.57421]]}},{"type":"Feature","properties":{"nombre":"Avenida República","jerarquia":5},"geometry":{"type":"LineString","coordinates":[[-73.15947,-40.5741],[-73.15936,-40.57409]]}},{"type":"Feature","properties":{"nombre":"Avenida República","jerarquia":5},"geometry":{"type":"LineString","coordinates":[[-73.15936,-40.57409],[-73.15926,-40.57408]]}},{"type":"Feature","properties":{"nombre":"Ruta U-720","jerarquia":3},"geometry":{"type":"LineString","coordinates":[[-73.22287,-40.63985],[-73.22243,-40.6393],[-73.22229,-40.63897],[-73.22221,-40.63751],[-73.22212,-40.63727],[-73.22078,-40.63629]]}},{"type":"Feature","properties":{"nombre":"Ruta U-720","jerarquia":3},"geometry":{"type":"LineString","coordinates":[[-73.22078,-40.63629],[-73.22043,-40.63613],[-73.21942,-40.63589],[-73.21922,-40.63575],[-73.21818,-40.63438],[-73.21789,-40.63417],[-73.21742,-40.63402],[-73.21624,-40.63402],[-73.21576,-40.63381],[-73.21425,-40.63245],[-73.21401,-40.63214],[-73.21337,-40.63096],[-73.2131,-40.63071],[-73.21268,-40.63044],[-73.21176,-40.62995],[-73.20838,-40.62868],[-73.20619,-40.62793],[-73.20564,-40.62782],[-73.20465,-40.6277],[-73.20276,-40.62712],[-73.20115,-40.62626],[-73.19948,-40.62579],[-73.19892,-40.62542],[-73.1978,-40.62404],[-73.19718,-40.62296],[-73.19678,-40.6226],[-73.19631,-40.62239],[-73.19529,-40.62219],[-73.19466,-40.62202],[-73.19005,-40.62017],[-73.18863,-40.61979],[-73.18847,-40.61966],[-73.18733,-40.61834],[-73.18666,-40.61741]]}},{"type":"Feature","properties":{"nombre":"Ruta U-720","jerarquia":3},"geometry":{"type":"LineString","coordinates":[[-73.18666,-40.61741],[-73.18638,-40.61709],[-73.18473,-40.61577],[-73.18446,-40.61539],[-73.18353,-40.6127],[-73.18346,-40.61221],[-73.18344,-40.61061],[-73.18337,-40.61024],[-73.18299,-40.60903],[-73.18263,-40.60858],[-73.18122,-40.60762],[-73.181,-40.6073],[-73.181,-40.60694],[-73.18137,-40.60616],[-73.18148,-40.60577],[-73.18148,-40.60545],[-73.18139,-40.60521],[-73.17937,-40.60248],[-73.1755,-40.5974]]}},{"type":"Feature","properties":{"nombre":"Ruta U-720","jerarquia":3},"geometry":{"type":"LineString","coordinates":[[-73.1755,-40.5974],[-73.17519,-40.59701],[-73.1739,-40.59583],[-73.17357,-40.59541]]}},{"type":"Feature","properties":{"nombre":"Ruta U-720","jerarquia":3},"geometry":{"type":"LineString","coordinates":[[-73.17357,-40.59541],[-73.17354,-40.59535]]}},{"type":"Feature","properties":{"nombre":"Chacarillas","jerarquia":5},"geometry":{"type":"LineString","coordinates":[[-73.17549,-40.5913],[-73.17506,-40.59148]]}},{"type":"Feature","properties":{"nombre":"Chacarillas","jerarquia":5},"geometry":{"type":"LineString","coordinates":[[-73.17506,-40.59148],[-73.1746,-40.59166]]}},{"type":"Feature","properties":{"nombre":"Chacarillas","jerarquia":5},"geometry":{"type":"LineString","coordinates":[[-73.1746,-40.59166],[-73.17418,-40.59182]]}},{"type":"Feature","properties":{"nombre":"Chacarillas","jerarquia":5},"geometry":{"type":"LineString","coordinates":[[-73.17418,-40.59182],[-73.1737,-40.59201]]}},{"type":"Feature","properties":{"nombre":"Chacarillas","jerarquia":5},"geometry":{"type":"LineString","coordinates":[[-73.1737,-40.59201],[-73.17264,-40.59242]]}},{"type":"Feature","properties":{"nombre":"Chacarillas","jerarquia":5},"geometry":{"type":"LineString","coordinates":[[-73.17264,-40.59242],[-73.17218,-40.5926]]}},{"type":"Feature","properties":{"nombre":"Chacarillas","jerarquia":5},"geometry":{"type":"LineString","coordinates":[[-73.17218,-40.5926],[-73.17177,-40.59277]]}},{"type":"Feature","properties":{"nombre":"Chacarillas","jerarquia":5},"geometry":{"type":"LineString","coordinates":[[-73.17177,-40.59277],[-73.17134,-40.59293]]}},{"type":"Feature","properties":{"nombre":"Chacarillas","jerarquia":5},"geometry":{"type":"LineString","coordinates":[[-73.17134,-40.59293],[-73.17087,-40.59311]]}},{"type":"Feature","properties":{"nombre":"Calle Chacarillas","jerarquia":5},"geometry":{"type":"LineString","coordinates":[[-73.16805,-40.55916],[-73.16956,-40.55955]]}},{"type":"Feature","properties":{"nombre":"Calle Chacarillas","jerarquia":5},"geometry":{"type":"LineString","coordinates":[[-73.16956,-40.55955],[-73.1699,-40.55964]]}},{"type":"Feature","properties":{"nombre":"Calle Chacarillas","jerarquia":5},"geometry":{"type":"LineString","coordinates":[[-73.1699,-40.55964],[-73.16996,-40.55966]]}},{"type":"Feature","properties":{"nombre":"Calle Chacarillas","jerarquia":5},"geometry":{"type":"LineString","coordinates":[[-73.16996,-40.55966],[-73.17032,-40.55975]]}},{"type":"Feature","properties":{"nombre":"Calle Chacarillas","jerarquia":5},"geometry":{"type":"LineString","coordinates":[[-73.17032,-40.55975],[-73.17036,-40.55976]]}},{"type":"Feature","properties":{"nombre":"Calle Chacarillas","jerarquia":5},"geometry":{"type":"LineString","coordinates":[[-73.17036,-40.55976],[-73.17074,-40.55986]]}},{"type":"Feature","properties":{"nombre":"Calle Chacarillas","jerarquia":5},"geometry":{"type":"LineString","coordinates":[[-73.17074,-40.55986],[-73.17112,-40.55996]]}},{"type":"Feature","properties":{"nombre":"La Misión","jerarquia":5},"geometry":{"type":"LineString","coordinates":[[-73.1663,-40.56237],[-73.16632,-40.56199]]}},{"type":"Feature","properties":{"nombre":"La Misión","jerarquia":5},"geometry":{"type":"LineString","coordinates":[[-73.16632,-40.56199],[-73.16632,-40.56157]]}},{"type":"Feature","properties":{"nombre":"La Misión","jerarquia":5},"geometry":{"type":"LineString","coordinates":[[-73.16574,-40.56496],[-73.16589,-40.56417]]}},{"type":"Feature","properties":{"nombre":"La Misión","jerarquia":5},"geometry":{"type":"LineString","coordinates":[[-73.16589,-40.56417],[-73.16599,-40.56384]]}},{"type":"Feature","properties":{"nombre":"La Misión","jerarquia":5},"geometry":{"type":"LineString","coordinates":[[-73.16599,-40.56384],[-73.16611,-40.56347]]}},{"type":"Feature","properties":{"nombre":"La Misión","jerarquia":5},"geometry":{"type":"LineString","coordinates":[[-73.16611,-40.56347],[-73.16619,-40.5632]]}},{"type":"Feature","properties":{"nombre":"La Misión","jerarquia":5},"geometry":{"type":"LineString","coordinates":[[-73.16632,-40.56157],[-73.16635,-40.56121]]}},{"type":"Feature","properties":{"nombre":"La Misión","jerarquia":5},"geometry":{"type":"LineString","coordinates":[[-73.16635,-40.56121],[-73.16639,-40.56102]]}},{"type":"Feature","properties":{"nombre":"La Misión","jerarquia":5},"geometry":{"type":"LineString","coordinates":[[-73.16639,-40.56102],[-73.16653,-40.56042]]}},{"type":"Feature","properties":{"nombre":"La Misión","jerarquia":5},"geometry":{"type":"LineString","coordinates":[[-73.16653,-40.56042],[-73.16657,-40.56029]]}},{"type":"Feature","properties":{"nombre":"La Misión","jerarquia":5},"geometry":{"type":"LineString","coordinates":[[-73.16657,-40.56029],[-73.16662,-40.56007]]}},{"type":"Feature","properties":{"nombre":"La Misión","jerarquia":5},"geometry":{"type":"LineString","coordinates":[[-73.16883,-40.55878],[-73.16911,-40.55863],[-73.16947,-40.55831],[-73.17101,-40.55674]]}},{"type":"Feature","properties":{"nombre":"La Misión","jerarquia":5},"geometry":{"type":"LineString","coordinates":[[-73.17101,-40.55674],[-73.17154,-40.55615]]}},{"type":"Feature","properties":{"nombre":"La Misión","jerarquia":5},"geometry":{"type":"LineString","coordinates":[[-73.17154,-40.55615],[-73.17221,-40.55543]]}},{"type":"Feature","properties":{"nombre":"La Misión","jerarquia":5},"geometry":{"type":"LineString","coordinates":[[-73.17221,-40.55543],[-73.17251,-40.55508],[-73.17295,-40.55443]]}},{"type":"Feature","properties":{"nombre":"La Misión","jerarquia":5},"geometry":{"type":"LineString","coordinates":[[-73.17295,-40.55443],[-73.17298,-40.55439]]}},{"type":"Feature","properties":{"nombre":"La Misión","jerarquia":5},"geometry":{"type":"LineString","coordinates":[[-73.17298,-40.55439],[-73.17311,-40.55418]]}},{"type":"Feature","properties":{"nombre":"La Misión","jerarquia":5},"geometry":{"type":"LineString","coordinates":[[-73.16693,-40.55976],[-73.16714,-40.55965]]}},{"type":"Feature","properties":{"nombre":"La Misión","jerarquia":5},"geometry":{"type":"LineString","coordinates":[[-73.16714,-40.55965],[-73.16799,-40.55919]]}},{"type":"Feature","properties":{"nombre":"La Misión","jerarquia":5},"geometry":{"type":"LineString","coordinates":[[-73.16799,-40.55919],[-73.16805,-40.55916]]}},{"type":"Feature","properties":{"nombre":"La Misión","jerarquia":5},"geometry":{"type":"LineString","coordinates":[[-73.16805,-40.55916],[-73.16849,-40.55895]]}},{"type":"Feature","properties":{"nombre":"La Misión","jerarquia":5},"geometry":{"type":"LineString","coordinates":[[-73.16849,-40.55895],[-73.16861,-40.55889]]}},{"type":"Feature","properties":{"nombre":"La Misión","jerarquia":5},"geometry":{"type":"LineString","coordinates":[[-73.16861,-40.55889],[-73.16883,-40.55878]]}},{"type":"Feature","properties":{"nombre":"La Misión","jerarquia":5},"geometry":{"type":"LineString","coordinates":[[-73.16662,-40.56007],[-73.16669,-40.55995]]}},{"type":"Feature","properties":{"nombre":"La Misión","jerarquia":5},"geometry":{"type":"LineString","coordinates":[[-73.16669,-40.55995],[-73.16693,-40.55976]]}},{"type":"Feature","properties":{"nombre":"La Misión","jerarquia":5},"geometry":{"type":"LineString","coordinates":[[-73.16619,-40.5632],[-73.16621,-40.5631]]}},{"type":"Feature","properties":{"nombre":"La Misión","jerarquia":5},"geometry":{"type":"LineString","coordinates":[[-73.16621,-40.5631],[-73.1663,-40.56237]]}},{"type":"Feature","properties":{"nombre":"Manuel Bulnes","jerarquia":3},"geometry":{"type":"LineString","coordinates":[[-73.13856,-40.57305],[-73.13871,-40.57178]]}},{"type":"Feature","properties":{"nombre":"Manuel Bulnes","jerarquia":3},"geometry":{"type":"LineString","coordinates":[[-73.13871,-40.57178],[-73.13872,-40.5717]]}},{"type":"Feature","properties":{"nombre":"Manuel Bulnes","jerarquia":3},"geometry":{"type":"LineString","coordinates":[[-73.13872,-40.5717],[-73.1388,-40.57061]]}},{"type":"Feature","properties":{"nombre":"Inés de Suárez","jerarquia":4},"geometry":{"type":"LineString","coordinates":[[-73.13901,-40.57965],[-73.13865,-40.57945],[-73.13842,-40.57923],[-73.13832,-40.57898],[-73.13831,-40.57858]]}},{"type":"Feature","properties":{"nombre":"","jerarquia":3},"geometry":{"type":"LineString","coordinates":[[-73.13818,-40.57699],[-73.13848,-40.57686],[-73.13867,-40.57688],[-73.13869,-40.57697]]}},{"type":"Feature","properties":{"nombre":"Avenida Juan Mackenna","jerarquia":3},"geometry":{"type":"LineString","coordinates":[[-73.14021,-40.5743],[-73.14032,-40.57429]]}},{"type":"Feature","properties":{"nombre":"Avenida Juan Mackenna","jerarquia":3},"geometry":{"type":"LineString","coordinates":[[-73.14032,-40.57429],[-73.14083,-40.57426]]}},{"type":"Feature","properties":{"nombre":"Avenida Juan Mackenna","jerarquia":3},"geometry":{"type":"LineString","coordinates":[[-73.14083,-40.57426],[-73.14173,-40.57427]]}},{"type":"Feature","properties":{"nombre":"","jerarquia":3},"geometry":{"type":"LineString","coordinates":[[-73.1389,-40.57684],[-73.13819,-40.57683]]}},{"type":"Feature","properties":{"nombre":"","jerarquia":3},"geometry":{"type":"LineString","coordinates":[[-73.14076,-40.57401],[-73.14069,-40.57414],[-73.14071,-40.57419]]}},{"type":"Feature","properties":{"nombre":"","jerarquia":3},"geometry":{"type":"LineString","coordinates":[[-73.14071,-40.57419],[-73.14083,-40.57426]]}},{"type":"Feature","properties":{"nombre":"","jerarquia":3},"geometry":{"type":"LineString","coordinates":[[-73.15874,-40.57399],[-73.15909,-40.57385],[-73.15936,-40.57366]]}},{"type":"Feature","properties":{"nombre":"","jerarquia":1},"geometry":{"type":"LineString","coordinates":[[-73.09808,-40.58006],[-73.09803,-40.58115]]}},{"type":"Feature","properties":{"nombre":"Camino Las Quemas - Osorno","jerarquia":4},"geometry":{"type":"LineString","coordinates":[[-73.12886,-40.64657],[-73.12896,-40.6465]]}},{"type":"Feature","properties":{"nombre":"Camino Las Quemas - Osorno","jerarquia":4},"geometry":{"type":"LineString","coordinates":[[-73.12896,-40.6465],[-73.13115,-40.64494]]}},{"type":"Feature","properties":{"nombre":"","jerarquia":2},"geometry":{"type":"LineString","coordinates":[[-73.094,-40.58296],[-73.0941,-40.5831]]}},{"type":"Feature","properties":{"nombre":"","jerarquia":2},"geometry":{"type":"LineString","coordinates":[[-73.06266,-40.59984],[-73.06247,-40.59983],[-73.06237,-40.59973]]}},{"type":"Feature","properties":{"nombre":"","jerarquia":2},"geometry":{"type":"LineString","coordinates":[[-73.06237,-40.59973],[-73.06238,-40.59965]]}},{"type":"Feature","properties":{"nombre":"","jerarquia":2},"geometry":{"type":"LineString","coordinates":[[-73.08491,-40.588],[-73.08486,-40.58794]]}},{"type":"Feature","properties":{"nombre":"","jerarquia":2},"geometry":{"type":"LineString","coordinates":[[-73.08486,-40.58794],[-73.08483,-40.5879]]}},{"type":"Feature","properties":{"nombre":"","jerarquia":2},"geometry":{"type":"LineString","coordinates":[[-73.06544,-40.59806],[-73.06564,-40.59808],[-73.0657,-40.5982]]}},{"type":"Feature","properties":{"nombre":"","jerarquia":2},"geometry":{"type":"LineString","coordinates":[[-73.0657,-40.5982],[-73.06566,-40.59827]]}},{"type":"Feature","properties":{"nombre":"","jerarquia":2},"geometry":{"type":"LineString","coordinates":[[-73.05912,-40.6022],[-73.05892,-40.60207],[-73.05872,-40.60203]]}},{"type":"Feature","properties":{"nombre":"","jerarquia":2},"geometry":{"type":"LineString","coordinates":[[-73.05872,-40.60203],[-73.05852,-40.60207]]}},{"type":"Feature","properties":{"nombre":"Alcalde Alberto Fuchslocher","jerarquia":2},"geometry":{"type":"LineString","coordinates":[[-73.09496,-40.58272],[-73.09554,-40.58243]]}},{"type":"Feature","properties":{"nombre":"Alcalde Alberto Fuchslocher","jerarquia":5},"geometry":{"type":"LineString","coordinates":[[-73.08487,-40.58774],[-73.08496,-40.58769]]}},{"type":"Feature","properties":{"nombre":"Alcalde Alberto Fuchslocher","jerarquia":5},"geometry":{"type":"LineString","coordinates":[[-73.08496,-40.58769],[-73.08587,-40.58721]]}},{"type":"Feature","properties":{"nombre":"Alcalde Alberto Fuchslocher","jerarquia":5},"geometry":{"type":"LineString","coordinates":[[-73.08587,-40.58721],[-73.08598,-40.58715]]}},{"type":"Feature","properties":{"nombre":"Alcalde Alberto Fuchslocher","jerarquia":5},"geometry":{"type":"LineString","coordinates":[[-73.08598,-40.58715],[-73.08608,-40.5871]]}},{"type":"Feature","properties":{"nombre":"Alcalde Alberto Fuchslocher","jerarquia":5},"geometry":{"type":"LineString","coordinates":[[-73.08608,-40.5871],[-73.09004,-40.585]]}},{"type":"Feature","properties":{"nombre":"","jerarquia":2},"geometry":{"type":"LineString","coordinates":[[-73.08798,-40.58639],[-73.08799,-40.58624]]}},{"type":"Feature","properties":{"nombre":"","jerarquia":2},"geometry":{"type":"LineString","coordinates":[[-73.05773,-40.60247],[-73.05741,-40.60247]]}},{"type":"Feature","properties":{"nombre":"","jerarquia":2},"geometry":{"type":"LineString","coordinates":[[-73.05741,-40.60247],[-73.0573,-40.60244]]}},{"type":"Feature","properties":{"nombre":"Ruta 215 CH","jerarquia":2},"geometry":{"type":"LineString","coordinates":[[-73.06806,-40.59696],[-73.06566,-40.59827]]}},{"type":"Feature","properties":{"nombre":"","jerarquia":2},"geometry":{"type":"LineString","coordinates":[[-73.07182,-40.59507],[-73.0715,-40.59519]]}},{"type":"Feature","properties":{"nombre":"","jerarquia":2},"geometry":{"type":"LineString","coordinates":[[-73.0715,-40.59519],[-73.07119,-40.5953]]}},{"type":"Feature","properties":{"nombre":"Alcalde Alberto Fuchslocher","jerarquia":5},"geometry":{"type":"LineString","coordinates":[[-73.094,-40.58296],[-73.09513,-40.58252],[-73.09566,-40.58218],[-73.09614,-40.5817],[-73.09658,-40.58093],[-73.09677,-40.58077],[-73.09729,-40.58047],[-73.09744,-40.58028],[-73.09751,-40.58007]]}},{"type":"Feature","properties":{"nombre":"Avenida República","jerarquia":5},"geometry":{"type":"LineString","coordinates":[[-73.17108,-40.57389],[-73.17071,-40.57404],[-73.1702,-40.57416]]}},{"type":"Feature","properties":{"nombre":"Avenida República","jerarquia":5},"geometry":{"type":"LineString","coordinates":[[-73.1702,-40.57416],[-73.16978,-40.57425]]}},{"type":"Feature","properties":{"nombre":"Avenida República","jerarquia":5},"geometry":{"type":"LineString","coordinates":[[-73.16978,-40.57425],[-73.1696,-40.57419]]}},{"type":"Feature","properties":{"nombre":"Héroes de la Concepción","jerarquia":5},"geometry":{"type":"LineString","coordinates":[[-73.15065,-40.55043],[-73.15018,-40.54753]]}},{"type":"Feature","properties":{"nombre":"Héroes de la Concepción","jerarquia":5},"geometry":{"type":"LineString","coordinates":[[-73.15018,-40.54753],[-73.14955,-40.54376]]}},{"type":"Feature","properties":{"nombre":"Angulo","jerarquia":5},"geometry":{"type":"LineString","coordinates":[[-73.12403,-40.57025],[-73.12411,-40.57136]]}},{"type":"Feature","properties":{"nombre":"Martín Ruiz de Gamboa","jerarquia":5},"geometry":{"type":"LineString","coordinates":[[-73.15041,-40.58548],[-73.15025,-40.58529],[-73.14997,-40.58516]]}},{"type":"Feature","properties":{"nombre":"Martín Ruiz de Gamboa","jerarquia":5},"geometry":{"type":"LineString","coordinates":[[-73.14997,-40.58516],[-73.14979,-40.58508]]}},{"type":"Feature","properties":{"nombre":"Martín Ruiz de Gamboa","jerarquia":5},"geometry":{"type":"LineString","coordinates":[[-73.14979,-40.58508],[-73.14831,-40.58445]]}},{"type":"Feature","properties":{"nombre":"Martín Ruiz de Gamboa","jerarquia":5},"geometry":{"type":"LineString","coordinates":[[-73.14831,-40.58445],[-73.14804,-40.58434]]}},{"type":"Feature","properties":{"nombre":"","jerarquia":1},"geometry":{"type":"LineString","coordinates":[[-73.06214,-40.51062],[-73.06233,-40.51063],[-73.06255,-40.51055]]}},{"type":"Feature","properties":{"nombre":"Ruta U-155","jerarquia":5},"geometry":{"type":"LineString","coordinates":[[-73.05307,-40.50442],[-73.04794,-40.50704]]}},{"type":"Feature","properties":{"nombre":"","jerarquia":1},"geometry":{"type":"LineString","coordinates":[[-73.0967,-40.55574],[-73.09684,-40.55607]]}},{"type":"Feature","properties":{"nombre":"","jerarquia":1},"geometry":{"type":"LineString","coordinates":[[-73.09554,-40.55473],[-73.09483,-40.55425]]}},{"type":"Feature","properties":{"nombre":"Ruta U-508","jerarquia":5},"geometry":{"type":"LineString","coordinates":[[-73.1114,-40.63036],[-73.11194,-40.62988],[-73.11488,-40.6282],[-73.11724,-40.62724],[-73.12101,-40.62538],[-73.12625,-40.62312]]}},{"type":"Feature","properties":{"nombre":"","jerarquia":2},"geometry":{"type":"LineString","coordinates":[[-73.0844,-40.58826],[-73.08431,-40.58845]]}},{"type":"Feature","properties":{"nombre":"Chacarillas","jerarquia":5},"geometry":{"type":"LineString","coordinates":[[-73.17753,-40.57991],[-73.17741,-40.58065]]}},{"type":"Feature","properties":{"nombre":"Chacarillas","jerarquia":5},"geometry":{"type":"LineString","coordinates":[[-73.17741,-40.58065],[-73.17736,-40.58096]]}},{"type":"Feature","properties":{"nombre":"Chacarillas","jerarquia":5},"geometry":{"type":"LineString","coordinates":[[-73.17736,-40.58096],[-73.17729,-40.5813]]}},{"type":"Feature","properties":{"nombre":"Guillermo Schencke","jerarquia":5},"geometry":{"type":"LineString","coordinates":[[-73.16145,-40.58402],[-73.16161,-40.58396]]}},{"type":"Feature","properties":{"nombre":"Guillermo Schencke","jerarquia":5},"geometry":{"type":"LineString","coordinates":[[-73.16161,-40.58396],[-73.16191,-40.58385]]}},{"type":"Feature","properties":{"nombre":"Guillermo Schencke","jerarquia":5},"geometry":{"type":"LineString","coordinates":[[-73.16191,-40.58385],[-73.16203,-40.5838]]}},{"type":"Feature","properties":{"nombre":"Guillermo Schencke","jerarquia":5},"geometry":{"type":"LineString","coordinates":[[-73.16203,-40.5838],[-73.16228,-40.5837]]}},{"type":"Feature","properties":{"nombre":"Guillermo Schencke","jerarquia":5},"geometry":{"type":"LineString","coordinates":[[-73.16228,-40.5837],[-73.1625,-40.58362]]}},{"type":"Feature","properties":{"nombre":"Guillermo Schencke","jerarquia":5},"geometry":{"type":"LineString","coordinates":[[-73.1625,-40.58362],[-73.16269,-40.58355]]}},{"type":"Feature","properties":{"nombre":"Guillermo Schencke","jerarquia":5},"geometry":{"type":"LineString","coordinates":[[-73.16269,-40.58355],[-73.16285,-40.58349]]}},{"type":"Feature","properties":{"nombre":"Guillermo Schencke","jerarquia":5},"geometry":{"type":"LineString","coordinates":[[-73.16285,-40.58349],[-73.16341,-40.58327]]}},{"type":"Feature","properties":{"nombre":"Variante Juan Mackenna","jerarquia":4},"geometry":{"type":"LineString","coordinates":[[-73.14279,-40.57319],[-73.14139,-40.57375]]}},{"type":"Feature","properties":{"nombre":"Variante Juan Mackenna","jerarquia":4},"geometry":{"type":"LineString","coordinates":[[-73.14139,-40.57375],[-73.14076,-40.57401]]}},{"type":"Feature","properties":{"nombre":"","jerarquia":3},"geometry":{"type":"LineString","coordinates":[[-73.15022,-40.57416],[-73.15014,-40.57406]]}},{"type":"Feature","properties":{"nombre":"","jerarquia":4},"geometry":{"type":"LineString","coordinates":[[-73.12342,-40.58671],[-73.12342,-40.58683]]}},{"type":"Feature","properties":{"nombre":"Chillán","jerarquia":5},"geometry":{"type":"LineString","coordinates":[[-73.15426,-40.57397],[-73.15445,-40.57509]]}},{"type":"Feature","properties":{"nombre":"Chillán","jerarquia":5},"geometry":{"type":"LineString","coordinates":[[-73.15445,-40.57509],[-73.15466,-40.57639]]}},{"type":"Feature","properties":{"nombre":"Chillán","jerarquia":5},"geometry":{"type":"LineString","coordinates":[[-73.15466,-40.57639],[-73.15488,-40.57768]]}},{"type":"Feature","properties":{"nombre":"Chillán","jerarquia":5},"geometry":{"type":"LineString","coordinates":[[-73.15488,-40.57768],[-73.15503,-40.57859]]}},{"type":"Feature","properties":{"nombre":"Chillán","jerarquia":5},"geometry":{"type":"LineString","coordinates":[[-73.15544,-40.5811],[-73.15566,-40.58195]]}},{"type":"Feature","properties":{"nombre":"Chillán","jerarquia":5},"geometry":{"type":"LineString","coordinates":[[-73.15566,-40.58195],[-73.15593,-40.58277]]}},{"type":"Feature","properties":{"nombre":"Chillán","jerarquia":5},"geometry":{"type":"LineString","coordinates":[[-73.15593,-40.58277],[-73.15625,-40.58361],[-73.15702,-40.58433],[-73.15726,-40.58465],[-73.15774,-40.58498],[-73.15842,-40.58531],[-73.15859,-40.58534]]}},{"type":"Feature","properties":{"nombre":"Chillán","jerarquia":5},"geometry":{"type":"LineString","coordinates":[[-73.15522,-40.57986],[-73.15544,-40.5811]]}},{"type":"Feature","properties":{"nombre":"Manuel Rodríguez","jerarquia":3},"geometry":{"type":"LineString","coordinates":[[-73.13817,-40.57708],[-73.13854,-40.57708]]}},{"type":"Feature","properties":{"nombre":"Manuel Rodríguez","jerarquia":3},"geometry":{"type":"LineString","coordinates":[[-73.13854,-40.57708],[-73.1386,-40.57708]]}},{"type":"Feature","properties":{"nombre":"Manuel Bulnes","jerarquia":3},"geometry":{"type":"LineString","coordinates":[[-73.13817,-40.57708],[-73.13817,-40.57704]]}},{"type":"Feature","properties":{"nombre":"Manuel Bulnes","jerarquia":3},"geometry":{"type":"LineString","coordinates":[[-73.13817,-40.57704],[-73.13818,-40.57699]]}},{"type":"Feature","properties":{"nombre":"Manuel Bulnes","jerarquia":3},"geometry":{"type":"LineString","coordinates":[[-73.13818,-40.57699],[-73.13819,-40.57683]]}},{"type":"Feature","properties":{"nombre":"Manuel Bulnes","jerarquia":3},"geometry":{"type":"LineString","coordinates":[[-73.13819,-40.57683],[-73.13828,-40.57582]]}},{"type":"Feature","properties":{"nombre":"Manuel Bulnes","jerarquia":3},"geometry":{"type":"LineString","coordinates":[[-73.13828,-40.57582],[-73.13829,-40.57574]]}},{"type":"Feature","properties":{"nombre":"Manuel Bulnes","jerarquia":3},"geometry":{"type":"LineString","coordinates":[[-73.13829,-40.57574],[-73.13838,-40.57464]]}},{"type":"Feature","properties":{"nombre":"Manuel Bulnes","jerarquia":3},"geometry":{"type":"LineString","coordinates":[[-73.13838,-40.57464],[-73.13839,-40.57457]]}},{"type":"Feature","properties":{"nombre":"Manuel Rodríguez","jerarquia":3},"geometry":{"type":"LineString","coordinates":[[-73.12476,-40.57768],[-73.12317,-40.57776]]}},{"type":"Feature","properties":{"nombre":"Manuel Rodríguez","jerarquia":3},"geometry":{"type":"LineString","coordinates":[[-73.12317,-40.57776],[-73.12307,-40.57776]]}},{"type":"Feature","properties":{"nombre":"Eduvijes","jerarquia":5},"geometry":{"type":"LineString","coordinates":[[-73.12482,-40.57823],[-73.12476,-40.57775]]}},{"type":"Feature","properties":{"nombre":"Eduvijes","jerarquia":5},"geometry":{"type":"LineString","coordinates":[[-73.12476,-40.57775],[-73.12476,-40.57768]]}},{"type":"Feature","properties":{"nombre":"Manuel Rodríguez","jerarquia":3},"geometry":{"type":"LineString","coordinates":[[-73.12292,-40.57768],[-73.12306,-40.57768]]}},{"type":"Feature","properties":{"nombre":"Avenida Ignacio Zenteno","jerarquia":4},"geometry":{"type":"LineString","coordinates":[[-73.12292,-40.57768],[-73.1228,-40.57645]]}},{"type":"Feature","properties":{"nombre":"Avenida Ignacio Zenteno","jerarquia":4},"geometry":{"type":"LineString","coordinates":[[-73.1228,-40.57645],[-73.1228,-40.57641]]}},{"type":"Feature","properties":{"nombre":"Avenida Ignacio Zenteno","jerarquia":4},"geometry":{"type":"LineString","coordinates":[[-73.1228,-40.57641],[-73.12269,-40.57549]]}},{"type":"Feature","properties":{"nombre":"Avenida Ignacio Zenteno","jerarquia":4},"geometry":{"type":"LineString","coordinates":[[-73.12269,-40.57549],[-73.12269,-40.57548]]}},{"type":"Feature","properties":{"nombre":"Avenida Ignacio Zenteno","jerarquia":4},"geometry":{"type":"LineString","coordinates":[[-73.12269,-40.57548],[-73.12269,-40.57541]]}},{"type":"Feature","properties":{"nombre":"Avenida Ignacio Zenteno","jerarquia":4},"geometry":{"type":"LineString","coordinates":[[-73.12269,-40.57541],[-73.12266,-40.57516]]}},{"type":"Feature","properties":{"nombre":"Avenida Ignacio Zenteno","jerarquia":4},"geometry":{"type":"LineString","coordinates":[[-73.12306,-40.57768],[-73.12307,-40.57776]]}},{"type":"Feature","properties":{"nombre":"Manuel Rodríguez","jerarquia":3},"geometry":{"type":"LineString","coordinates":[[-73.12293,-40.57777],[-73.12216,-40.57781]]}},{"type":"Feature","properties":{"nombre":"Manuel Rodríguez","jerarquia":3},"geometry":{"type":"LineString","coordinates":[[-73.12216,-40.57781],[-73.11963,-40.57793]]}},{"type":"Feature","properties":{"nombre":"Manuel Rodríguez","jerarquia":3},"geometry":{"type":"LineString","coordinates":[[-73.12306,-40.57768],[-73.12475,-40.57759]]}},{"type":"Feature","properties":{"nombre":"Manuel Rodríguez","jerarquia":3},"geometry":{"type":"LineString","coordinates":[[-73.12307,-40.57776],[-73.12293,-40.57777]]}},{"type":"Feature","properties":{"nombre":"Avenida Real","jerarquia":3},"geometry":{"type":"LineString","coordinates":[[-73.16928,-40.59133],[-73.16909,-40.59102]]}},{"type":"Feature","properties":{"nombre":"Avenida Real","jerarquia":3},"geometry":{"type":"LineString","coordinates":[[-73.16909,-40.59102],[-73.169,-40.59086]]}},{"type":"Feature","properties":{"nombre":"Avenida Real","jerarquia":3},"geometry":{"type":"LineString","coordinates":[[-73.169,-40.59086],[-73.16888,-40.59067]]}},{"type":"Feature","properties":{"nombre":"Avenida Real","jerarquia":3},"geometry":{"type":"LineString","coordinates":[[-73.16888,-40.59067],[-73.1682,-40.58969]]}},{"type":"Feature","properties":{"nombre":"Avenida Real","jerarquia":3},"geometry":{"type":"LineString","coordinates":[[-73.1682,-40.58969],[-73.16791,-40.5893]]}},{"type":"Feature","properties":{"nombre":"Avenida Real","jerarquia":3},"geometry":{"type":"LineString","coordinates":[[-73.16791,-40.5893],[-73.16788,-40.58926]]}},{"type":"Feature","properties":{"nombre":"Avenida Real","jerarquia":3},"geometry":{"type":"LineString","coordinates":[[-73.16788,-40.58926],[-73.16757,-40.5889]]}},{"type":"Feature","properties":{"nombre":"Avenida Real","jerarquia":3},"geometry":{"type":"LineString","coordinates":[[-73.16757,-40.5889],[-73.16739,-40.58867]]}},{"type":"Feature","properties":{"nombre":"Avenida Real","jerarquia":3},"geometry":{"type":"LineString","coordinates":[[-73.16739,-40.58867],[-73.16723,-40.58849]]}},{"type":"Feature","properties":{"nombre":"Avenida Real","jerarquia":3},"geometry":{"type":"LineString","coordinates":[[-73.16723,-40.58849],[-73.16619,-40.58747]]}},{"type":"Feature","properties":{"nombre":"Avenida Real","jerarquia":3},"geometry":{"type":"LineString","coordinates":[[-73.16619,-40.58747],[-73.16607,-40.58734]]}},{"type":"Feature","properties":{"nombre":"Avenida Real","jerarquia":3},"geometry":{"type":"LineString","coordinates":[[-73.16607,-40.58734],[-73.16555,-40.58681]]}},{"type":"Feature","properties":{"nombre":"Avenida Real","jerarquia":3},"geometry":{"type":"LineString","coordinates":[[-73.16555,-40.58681],[-73.16524,-40.58647],[-73.16507,-40.58619]]}},{"type":"Feature","properties":{"nombre":"Avenida Real","jerarquia":3},"geometry":{"type":"LineString","coordinates":[[-73.16507,-40.58619],[-73.16492,-40.58564]]}},{"type":"Feature","properties":{"nombre":"Avenida Real","jerarquia":3},"geometry":{"type":"LineString","coordinates":[[-73.16492,-40.58564],[-73.16492,-40.58529]]}},{"type":"Feature","properties":{"nombre":"Avenida Real","jerarquia":3},"geometry":{"type":"LineString","coordinates":[[-73.16492,-40.58529],[-73.16487,-40.58478],[-73.16479,-40.58459]]}},{"type":"Feature","properties":{"nombre":"Avenida Real","jerarquia":3},"geometry":{"type":"LineString","coordinates":[[-73.16479,-40.58459],[-73.16457,-40.58425]]}},{"type":"Feature","properties":{"nombre":"Avenida Real","jerarquia":3},"geometry":{"type":"LineString","coordinates":[[-73.16457,-40.58425],[-73.16414,-40.58389]]}},{"type":"Feature","properties":{"nombre":"Avenida Real","jerarquia":3},"geometry":{"type":"LineString","coordinates":[[-73.16414,-40.58389],[-73.16341,-40.58327]]}},{"type":"Feature","properties":{"nombre":"Avenida Real","jerarquia":3},"geometry":{"type":"LineString","coordinates":[[-73.16341,-40.58327],[-73.16298,-40.58292]]}},{"type":"Feature","properties":{"nombre":"Avenida Real","jerarquia":3},"geometry":{"type":"LineString","coordinates":[[-73.16298,-40.58292],[-73.16253,-40.58257]]}},{"type":"Feature","properties":{"nombre":"Avenida Real","jerarquia":3},"geometry":{"type":"LineString","coordinates":[[-73.16253,-40.58257],[-73.16227,-40.58228]]}},{"type":"Feature","properties":{"nombre":"Avenida Real","jerarquia":3},"geometry":{"type":"LineString","coordinates":[[-73.16227,-40.58228],[-73.16216,-40.58213]]}},{"type":"Feature","properties":{"nombre":"Avenida Real","jerarquia":3},"geometry":{"type":"LineString","coordinates":[[-73.16216,-40.58213],[-73.16182,-40.58163]]}},{"type":"Feature","properties":{"nombre":"Avenida Real","jerarquia":3},"geometry":{"type":"LineString","coordinates":[[-73.16182,-40.58163],[-73.16168,-40.58144]]}},{"type":"Feature","properties":{"nombre":"Avenida Real","jerarquia":3},"geometry":{"type":"LineString","coordinates":[[-73.16168,-40.58144],[-73.1616,-40.58131]]}},{"type":"Feature","properties":{"nombre":"Avenida Real","jerarquia":3},"geometry":{"type":"LineString","coordinates":[[-73.1616,-40.58131],[-73.1614,-40.58102]]}},{"type":"Feature","properties":{"nombre":"Avenida Real","jerarquia":3},"geometry":{"type":"LineString","coordinates":[[-73.1614,-40.58102],[-73.16102,-40.58045]]}},{"type":"Feature","properties":{"nombre":"Avenida Real","jerarquia":3},"geometry":{"type":"LineString","coordinates":[[-73.16102,-40.58045],[-73.16053,-40.57975]]}},{"type":"Feature","properties":{"nombre":"Avenida Real","jerarquia":3},"geometry":{"type":"LineString","coordinates":[[-73.16053,-40.57975],[-73.16048,-40.57968]]}},{"type":"Feature","properties":{"nombre":"Avenida Real","jerarquia":3},"geometry":{"type":"LineString","coordinates":[[-73.16048,-40.57968],[-73.16017,-40.57916]]}},{"type":"Feature","properties":{"nombre":"Avenida Real","jerarquia":3},"geometry":{"type":"LineString","coordinates":[[-73.16017,-40.57916],[-73.15992,-40.5787],[-73.1599,-40.57848]]}},{"type":"Feature","properties":{"nombre":"Avenida Real","jerarquia":3},"geometry":{"type":"LineString","coordinates":[[-73.1599,-40.57848],[-73.1599,-40.57832]]}},{"type":"Feature","properties":{"nombre":"Avenida Real","jerarquia":3},"geometry":{"type":"LineString","coordinates":[[-73.1599,-40.57832],[-73.15987,-40.57802],[-73.15969,-40.57785],[-73.15863,-40.57735]]}},{"type":"Feature","properties":{"nombre":"Chacarillas","jerarquia":5},"geometry":{"type":"LineString","coordinates":[[-73.17729,-40.5813],[-73.1772,-40.58171]]}},{"type":"Feature","properties":{"nombre":"Chorrillos","jerarquia":5},"geometry":{"type":"LineString","coordinates":[[-73.16914,-40.56993],[-73.16895,-40.56985],[-73.16874,-40.56955]]}},{"type":"Feature","properties":{"nombre":"Chorrillos","jerarquia":5},"geometry":{"type":"LineString","coordinates":[[-73.16874,-40.56955],[-73.16871,-40.5695]]}},{"type":"Feature","properties":{"nombre":"Chorrillos","jerarquia":5},"geometry":{"type":"LineString","coordinates":[[-73.16914,-40.56993],[-73.16935,-40.57014],[-73.16948,-40.57035]]}},{"type":"Feature","properties":{"nombre":"Chorrillos","jerarquia":5},"geometry":{"type":"LineString","coordinates":[[-73.16948,-40.57035],[-73.16962,-40.57115],[-73.16959,-40.57127]]}},{"type":"Feature","properties":{"nombre":"Chorrillos","jerarquia":5},"geometry":{"type":"LineString","coordinates":[[-73.16959,-40.57127],[-73.16953,-40.57172]]}},{"type":"Feature","properties":{"nombre":"Talca","jerarquia":5},"geometry":{"type":"LineString","coordinates":[[-73.15331,-40.57874],[-73.15317,-40.57783]]}},{"type":"Feature","properties":{"nombre":"Talca","jerarquia":5},"geometry":{"type":"LineString","coordinates":[[-73.15317,-40.57783],[-73.15297,-40.57653]]}},{"type":"Feature","properties":{"nombre":"Talca","jerarquia":5},"geometry":{"type":"LineString","coordinates":[[-73.15297,-40.57653],[-73.15277,-40.57523]]}},{"type":"Feature","properties":{"nombre":"Talca","jerarquia":5},"geometry":{"type":"LineString","coordinates":[[-73.15277,-40.57523],[-73.1526,-40.57412]]}},{"type":"Feature","properties":{"nombre":"Talca","jerarquia":5},"geometry":{"type":"LineString","coordinates":[[-73.1526,-40.57412],[-73.15258,-40.57401]]}},{"type":"Feature","properties":{"nombre":"Chillán","jerarquia":5},"geometry":{"type":"LineString","coordinates":[[-73.15503,-40.57859],[-73.15522,-40.57986]]}},{"type":"Feature","properties":{"nombre":"Temuco","jerarquia":5},"geometry":{"type":"LineString","coordinates":[[-73.15503,-40.57859],[-73.15331,-40.57874]]}},{"type":"Feature","properties":{"nombre":"1 de Mayo","jerarquia":5},"geometry":{"type":"LineString","coordinates":[[-73.16184,-40.56874],[-73.16205,-40.56866],[-73.16223,-40.56852],[-73.16248,-40.568],[-73.16253,-40.56763],[-73.16247,-40.56678],[-73.16281,-40.56649],[-73.16313,-40.56631]]}},{"type":"Feature","properties":{"nombre":"Ruta U-220","jerarquia":5},"geometry":{"type":"LineString","coordinates":[[-73.22132,-40.5405],[-73.22196,-40.54073],[-73.22253,-40.5408],[-73.22602,-40.54071],[-73.22849,-40.54079],[-73.22922,-40.54092],[-73.2306,-40.5413],[-73.23123,-40.54136]]}},{"type":"Feature","properties":{"nombre":"Avenida República","jerarquia":5},"geometry":{"type":"LineString","coordinates":[[-73.16352,-40.5735],[-73.16544,-40.57375]]}},{"type":"Feature","properties":{"nombre":"Avenida República","jerarquia":5},"geometry":{"type":"LineString","coordinates":[[-73.16544,-40.57375],[-73.16602,-40.57384]]}},{"type":"Feature","properties":{"nombre":"Avenida República","jerarquia":5},"geometry":{"type":"LineString","coordinates":[[-73.16602,-40.57384],[-73.16718,-40.57401]]}},{"type":"Feature","properties":{"nombre":"Avenida República","jerarquia":5},"geometry":{"type":"LineString","coordinates":[[-73.16718,-40.57401],[-73.1689,-40.57425]]}},{"type":"Feature","properties":{"nombre":"Avenida República","jerarquia":5},"geometry":{"type":"LineString","coordinates":[[-73.16131,-40.57396],[-73.16081,-40.57411],[-73.16036,-40.57417],[-73.15947,-40.5741]]}},{"type":"Feature","properties":{"nombre":"Avenida República","jerarquia":5},"geometry":{"type":"LineString","coordinates":[[-73.17896,-40.57426],[-73.17842,-40.57418]]}},{"type":"Feature","properties":{"nombre":"Avenida República","jerarquia":5},"geometry":{"type":"LineString","coordinates":[[-73.17842,-40.57418],[-73.17827,-40.57416]]}},{"type":"Feature","properties":{"nombre":"Avenida República","jerarquia":5},"geometry":{"type":"LineString","coordinates":[[-73.17827,-40.57416],[-73.17772,-40.57409]]}},{"type":"Feature","properties":{"nombre":"Avenida República","jerarquia":5},"geometry":{"type":"LineString","coordinates":[[-73.17772,-40.57409],[-73.17715,-40.57401]]}},{"type":"Feature","properties":{"nombre":"Avenida República","jerarquia":5},"geometry":{"type":"LineString","coordinates":[[-73.17715,-40.57401],[-73.17664,-40.57394]]}},{"type":"Feature","properties":{"nombre":"Avenida República","jerarquia":5},"geometry":{"type":"LineString","coordinates":[[-73.17664,-40.57394],[-73.17615,-40.57387]]}},{"type":"Feature","properties":{"nombre":"Avenida República","jerarquia":5},"geometry":{"type":"LineString","coordinates":[[-73.17615,-40.57387],[-73.17509,-40.57372]]}},{"type":"Feature","properties":{"nombre":"Avenida República","jerarquia":5},"geometry":{"type":"LineString","coordinates":[[-73.17509,-40.57372],[-73.17348,-40.57349]]}},{"type":"Feature","properties":{"nombre":"Avenida República","jerarquia":5},"geometry":{"type":"LineString","coordinates":[[-73.17351,-40.57339],[-73.17511,-40.57361]]}},{"type":"Feature","properties":{"nombre":"Avenida República","jerarquia":5},"geometry":{"type":"LineString","coordinates":[[-73.17511,-40.57361],[-73.17667,-40.57383]]}},{"type":"Feature","properties":{"nombre":"Avenida República","jerarquia":5},"geometry":{"type":"LineString","coordinates":[[-73.17667,-40.57383],[-73.17718,-40.5739]]}},{"type":"Feature","properties":{"nombre":"Avenida República","jerarquia":5},"geometry":{"type":"LineString","coordinates":[[-73.17718,-40.5739],[-73.17844,-40.57407]]}},{"type":"Feature","properties":{"nombre":"Avenida República","jerarquia":5},"geometry":{"type":"LineString","coordinates":[[-73.17844,-40.57407],[-73.17899,-40.57414]]}},{"type":"Feature","properties":{"nombre":"Avenida República","jerarquia":5},"geometry":{"type":"LineString","coordinates":[[-73.1696,-40.57419],[-73.16925,-40.57425],[-73.1689,-40.57425]]}},{"type":"Feature","properties":{"nombre":"Manuel Rodríguez","jerarquia":3},"geometry":{"type":"LineString","coordinates":[[-73.13857,-40.57716],[-73.13824,-40.57716]]}},{"type":"Feature","properties":{"nombre":"Manuel Rodríguez","jerarquia":3},"geometry":{"type":"LineString","coordinates":[[-73.13824,-40.57716],[-73.13816,-40.57716]]}},{"type":"Feature","properties":{"nombre":"Ramón Freire","jerarquia":4},"geometry":{"type":"LineString","coordinates":[[-73.13134,-40.5747],[-73.13149,-40.57336]]}},{"type":"Feature","properties":{"nombre":"Ramón Freire","jerarquia":4},"geometry":{"type":"LineString","coordinates":[[-73.13149,-40.57336],[-73.13163,-40.57211]]}},{"type":"Feature","properties":{"nombre":"Ramón Freire","jerarquia":4},"geometry":{"type":"LineString","coordinates":[[-73.13163,-40.57211],[-73.13164,-40.57201]]}},{"type":"Feature","properties":{"nombre":"Manuel Rodríguez","jerarquia":3},"geometry":{"type":"LineString","coordinates":[[-73.13108,-40.57739],[-73.12931,-40.57744]]}},{"type":"Feature","properties":{"nombre":"Manuel Rodríguez","jerarquia":3},"geometry":{"type":"LineString","coordinates":[[-73.12931,-40.57744],[-73.12925,-40.57744]]}},{"type":"Feature","properties":{"nombre":"Manuel Rodríguez","jerarquia":3},"geometry":{"type":"LineString","coordinates":[[-73.13459,-40.57728],[-73.13293,-40.57734]]}},{"type":"Feature","properties":{"nombre":"Manuel Rodríguez","jerarquia":3},"geometry":{"type":"LineString","coordinates":[[-73.13293,-40.57734],[-73.13279,-40.57735]]}},{"type":"Feature","properties":{"nombre":"Manuel Rodríguez","jerarquia":3},"geometry":{"type":"LineString","coordinates":[[-73.13279,-40.57735],[-73.13122,-40.57739]]}},{"type":"Feature","properties":{"nombre":"Manuel Rodríguez","jerarquia":3},"geometry":{"type":"LineString","coordinates":[[-73.13122,-40.57739],[-73.13108,-40.57739]]}},{"type":"Feature","properties":{"nombre":"Juan de Dios Angulo","jerarquia":5},"geometry":{"type":"LineString","coordinates":[[-73.12428,-40.57363],[-73.1242,-40.57257]]}},{"type":"Feature","properties":{"nombre":"Juan de Dios Angulo","jerarquia":5},"geometry":{"type":"LineString","coordinates":[[-73.1242,-40.57257],[-73.1242,-40.57249]]}},{"type":"Feature","properties":{"nombre":"Juan de Dios Angulo","jerarquia":5},"geometry":{"type":"LineString","coordinates":[[-73.1242,-40.57249],[-73.12411,-40.57136]]}},{"type":"Feature","properties":{"nombre":"Santa María","jerarquia":5},"geometry":{"type":"LineString","coordinates":[[-73.11511,-40.57066],[-73.1167,-40.57061]]}},{"type":"Feature","properties":{"nombre":"Santa María","jerarquia":5},"geometry":{"type":"LineString","coordinates":[[-73.1167,-40.57061],[-73.11816,-40.57054]]}},{"type":"Feature","properties":{"nombre":"Santa María","jerarquia":5},"geometry":{"type":"LineString","coordinates":[[-73.11816,-40.57054],[-73.11968,-40.57046]]}},{"type":"Feature","properties":{"nombre":"Santa María","jerarquia":5},"geometry":{"type":"LineString","coordinates":[[-73.11968,-40.57046],[-73.12119,-40.5704]]}},{"type":"Feature","properties":{"nombre":"Santa María","jerarquia":5},"geometry":{"type":"LineString","coordinates":[[-73.12119,-40.5704],[-73.1226,-40.57032]]}},{"type":"Feature","properties":{"nombre":"Santa María","jerarquia":5},"geometry":{"type":"LineString","coordinates":[[-73.1226,-40.57032],[-73.12403,-40.57025]]}},{"type":"Feature","properties":{"nombre":"Ruta U-165","jerarquia":5},"geometry":{"type":"LineString","coordinates":[[-73.07322,-40.53384],[-73.05819,-40.53716],[-73.05653,-40.53746],[-73.05539,-40.53762]]}},{"type":"Feature","properties":{"nombre":"Ruta U-165","jerarquia":5},"geometry":{"type":"LineString","coordinates":[[-73.05539,-40.53762],[-73.05126,-40.53815],[-73.0508,-40.53825],[-73.0503,-40.53848],[-73.04806,-40.54003],[-73.04622,-40.54121],[-73.04569,-40.54143],[-73.04484,-40.54162]]}},{"type":"Feature","properties":{"nombre":"Ruta U-165","jerarquia":5},"geometry":{"type":"LineString","coordinates":[[-73.04484,-40.54162],[-73.04433,-40.54166]]}},{"type":"Feature","properties":{"nombre":"Ruta U-165","jerarquia":5},"geometry":{"type":"LineString","coordinates":[[-73.04433,-40.54166],[-73.04256,-40.54157]]}},{"type":"Feature","properties":{"nombre":"Ruta U-165","jerarquia":5},"geometry":{"type":"LineString","coordinates":[[-73.04256,-40.54157],[-73.04131,-40.54153]]}},{"type":"Feature","properties":{"nombre":"Ruta U-165","jerarquia":5},"geometry":{"type":"LineString","coordinates":[[-73.04131,-40.54153],[-73.04055,-40.54148]]}},{"type":"Feature","properties":{"nombre":"Blanco Encalada","jerarquia":4},"geometry":{"type":"LineString","coordinates":[[-73.14421,-40.57151],[-73.145,-40.5711]]}},{"type":"Feature","properties":{"nombre":"Alcalde Alberto Fuchslocher","jerarquia":5},"geometry":{"type":"LineString","coordinates":[[-73.09372,-40.58356],[-73.09306,-40.58386],[-73.09038,-40.58525]]}},{"type":"Feature","properties":{"nombre":"Alcalde Alberto Fuchslocher","jerarquia":5},"geometry":{"type":"LineString","coordinates":[[-73.09038,-40.58525],[-73.09025,-40.58532]]}},{"type":"Feature","properties":{"nombre":"Avenida Argentina","jerarquia":5},"geometry":{"type":"LineString","coordinates":[[-73.16723,-40.58849],[-73.16758,-40.58812]]}},{"type":"Feature","properties":{"nombre":"Avenida Argentina","jerarquia":5},"geometry":{"type":"LineString","coordinates":[[-73.16758,-40.58812],[-73.1678,-40.58788]]}},{"type":"Feature","properties":{"nombre":"Avenida Argentina","jerarquia":5},"geometry":{"type":"LineString","coordinates":[[-73.1678,-40.58788],[-73.16791,-40.58775]]}},{"type":"Feature","properties":{"nombre":"Avenida Argentina","jerarquia":5},"geometry":{"type":"LineString","coordinates":[[-73.16791,-40.58775],[-73.16825,-40.58737]]}},{"type":"Feature","properties":{"nombre":"Avenida Argentina","jerarquia":5},"geometry":{"type":"LineString","coordinates":[[-73.16825,-40.58737],[-73.16872,-40.58682]]}},{"type":"Feature","properties":{"nombre":"Avenida Argentina","jerarquia":5},"geometry":{"type":"LineString","coordinates":[[-73.16872,-40.58682],[-73.16882,-40.5867]]}},{"type":"Feature","properties":{"nombre":"Avenida Argentina","jerarquia":5},"geometry":{"type":"LineString","coordinates":[[-73.16882,-40.5867],[-73.1691,-40.58638]]}},{"type":"Feature","properties":{"nombre":"Avenida Argentina","jerarquia":5},"geometry":{"type":"LineString","coordinates":[[-73.1691,-40.58638],[-73.1695,-40.58594]]}},{"type":"Feature","properties":{"nombre":"Avenida Argentina","jerarquia":5},"geometry":{"type":"LineString","coordinates":[[-73.1695,-40.58594],[-73.1698,-40.58559]]}},{"type":"Feature","properties":{"nombre":"Avenida Argentina","jerarquia":5},"geometry":{"type":"LineString","coordinates":[[-73.1698,-40.58559],[-73.17008,-40.58527]]}},{"type":"Feature","properties":{"nombre":"Avenida Argentina","jerarquia":5},"geometry":{"type":"LineString","coordinates":[[-73.17008,-40.58527],[-73.17049,-40.58482]]}},{"type":"Feature","properties":{"nombre":"Avenida Argentina","jerarquia":5},"geometry":{"type":"LineString","coordinates":[[-73.17049,-40.58482],[-73.1708,-40.58441]]}},{"type":"Feature","properties":{"nombre":"Ruta Osorno - Bahía Mansa","jerarquia":4},"geometry":{"type":"LineString","coordinates":[[-73.18572,-40.56446],[-73.18638,-40.56435],[-73.18776,-40.56396],[-73.18843,-40.56392],[-73.18918,-40.56396],[-73.18958,-40.56391],[-73.18993,-40.56379],[-73.19046,-40.56344],[-73.19083,-40.56326],[-73.19221,-40.56286],[-73.19289,-40.56277],[-73.19433,-40.56268],[-73.19528,-40.5625],[-73.19611,-40.56223],[-73.19804,-40.56111],[-73.19938,-40.56094]]}},{"type":"Feature","properties":{"nombre":"Ruta Osorno - Bahía Mansa","jerarquia":4},"geometry":{"type":"LineString","coordinates":[[-73.19938,-40.56094],[-73.20102,-40.5608]]}},{"type":"Feature","properties":{"nombre":"Ruta Osorno - Bahía Mansa","jerarquia":4},"geometry":{"type":"LineString","coordinates":[[-73.20102,-40.5608],[-73.20589,-40.56042],[-73.20644,-40.56044],[-73.21083,-40.56135],[-73.21102,-40.56144],[-73.2119,-40.56212],[-73.21267,-40.56236],[-73.213,-40.56252],[-73.21361,-40.56303]]}},{"type":"Feature","properties":{"nombre":"Ruta Osorno - Bahía Mansa","jerarquia":4},"geometry":{"type":"LineString","coordinates":[[-73.21361,-40.56303],[-73.214,-40.5632],[-73.21444,-40.56325],[-73.21491,-40.56317],[-73.21531,-40.56295]]}},{"type":"Feature","properties":{"nombre":"Ruta Osorno - Bahía Mansa","jerarquia":4},"geometry":{"type":"LineString","coordinates":[[-73.21531,-40.56295],[-73.21638,-40.56161],[-73.21667,-40.56133],[-73.2172,-40.56104],[-73.21787,-40.56094],[-73.21843,-40.56101],[-73.21892,-40.56122],[-73.2199,-40.56225],[-73.22061,-40.56288],[-73.22105,-40.56302],[-73.22225,-40.56316]]}},{"type":"Feature","properties":{"nombre":"Ruta Osorno - Bahía Mansa","jerarquia":4},"geometry":{"type":"LineString","coordinates":[[-73.22225,-40.56316],[-73.22314,-40.56321],[-73.22362,-40.56332],[-73.22404,-40.56354],[-73.22465,-40.5641],[-73.22517,-40.56431],[-73.22569,-40.56434],[-73.2266,-40.56418],[-73.22711,-40.56417],[-73.22753,-40.56425],[-73.22831,-40.5645],[-73.22881,-40.56453]]}},{"type":"Feature","properties":{"nombre":"Ruta U-220","jerarquia":5},"geometry":{"type":"LineString","coordinates":[[-73.22092,-40.5403],[-73.22132,-40.5405]]}},{"type":"Feature","properties":{"nombre":"Ruta U-220","jerarquia":5},"geometry":{"type":"LineString","coordinates":[[-73.17311,-40.55418],[-73.17497,-40.55143]]}},{"type":"Feature","properties":{"nombre":"Camino Las Quemas - Osorno","jerarquia":4},"geometry":{"type":"LineString","coordinates":[[-73.13185,-40.64428],[-73.13187,-40.6438],[-73.13173,-40.64306],[-73.13128,-40.6421],[-73.1308,-40.64075]]}},{"type":"Feature","properties":{"nombre":"Camino Las Quemas - Osorno","jerarquia":4},"geometry":{"type":"LineString","coordinates":[[-73.1308,-40.64075],[-73.13044,-40.63987],[-73.13001,-40.63902],[-73.12998,-40.63878],[-73.13003,-40.63857],[-73.1302,-40.63822],[-73.1309,-40.63698],[-73.13094,-40.63661],[-73.1304,-40.63449],[-73.12924,-40.63157],[-73.12898,-40.63035],[-73.12899,-40.63004],[-73.12909,-40.62971],[-73.13008,-40.62824],[-73.13012,-40.62787],[-73.13007,-40.6277],[-73.12932,-40.6264],[-73.12852,-40.62464],[-73.12761,-40.62288]]}},{"type":"Feature","properties":{"nombre":"Geisse","jerarquia":5},"geometry":{"type":"LineString","coordinates":[[-73.12653,-40.57822],[-73.12647,-40.57762]]}},{"type":"Feature","properties":{"nombre":"Geisse","jerarquia":5},"geometry":{"type":"LineString","coordinates":[[-73.12647,-40.57762],[-73.12647,-40.57759]]}},{"type":"Feature","properties":{"nombre":"Eduvijes","jerarquia":5},"geometry":{"type":"LineString","coordinates":[[-73.12476,-40.57768],[-73.12475,-40.57759]]}},{"type":"Feature","properties":{"nombre":"Manuel Rodríguez","jerarquia":3},"geometry":{"type":"LineString","coordinates":[[-73.12646,-40.5775],[-73.12836,-40.57738]]}},{"type":"Feature","properties":{"nombre":"Avenida César Ercilla","jerarquia":5},"geometry":{"type":"LineString","coordinates":[[-73.11152,-40.57619],[-73.1115,-40.57612]]}},{"type":"Feature","properties":{"nombre":"Bellavista","jerarquia":4},"geometry":{"type":"LineString","coordinates":[[-73.15916,-40.57407],[-73.15917,-40.57401]]}},{"type":"Feature","properties":{"nombre":"Avenida República","jerarquia":3},"geometry":{"type":"LineString","coordinates":[[-73.14972,-40.5742],[-73.14951,-40.57421]]}},{"type":"Feature","properties":{"nombre":"Avenida República","jerarquia":3},"geometry":{"type":"LineString","coordinates":[[-73.14951,-40.57421],[-73.14804,-40.57432]]}},{"type":"Feature","properties":{"nombre":"Avenida República","jerarquia":3},"geometry":{"type":"LineString","coordinates":[[-73.14804,-40.57432],[-73.14684,-40.5744]]}},{"type":"Feature","properties":{"nombre":"Avenida República","jerarquia":3},"geometry":{"type":"LineString","coordinates":[[-73.14684,-40.5744],[-73.14575,-40.57446],[-73.14512,-40.57445]]}},{"type":"Feature","properties":{"nombre":"Avenida República","jerarquia":5},"geometry":{"type":"LineString","coordinates":[[-73.15927,-40.57402],[-73.15958,-40.57407]]}},{"type":"Feature","properties":{"nombre":"Avenida República","jerarquia":5},"geometry":{"type":"LineString","coordinates":[[-73.15958,-40.57407],[-73.16034,-40.5741],[-73.16118,-40.57391]]}},{"type":"Feature","properties":{"nombre":"José Joaquín Pérez","jerarquia":5},"geometry":{"type":"LineString","coordinates":[[-73.14325,-40.57154],[-73.14309,-40.57214]]}},{"type":"Feature","properties":{"nombre":"Variante Juan Mackenna","jerarquia":5},"geometry":{"type":"LineString","coordinates":[[-73.1436,-40.57294],[-73.14279,-40.57319]]}},{"type":"Feature","properties":{"nombre":"Avenida Juan Mackenna","jerarquia":3},"geometry":{"type":"LineString","coordinates":[[-73.13132,-40.57496],[-73.12966,-40.57505]]}},{"type":"Feature","properties":{"nombre":"Avenida Juan Mackenna","jerarquia":3},"geometry":{"type":"LineString","coordinates":[[-73.12966,-40.57505],[-73.12952,-40.57506]]}},{"type":"Feature","properties":{"nombre":"Avenida Juan Mackenna","jerarquia":3},"geometry":{"type":"LineString","coordinates":[[-73.12952,-40.57506],[-73.12858,-40.57511]]}},{"type":"Feature","properties":{"nombre":"Avenida Juan Mackenna","jerarquia":3},"geometry":{"type":"LineString","coordinates":[[-73.12858,-40.57511],[-73.12807,-40.57514]]}},{"type":"Feature","properties":{"nombre":"Avenida Juan Mackenna","jerarquia":3},"geometry":{"type":"LineString","coordinates":[[-73.12807,-40.57514],[-73.12793,-40.57514]]}},{"type":"Feature","properties":{"nombre":"Ramón Freire","jerarquia":5},"geometry":{"type":"LineString","coordinates":[[-73.13164,-40.57201],[-73.13174,-40.57102]]}},{"type":"Feature","properties":{"nombre":"Ramón Freire","jerarquia":5},"geometry":{"type":"LineString","coordinates":[[-73.13174,-40.57102],[-73.13186,-40.57006]]}},{"type":"Feature","properties":{"nombre":"Alessandri","jerarquia":5},"geometry":{"type":"LineString","coordinates":[[-73.15889,-40.56905],[-73.15901,-40.57034]]}},{"type":"Feature","properties":{"nombre":"Avenida Ignacio Zenteno","jerarquia":4},"geometry":{"type":"LineString","coordinates":[[-73.11655,-40.58997],[-73.11667,-40.58988]]}},{"type":"Feature","properties":{"nombre":"Avenida Ignacio Zenteno","jerarquia":4},"geometry":{"type":"LineString","coordinates":[[-73.11664,-40.59004],[-73.1157,-40.59076]]}},{"type":"Feature","properties":{"nombre":"","jerarquia":3},"geometry":{"type":"LineString","coordinates":[[-73.11964,-40.56412],[-73.11974,-40.56423],[-73.11988,-40.56431]]}},{"type":"Feature","properties":{"nombre":"","jerarquia":3},"geometry":{"type":"LineString","coordinates":[[-73.11925,-40.56427],[-73.11944,-40.56423],[-73.11956,-40.56412]]}},{"type":"Feature","properties":{"nombre":"Los Carrera","jerarquia":4},"geometry":{"type":"LineString","coordinates":[[-73.14325,-40.57154],[-73.14398,-40.57152]]}},{"type":"Feature","properties":{"nombre":"Los Carrera","jerarquia":4},"geometry":{"type":"LineString","coordinates":[[-73.14398,-40.57152],[-73.14421,-40.57151]]}},{"type":"Feature","properties":{"nombre":"José Joaquín Pérez","jerarquia":5},"geometry":{"type":"LineString","coordinates":[[-73.14335,-40.5712],[-73.14325,-40.57154]]}},{"type":"Feature","properties":{"nombre":"Los Damascos","jerarquia":5},"geometry":{"type":"LineString","coordinates":[[-73.15254,-40.55409],[-73.1528,-40.55419]]}},{"type":"Feature","properties":{"nombre":"Los Damascos","jerarquia":5},"geometry":{"type":"LineString","coordinates":[[-73.1528,-40.55419],[-73.15329,-40.55436]]}},{"type":"Feature","properties":{"nombre":"Los Damascos","jerarquia":5},"geometry":{"type":"LineString","coordinates":[[-73.15329,-40.55436],[-73.15461,-40.55483]]}},{"type":"Feature","properties":{"nombre":"Los Damascos","jerarquia":5},"geometry":{"type":"LineString","coordinates":[[-73.15461,-40.55483],[-73.15507,-40.555]]}},{"type":"Feature","properties":{"nombre":"Los Laureles","jerarquia":5},"geometry":{"type":"LineString","coordinates":[[-73.15644,-40.55757],[-73.15702,-40.55662]]}},{"type":"Feature","properties":{"nombre":"Los Laureles","jerarquia":5},"geometry":{"type":"LineString","coordinates":[[-73.15702,-40.55662],[-73.15741,-40.55598]]}},{"type":"Feature","properties":{"nombre":"Los Laureles","jerarquia":5},"geometry":{"type":"LineString","coordinates":[[-73.15741,-40.55598],[-73.15748,-40.55586]]}},{"type":"Feature","properties":{"nombre":"Los Laureles","jerarquia":5},"geometry":{"type":"LineString","coordinates":[[-73.15748,-40.55586],[-73.1577,-40.55551]]}},{"type":"Feature","properties":{"nombre":"Los Laureles","jerarquia":5},"geometry":{"type":"LineString","coordinates":[[-73.1577,-40.55551],[-73.15791,-40.55516]]}},{"type":"Feature","properties":{"nombre":"Los Laureles","jerarquia":5},"geometry":{"type":"LineString","coordinates":[[-73.15791,-40.55516],[-73.15814,-40.55477]]}},{"type":"Feature","properties":{"nombre":"Los Laureles","jerarquia":5},"geometry":{"type":"LineString","coordinates":[[-73.15814,-40.55477],[-73.15838,-40.55439]]}},{"type":"Feature","properties":{"nombre":"Los Laureles","jerarquia":5},"geometry":{"type":"LineString","coordinates":[[-73.15838,-40.55439],[-73.15862,-40.55399]]}},{"type":"Feature","properties":{"nombre":"Los Laureles","jerarquia":5},"geometry":{"type":"LineString","coordinates":[[-73.15862,-40.55399],[-73.15884,-40.55364]]}},{"type":"Feature","properties":{"nombre":"Los Laureles","jerarquia":5},"geometry":{"type":"LineString","coordinates":[[-73.15884,-40.55364],[-73.15906,-40.55327]]}},{"type":"Feature","properties":{"nombre":"Los Laureles","jerarquia":5},"geometry":{"type":"LineString","coordinates":[[-73.15906,-40.55327],[-73.15926,-40.55294]]}},{"type":"Feature","properties":{"nombre":"Los Laureles","jerarquia":5},"geometry":{"type":"LineString","coordinates":[[-73.15926,-40.55294],[-73.15945,-40.55262]]}},{"type":"Feature","properties":{"nombre":"Los Laureles","jerarquia":5},"geometry":{"type":"LineString","coordinates":[[-73.15945,-40.55262],[-73.15965,-40.55229]]}},{"type":"Feature","properties":{"nombre":"Los Piñones","jerarquia":5},"geometry":{"type":"LineString","coordinates":[[-73.15965,-40.55229],[-73.15878,-40.55199]]}},{"type":"Feature","properties":{"nombre":"Los Piñones","jerarquia":5},"geometry":{"type":"LineString","coordinates":[[-73.15878,-40.55199],[-73.1587,-40.55196]]}},{"type":"Feature","properties":{"nombre":"Los Piñones","jerarquia":5},"geometry":{"type":"LineString","coordinates":[[-73.1587,-40.55196],[-73.15825,-40.55181]]}},{"type":"Feature","properties":{"nombre":"Los Piñones","jerarquia":5},"geometry":{"type":"LineString","coordinates":[[-73.15825,-40.55181],[-73.15783,-40.55167]]}},{"type":"Feature","properties":{"nombre":"Los Piñones","jerarquia":5},"geometry":{"type":"LineString","coordinates":[[-73.15783,-40.55167],[-73.15755,-40.55157]]}},{"type":"Feature","properties":{"nombre":"Los Piñones","jerarquia":5},"geometry":{"type":"LineString","coordinates":[[-73.15755,-40.55157],[-73.15711,-40.55143]]}},{"type":"Feature","properties":{"nombre":"Chacarillas","jerarquia":5},"geometry":{"type":"LineString","coordinates":[[-73.17834,-40.57672],[-73.17827,-40.57691]]}},{"type":"Feature","properties":{"nombre":"Chacarillas","jerarquia":5},"geometry":{"type":"LineString","coordinates":[[-73.17827,-40.57691],[-73.17811,-40.57733]]}},{"type":"Feature","properties":{"nombre":"Ruta U-500","jerarquia":5},"geometry":{"type":"LineString","coordinates":[[-73.15103,-40.59226],[-73.15082,-40.59262],[-73.15075,-40.59288],[-73.15081,-40.5933],[-73.15095,-40.59369],[-73.15145,-40.59438],[-73.15283,-40.59592],[-73.15325,-40.59623],[-73.1538,-40.59656],[-73.1557,-40.59752],[-73.15597,-40.59773],[-73.157,-40.5987],[-73.15747,-40.59907],[-73.16011,-40.60032]]}},{"type":"Feature","properties":{"nombre":"Avenida República","jerarquia":3},"geometry":{"type":"LineString","coordinates":[[-73.15769,-40.57393],[-73.15874,-40.57399]]}},{"type":"Feature","properties":{"nombre":"Avenida República","jerarquia":3},"geometry":{"type":"LineString","coordinates":[[-73.15874,-40.57399],[-73.15907,-40.574]]}},{"type":"Feature","properties":{"nombre":"Avenida República","jerarquia":3},"geometry":{"type":"LineString","coordinates":[[-73.15907,-40.574],[-73.15917,-40.57401]]}},{"type":"Feature","properties":{"nombre":"Chacarillas","jerarquia":5},"geometry":{"type":"LineString","coordinates":[[-73.17793,-40.57799],[-73.17785,-40.57838]]}},{"type":"Feature","properties":{"nombre":"Chacarillas","jerarquia":5},"geometry":{"type":"LineString","coordinates":[[-73.17785,-40.57838],[-73.17777,-40.57872]]}},{"type":"Feature","properties":{"nombre":"Chacarillas","jerarquia":5},"geometry":{"type":"LineString","coordinates":[[-73.17777,-40.57872],[-73.1777,-40.5791]]}},{"type":"Feature","properties":{"nombre":"Chacarillas","jerarquia":5},"geometry":{"type":"LineString","coordinates":[[-73.1777,-40.5791],[-73.17762,-40.57945]]}},{"type":"Feature","properties":{"nombre":"Chacarillas","jerarquia":5},"geometry":{"type":"LineString","coordinates":[[-73.17762,-40.57945],[-73.17753,-40.57991]]}},{"type":"Feature","properties":{"nombre":"12 de Octubre","jerarquia":5},"geometry":{"type":"LineString","coordinates":[[-73.1716,-40.56552],[-73.17194,-40.56538]]}},{"type":"Feature","properties":{"nombre":"12 de Octubre","jerarquia":5},"geometry":{"type":"LineString","coordinates":[[-73.17194,-40.56538],[-73.17247,-40.56515]]}},{"type":"Feature","properties":{"nombre":"12 de Octubre","jerarquia":5},"geometry":{"type":"LineString","coordinates":[[-73.17247,-40.56515],[-73.17328,-40.5648]]}},{"type":"Feature","properties":{"nombre":"12 de Octubre","jerarquia":5},"geometry":{"type":"LineString","coordinates":[[-73.17328,-40.5648],[-73.17367,-40.56463]]}},{"type":"Feature","properties":{"nombre":"12 de Octubre","jerarquia":5},"geometry":{"type":"LineString","coordinates":[[-73.17367,-40.56463],[-73.17403,-40.56447]]}},{"type":"Feature","properties":{"nombre":"12 de Octubre","jerarquia":5},"geometry":{"type":"LineString","coordinates":[[-73.17403,-40.56447],[-73.17457,-40.56424]]}},{"type":"Feature","properties":{"nombre":"Manuel Bulnes","jerarquia":4},"geometry":{"type":"LineString","coordinates":[[-73.13818,-40.57727],[-73.13816,-40.57721]]}},{"type":"Feature","properties":{"nombre":"Manuel Bulnes","jerarquia":4},"geometry":{"type":"LineString","coordinates":[[-73.13816,-40.57721],[-73.13816,-40.57716]]}},{"type":"Feature","properties":{"nombre":"Avenida Juan Mackenna","jerarquia":3},"geometry":{"type":"LineString","coordinates":[[-73.1384,-40.57437],[-73.14008,-40.5743]]}},{"type":"Feature","properties":{"nombre":"Avenida Juan Mackenna","jerarquia":3},"geometry":{"type":"LineString","coordinates":[[-73.14008,-40.5743],[-73.14021,-40.5743]]}},{"type":"Feature","properties":{"nombre":"Manuel Bulnes","jerarquia":3},"geometry":{"type":"LineString","coordinates":[[-73.1384,-40.57437],[-73.13856,-40.57305]]}},{"type":"Feature","properties":{"nombre":"Manuel Baquedano","jerarquia":5},"geometry":{"type":"LineString","coordinates":[[-73.13911,-40.57046],[-73.13964,-40.5705]]}},{"type":"Feature","properties":{"nombre":"Manuel Baquedano","jerarquia":5},"geometry":{"type":"LineString","coordinates":[[-73.13964,-40.5705],[-73.14004,-40.57053]]}},{"type":"Feature","properties":{"nombre":"Manuel Baquedano","jerarquia":5},"geometry":{"type":"LineString","coordinates":[[-73.14004,-40.57053],[-73.14037,-40.57055]]}},{"type":"Feature","properties":{"nombre":"Manuel Baquedano","jerarquia":5},"geometry":{"type":"LineString","coordinates":[[-73.14037,-40.57055],[-73.1405,-40.57056]]}},{"type":"Feature","properties":{"nombre":"Manuel Baquedano","jerarquia":5},"geometry":{"type":"LineString","coordinates":[[-73.1405,-40.57056],[-73.14147,-40.57062]]}},{"type":"Feature","properties":{"nombre":"Manuel Baquedano","jerarquia":5},"geometry":{"type":"LineString","coordinates":[[-73.14147,-40.57062],[-73.14226,-40.57078],[-73.14335,-40.5712]]}},{"type":"Feature","properties":{"nombre":"Manuel Baquedano","jerarquia":5},"geometry":{"type":"LineString","coordinates":[[-73.14335,-40.5712],[-73.14398,-40.57152]]}},{"type":"Feature","properties":{"nombre":"Manuel Baquedano","jerarquia":5},"geometry":{"type":"LineString","coordinates":[[-73.14398,-40.57152],[-73.14404,-40.57161]]}},{"type":"Feature","properties":{"nombre":"Eleuterio Ramírez","jerarquia":4},"geometry":{"type":"LineString","coordinates":[[-73.13149,-40.57336],[-73.13033,-40.57342]]}},{"type":"Feature","properties":{"nombre":"Ramón Freire","jerarquia":4},"geometry":{"type":"LineString","coordinates":[[-73.12866,-40.58355],[-73.12871,-40.58369],[-73.12862,-40.58411]]}},{"type":"Feature","properties":{"nombre":"Ramón Freire","jerarquia":4},"geometry":{"type":"LineString","coordinates":[[-73.12866,-40.58355],[-73.12882,-40.58337],[-73.12925,-40.58234]]}},{"type":"Feature","properties":{"nombre":"Ramón Freire","jerarquia":4},"geometry":{"type":"LineString","coordinates":[[-73.12925,-40.58234],[-73.12964,-40.58182]]}},{"type":"Feature","properties":{"nombre":"Ramón Freire","jerarquia":4},"geometry":{"type":"LineString","coordinates":[[-73.12964,-40.58182],[-73.13012,-40.58113]]}},{"type":"Feature","properties":{"nombre":"Hermanos Philippi","jerarquia":5},"geometry":{"type":"LineString","coordinates":[[-73.12244,-40.58329],[-73.1223,-40.58323]]}},{"type":"Feature","properties":{"nombre":"Hermanos Philippi","jerarquia":5},"geometry":{"type":"LineString","coordinates":[[-73.1223,-40.58323],[-73.12207,-40.5831],[-73.12188,-40.58291],[-73.12167,-40.58256],[-73.1213,-40.58226]]}},{"type":"Feature","properties":{"nombre":"Hermanos Philippi","jerarquia":5},"geometry":{"type":"LineString","coordinates":[[-73.1213,-40.58226],[-73.12074,-40.58189]]}},{"type":"Feature","properties":{"nombre":"Hermanos Philippi","jerarquia":5},"geometry":{"type":"LineString","coordinates":[[-73.12074,-40.58189],[-73.12039,-40.58164],[-73.12,-40.58127]]}},{"type":"Feature","properties":{"nombre":"Hermanos Philippi","jerarquia":5},"geometry":{"type":"LineString","coordinates":[[-73.12,-40.58127],[-73.11968,-40.58087],[-73.11961,-40.58059]]}},{"type":"Feature","properties":{"nombre":"Hermanos Philippi","jerarquia":5},"geometry":{"type":"LineString","coordinates":[[-73.11961,-40.58059],[-73.11937,-40.57978]]}},{"type":"Feature","properties":{"nombre":"Hermanos Philippi","jerarquia":5},"geometry":{"type":"LineString","coordinates":[[-73.11937,-40.57978],[-73.11915,-40.57937]]}},{"type":"Feature","properties":{"nombre":"Hermanos Philippi","jerarquia":5},"geometry":{"type":"LineString","coordinates":[[-73.11915,-40.57937],[-73.11851,-40.5788]]}},{"type":"Feature","properties":{"nombre":"Avenida Juan Mackenna","jerarquia":3},"geometry":{"type":"LineString","coordinates":[[-73.13839,-40.57457],[-73.13794,-40.57471],[-73.13737,-40.57501],[-73.13673,-40.57514]]}},{"type":"Feature","properties":{"nombre":"Avenida Juan Mackenna","jerarquia":3},"geometry":{"type":"LineString","coordinates":[[-73.13673,-40.57514],[-73.13659,-40.57516]]}},{"type":"Feature","properties":{"nombre":"Manuel Bulnes","jerarquia":3},"geometry":{"type":"LineString","coordinates":[[-73.13839,-40.57457],[-73.13839,-40.57444]]}},{"type":"Feature","properties":{"nombre":"Manuel Bulnes","jerarquia":3},"geometry":{"type":"LineString","coordinates":[[-73.13839,-40.57444],[-73.1384,-40.57437]]}},{"type":"Feature","properties":{"nombre":"Avenida Juan Mackenna","jerarquia":5},"geometry":{"type":"LineString","coordinates":[[-73.11574,-40.57589],[-73.11484,-40.57635]]}},{"type":"Feature","properties":{"nombre":"Avenida Juan Mackenna","jerarquia":5},"geometry":{"type":"LineString","coordinates":[[-73.11484,-40.57635],[-73.11473,-40.57641]]}},{"type":"Feature","properties":{"nombre":"Avenida Francia","jerarquia":5},"geometry":{"type":"LineString","coordinates":[[-73.11726,-40.59641],[-73.11602,-40.59599]]}},{"type":"Feature","properties":{"nombre":"Avenida Francia","jerarquia":5},"geometry":{"type":"LineString","coordinates":[[-73.11602,-40.59599],[-73.11541,-40.59578]]}},{"type":"Feature","properties":{"nombre":"Calle Chacarillas","jerarquia":5},"geometry":{"type":"LineString","coordinates":[[-73.17112,-40.55996],[-73.17162,-40.56059]]}},{"type":"Feature","properties":{"nombre":"Calle Chacarillas","jerarquia":5},"geometry":{"type":"LineString","coordinates":[[-73.17162,-40.56059],[-73.17221,-40.56135]]}},{"type":"Feature","properties":{"nombre":"Calle Chacarillas","jerarquia":5},"geometry":{"type":"LineString","coordinates":[[-73.17221,-40.56135],[-73.17261,-40.56182]]}},{"type":"Feature","properties":{"nombre":"Calle Chacarillas","jerarquia":5},"geometry":{"type":"LineString","coordinates":[[-73.17261,-40.56182],[-73.17305,-40.56237]]}},{"type":"Feature","properties":{"nombre":"Calle Chacarillas","jerarquia":5},"geometry":{"type":"LineString","coordinates":[[-73.17305,-40.56237],[-73.17346,-40.56288]]}},{"type":"Feature","properties":{"nombre":"Calle Chacarillas","jerarquia":5},"geometry":{"type":"LineString","coordinates":[[-73.17346,-40.56288],[-73.17391,-40.56345]]}},{"type":"Feature","properties":{"nombre":"Calle Chacarillas","jerarquia":5},"geometry":{"type":"LineString","coordinates":[[-73.17391,-40.56345],[-73.17457,-40.56424]]}},{"type":"Feature","properties":{"nombre":"Ruta 215 CH","jerarquia":2},"geometry":{"type":"LineString","coordinates":[[-73.05401,-40.60413],[-73.05252,-40.60459],[-73.05124,-40.60484],[-73.05027,-40.60495],[-73.04779,-40.60508]]}},{"type":"Feature","properties":{"nombre":"Presidente Juan Esteban Montero","jerarquia":5},"geometry":{"type":"LineString","coordinates":[[-73.15911,-40.57175],[-73.15848,-40.57178]]}},{"type":"Feature","properties":{"nombre":"Presidente Juan Esteban Montero","jerarquia":5},"geometry":{"type":"LineString","coordinates":[[-73.15848,-40.57178],[-73.15782,-40.57182]]}},{"type":"Feature","properties":{"nombre":"","jerarquia":1},"geometry":{"type":"LineString","coordinates":[[-73.09832,-40.59244],[-73.09823,-40.59215]]}},{"type":"Feature","properties":{"nombre":"Bellavista","jerarquia":4},"geometry":{"type":"LineString","coordinates":[[-73.15917,-40.57401],[-73.15936,-40.57366]]}},{"type":"Feature","properties":{"nombre":"Chillán","jerarquia":5},"geometry":{"type":"LineString","coordinates":[[-73.15424,-40.57385],[-73.15426,-40.57397]]}},{"type":"Feature","properties":{"nombre":"Avenida República","jerarquia":3},"geometry":{"type":"LineString","coordinates":[[-73.1577,-40.57403],[-73.15622,-40.57399]]}},{"type":"Feature","properties":{"nombre":"Avenida República","jerarquia":3},"geometry":{"type":"LineString","coordinates":[[-73.15622,-40.57399],[-73.15598,-40.57398]]}},{"type":"Feature","properties":{"nombre":"Avenida Victoria","jerarquia":3},"geometry":{"type":"LineString","coordinates":[[-73.15769,-40.57393],[-73.1577,-40.57403]]}},{"type":"Feature","properties":{"nombre":"Avenida República","jerarquia":3},"geometry":{"type":"LineString","coordinates":[[-73.15916,-40.57407],[-73.15902,-40.57407]]}},{"type":"Feature","properties":{"nombre":"Avenida República","jerarquia":3},"geometry":{"type":"LineString","coordinates":[[-73.15902,-40.57407],[-73.15783,-40.57403]]}},{"type":"Feature","properties":{"nombre":"Avenida República","jerarquia":3},"geometry":{"type":"LineString","coordinates":[[-73.15783,-40.57403],[-73.1577,-40.57403]]}},{"type":"Feature","properties":{"nombre":"Avenida República","jerarquia":3},"geometry":{"type":"LineString","coordinates":[[-73.15598,-40.57387],[-73.15759,-40.57393]]}},{"type":"Feature","properties":{"nombre":"Avenida República","jerarquia":3},"geometry":{"type":"LineString","coordinates":[[-73.15759,-40.57393],[-73.15769,-40.57393]]}},{"type":"Feature","properties":{"nombre":"Ramón Freire","jerarquia":4},"geometry":{"type":"LineString","coordinates":[[-73.13132,-40.57496],[-73.13134,-40.57477]]}},{"type":"Feature","properties":{"nombre":"Ramón Freire","jerarquia":4},"geometry":{"type":"LineString","coordinates":[[-73.13134,-40.57477],[-73.13134,-40.5747]]}},{"type":"Feature","properties":{"nombre":"Avenida César Ercilla","jerarquia":5},"geometry":{"type":"LineString","coordinates":[[-73.11082,-40.57393],[-73.11101,-40.57447]]}},{"type":"Feature","properties":{"nombre":"Avenida César Ercilla","jerarquia":5},"geometry":{"type":"LineString","coordinates":[[-73.11101,-40.57447],[-73.1112,-40.575]]}},{"type":"Feature","properties":{"nombre":"Avenida Portales","jerarquia":4},"geometry":{"type":"LineString","coordinates":[[-73.13857,-40.57716],[-73.13855,-40.57719]]}},{"type":"Feature","properties":{"nombre":"Avenida Portales","jerarquia":4},"geometry":{"type":"LineString","coordinates":[[-73.13855,-40.57719],[-73.13851,-40.57731]]}},{"type":"Feature","properties":{"nombre":"Héroes de la Concepción","jerarquia":3},"geometry":{"type":"LineString","coordinates":[[-73.15097,-40.56708],[-73.15092,-40.56713]]}},{"type":"Feature","properties":{"nombre":"Héroes de la Concepción","jerarquia":5},"geometry":{"type":"LineString","coordinates":[[-73.15205,-40.56525],[-73.1517,-40.56615],[-73.15127,-40.56673]]}},{"type":"Feature","properties":{"nombre":"Chauracawuin","jerarquia":3},"geometry":{"type":"LineString","coordinates":[[-73.15092,-40.56713],[-73.1508,-40.56709]]}},{"type":"Feature","properties":{"nombre":"Chauracawuin","jerarquia":3},"geometry":{"type":"LineString","coordinates":[[-73.1508,-40.56709],[-73.15097,-40.56708]]}},{"type":"Feature","properties":{"nombre":"Chauracawuin","jerarquia":3},"geometry":{"type":"LineString","coordinates":[[-73.15297,-40.56791],[-73.15373,-40.56821]]}},{"type":"Feature","properties":{"nombre":"Barros Arana","jerarquia":5},"geometry":{"type":"LineString","coordinates":[[-73.13012,-40.58113],[-73.12882,-40.58114]]}},{"type":"Feature","properties":{"nombre":"Barros Arana","jerarquia":5},"geometry":{"type":"LineString","coordinates":[[-73.12882,-40.58114],[-73.1278,-40.58115]]}},{"type":"Feature","properties":{"nombre":"Barros Arana","jerarquia":5},"geometry":{"type":"LineString","coordinates":[[-73.1278,-40.58115],[-73.12663,-40.58118],[-73.12603,-40.5813],[-73.12553,-40.58147]]}},{"type":"Feature","properties":{"nombre":"Barros Arana","jerarquia":5},"geometry":{"type":"LineString","coordinates":[[-73.12553,-40.58147],[-73.12525,-40.58158]]}},{"type":"Feature","properties":{"nombre":"Barros Arana","jerarquia":5},"geometry":{"type":"LineString","coordinates":[[-73.12525,-40.58158],[-73.12461,-40.58182]]}},{"type":"Feature","properties":{"nombre":"Barros Arana","jerarquia":5},"geometry":{"type":"LineString","coordinates":[[-73.12461,-40.58182],[-73.12429,-40.58184],[-73.12336,-40.58174]]}},{"type":"Feature","properties":{"nombre":"Barros Arana","jerarquia":5},"geometry":{"type":"LineString","coordinates":[[-73.12336,-40.58174],[-73.12321,-40.58172]]}},{"type":"Feature","properties":{"nombre":"Barros Arana","jerarquia":5},"geometry":{"type":"LineString","coordinates":[[-73.12321,-40.58172],[-73.12164,-40.58163]]}},{"type":"Feature","properties":{"nombre":"Barros Arana","jerarquia":5},"geometry":{"type":"LineString","coordinates":[[-73.12164,-40.58163],[-73.1212,-40.5817],[-73.12074,-40.58189]]}},{"type":"Feature","properties":{"nombre":"Barros Arana","jerarquia":5},"geometry":{"type":"LineString","coordinates":[[-73.12074,-40.58189],[-73.11931,-40.58255],[-73.11876,-40.58297]]}},{"type":"Feature","properties":{"nombre":"Valdivia","jerarquia":5},"geometry":{"type":"LineString","coordinates":[[-73.14439,-40.57205],[-73.14412,-40.57268]]}},{"type":"Feature","properties":{"nombre":"Valdivia","jerarquia":5},"geometry":{"type":"LineString","coordinates":[[-73.14412,-40.57268],[-73.14407,-40.5728]]}},{"type":"Feature","properties":{"nombre":"Valdivia","jerarquia":5},"geometry":{"type":"LineString","coordinates":[[-73.14407,-40.5728],[-73.14399,-40.57287]]}},{"type":"Feature","properties":{"nombre":"Ruta 5 Sur","jerarquia":1},"geometry":{"type":"LineString","coordinates":[[-73.04914,-40.50163],[-73.0488,-40.50139]]}},{"type":"Feature","properties":{"nombre":"Ruta 5 Sur","jerarquia":1},"geometry":{"type":"LineString","coordinates":[[-73.07024,-40.52317],[-73.07034,-40.52346]]}},{"type":"Feature","properties":{"nombre":"Ruta 5 Sur","jerarquia":1},"geometry":{"type":"LineString","coordinates":[[-73.06288,-40.51113],[-73.06511,-40.51273],[-73.06621,-40.51375]]}},{"type":"Feature","properties":{"nombre":"Ruta 5 Sur","jerarquia":1},"geometry":{"type":"LineString","coordinates":[[-73.07205,-40.52846],[-73.07251,-40.52952]]}},{"type":"Feature","properties":{"nombre":"Ruta 5 Sur","jerarquia":1},"geometry":{"type":"LineString","coordinates":[[-73.07018,-40.52348],[-73.0701,-40.52321]]}},{"type":"Feature","properties":{"nombre":"Ruta 5 Sur","jerarquia":1},"geometry":{"type":"LineString","coordinates":[[-73.06641,-40.51419],[-73.06561,-40.51334],[-73.06465,-40.51255],[-73.05402,-40.50507]]}},{"type":"Feature","properties":{"nombre":"Ruta 5 Sur","jerarquia":1},"geometry":{"type":"LineString","coordinates":[[-73.07322,-40.53087],[-73.07263,-40.53002],[-73.07204,-40.52887],[-73.07018,-40.52348]]}},{"type":"Feature","properties":{"nombre":"Ruta 5 Sur","jerarquia":1},"geometry":{"type":"LineString","coordinates":[[-73.08647,-40.54482],[-73.08662,-40.54499]]}},{"type":"Feature","properties":{"nombre":"Ruta 5 Sur","jerarquia":1},"geometry":{"type":"LineString","coordinates":[[-73.0905,-40.54915],[-73.0925,-40.55131]]}},{"type":"Feature","properties":{"nombre":"Ruta 5 Sur","jerarquia":1},"geometry":{"type":"LineString","coordinates":[[-73.08647,-40.54505],[-73.08633,-40.5449]]}},{"type":"Feature","properties":{"nombre":"Nueva Juan Mackenna","jerarquia":3},"geometry":{"type":"LineString","coordinates":[[-73.13481,-40.57521],[-73.13411,-40.57521],[-73.1335,-40.57532],[-73.13313,-40.57533]]}},{"type":"Feature","properties":{"nombre":"Nueva Juan Mackenna","jerarquia":3},"geometry":{"type":"LineString","coordinates":[[-73.13313,-40.57533],[-73.13301,-40.57532]]}},{"type":"Feature","properties":{"nombre":"Nueva Juan Mackenna","jerarquia":3},"geometry":{"type":"LineString","coordinates":[[-73.13301,-40.57532],[-73.13268,-40.57528],[-73.13181,-40.57502],[-73.13145,-40.57497]]}},{"type":"Feature","properties":{"nombre":"Nueva Juan Mackenna","jerarquia":3},"geometry":{"type":"LineString","coordinates":[[-73.13145,-40.57497],[-73.13132,-40.57496]]}},{"type":"Feature","properties":{"nombre":"Cristóbal Colón","jerarquia":5},"geometry":{"type":"LineString","coordinates":[[-73.12776,-40.57415],[-73.12764,-40.57332]]}},{"type":"Feature","properties":{"nombre":"Cristóbal Colón","jerarquia":5},"geometry":{"type":"LineString","coordinates":[[-73.12764,-40.57332],[-73.12762,-40.57321]]}},{"type":"Feature","properties":{"nombre":"Cristóbal Colón","jerarquia":5},"geometry":{"type":"LineString","coordinates":[[-73.12762,-40.57321],[-73.12751,-40.5724]]}},{"type":"Feature","properties":{"nombre":"Cristóbal Colón","jerarquia":5},"geometry":{"type":"LineString","coordinates":[[-73.12751,-40.5724],[-73.1275,-40.57229]]}},{"type":"Feature","properties":{"nombre":"Eleuterio Ramírez","jerarquia":4},"geometry":{"type":"LineString","coordinates":[[-73.14266,-40.5729],[-73.14139,-40.57294]]}},{"type":"Feature","properties":{"nombre":"Eleuterio Ramírez","jerarquia":4},"geometry":{"type":"LineString","coordinates":[[-73.14139,-40.57294],[-73.14047,-40.57297]]}},{"type":"Feature","properties":{"nombre":"Eleuterio Ramírez","jerarquia":4},"geometry":{"type":"LineString","coordinates":[[-73.14047,-40.57297],[-73.14038,-40.57297]]}},{"type":"Feature","properties":{"nombre":"Eleuterio Ramírez","jerarquia":4},"geometry":{"type":"LineString","coordinates":[[-73.14038,-40.57297],[-73.14025,-40.57297]]}},{"type":"Feature","properties":{"nombre":"Arturo Prat","jerarquia":4},"geometry":{"type":"LineString","coordinates":[[-73.12952,-40.57506],[-73.12941,-40.576]]}},{"type":"Feature","properties":{"nombre":"Arturo Prat","jerarquia":4},"geometry":{"type":"LineString","coordinates":[[-73.12941,-40.576],[-73.1294,-40.57611]]}},{"type":"Feature","properties":{"nombre":"Arturo Prat","jerarquia":4},"geometry":{"type":"LineString","coordinates":[[-73.1294,-40.57611],[-73.12927,-40.57727]]}},{"type":"Feature","properties":{"nombre":"Arturo Prat","jerarquia":4},"geometry":{"type":"LineString","coordinates":[[-73.12927,-40.57727],[-73.12926,-40.57736]]}},{"type":"Feature","properties":{"nombre":"Avenida Portales","jerarquia":5},"geometry":{"type":"LineString","coordinates":[[-73.14032,-40.57164],[-73.14034,-40.57109]]}},{"type":"Feature","properties":{"nombre":"Avenida Portales","jerarquia":5},"geometry":{"type":"LineString","coordinates":[[-73.14034,-40.57109],[-73.14036,-40.57067]]}},{"type":"Feature","properties":{"nombre":"Avenida Portales","jerarquia":5},"geometry":{"type":"LineString","coordinates":[[-73.14036,-40.57067],[-73.14037,-40.5706]]}},{"type":"Feature","properties":{"nombre":"Avenida Portales","jerarquia":5},"geometry":{"type":"LineString","coordinates":[[-73.14037,-40.5706],[-73.14037,-40.57055]]}},{"type":"Feature","properties":{"nombre":"Avenida Portales","jerarquia":4},"geometry":{"type":"LineString","coordinates":[[-73.14038,-40.57297],[-73.14037,-40.57333]]}},{"type":"Feature","properties":{"nombre":"Avenida Portales","jerarquia":4},"geometry":{"type":"LineString","coordinates":[[-73.14037,-40.57333],[-73.14036,-40.57349]]}},{"type":"Feature","properties":{"nombre":"Avenida Portales","jerarquia":4},"geometry":{"type":"LineString","coordinates":[[-73.14036,-40.57349],[-73.14035,-40.57371]]}},{"type":"Feature","properties":{"nombre":"Avenida Portales","jerarquia":4},"geometry":{"type":"LineString","coordinates":[[-73.14035,-40.57371],[-73.14035,-40.5738]]}},{"type":"Feature","properties":{"nombre":"Ruta U-55-V","jerarquia":3},"geometry":{"type":"LineString","coordinates":[[-73.09751,-40.59424],[-73.0976,-40.59348],[-73.0977,-40.59319]]}},{"type":"Feature","properties":{"nombre":"","jerarquia":1},"geometry":{"type":"LineString","coordinates":[[-73.09855,-40.59309],[-73.09832,-40.59244]]}},{"type":"Feature","properties":{"nombre":"","jerarquia":1},"geometry":{"type":"LineString","coordinates":[[-73.09765,-40.58185],[-73.09765,-40.58133]]}},{"type":"Feature","properties":{"nombre":"","jerarquia":1},"geometry":{"type":"LineString","coordinates":[[-73.09803,-40.58115],[-73.09804,-40.58176]]}},{"type":"Feature","properties":{"nombre":"Avenida Nueva Poniente","jerarquia":5},"geometry":{"type":"LineString","coordinates":[[-73.17212,-40.57912],[-73.17189,-40.57997]]}},{"type":"Feature","properties":{"nombre":"Avenida 18 de Septiembre","jerarquia":5},"geometry":{"type":"LineString","coordinates":[[-73.10581,-40.57313],[-73.10564,-40.57317]]}},{"type":"Feature","properties":{"nombre":"","jerarquia":4},"geometry":{"type":"LineString","coordinates":[[-73.16023,-40.50137],[-73.1602,-40.50113],[-73.16002,-40.50083]]}},{"type":"Feature","properties":{"nombre":"El Salvador","jerarquia":5},"geometry":{"type":"LineString","coordinates":[[-73.1772,-40.58171],[-73.17629,-40.58162],[-73.17571,-40.58177]]}},{"type":"Feature","properties":{"nombre":"El Salvador","jerarquia":5},"geometry":{"type":"LineString","coordinates":[[-73.17571,-40.58177],[-73.17188,-40.58278]]}},{"type":"Feature","properties":{"nombre":"El Salvador","jerarquia":5},"geometry":{"type":"LineString","coordinates":[[-73.17188,-40.58278],[-73.17064,-40.58317]]}},{"type":"Feature","properties":{"nombre":"Walterio Meyer Rusca","jerarquia":5},"geometry":{"type":"LineString","coordinates":[[-73.17571,-40.58973],[-73.17527,-40.58942]]}},{"type":"Feature","properties":{"nombre":"Walterio Meyer Rusca","jerarquia":5},"geometry":{"type":"LineString","coordinates":[[-73.17527,-40.58942],[-73.17487,-40.58914]]}},{"type":"Feature","properties":{"nombre":"Walterio Meyer Rusca","jerarquia":5},"geometry":{"type":"LineString","coordinates":[[-73.17487,-40.58914],[-73.17363,-40.58827]]}},{"type":"Feature","properties":{"nombre":"Walterio Meyer Rusca","jerarquia":5},"geometry":{"type":"LineString","coordinates":[[-73.17363,-40.58827],[-73.17313,-40.58792]]}},{"type":"Feature","properties":{"nombre":"Walterio Meyer Rusca","jerarquia":5},"geometry":{"type":"LineString","coordinates":[[-73.17313,-40.58792],[-73.17268,-40.58761]]}},{"type":"Feature","properties":{"nombre":"Walterio Meyer Rusca","jerarquia":5},"geometry":{"type":"LineString","coordinates":[[-73.17268,-40.58761],[-73.17267,-40.5876]]}},{"type":"Feature","properties":{"nombre":"Walterio Meyer Rusca","jerarquia":5},"geometry":{"type":"LineString","coordinates":[[-73.17267,-40.5876],[-73.17071,-40.58623]]}},{"type":"Feature","properties":{"nombre":"Walterio Meyer Rusca","jerarquia":5},"geometry":{"type":"LineString","coordinates":[[-73.17071,-40.58623],[-73.17067,-40.5862]]}},{"type":"Feature","properties":{"nombre":"Walterio Meyer Rusca","jerarquia":5},"geometry":{"type":"LineString","coordinates":[[-73.17067,-40.5862],[-73.17025,-40.58591]]}},{"type":"Feature","properties":{"nombre":"Walterio Meyer Rusca","jerarquia":5},"geometry":{"type":"LineString","coordinates":[[-73.17025,-40.58591],[-73.1698,-40.58559]]}},{"type":"Feature","properties":{"nombre":"Avenida Julio Buschmann","jerarquia":2},"geometry":{"type":"LineString","coordinates":[[-73.09813,-40.58146],[-73.09841,-40.58143]]}},{"type":"Feature","properties":{"nombre":"","jerarquia":1},"geometry":{"type":"LineString","coordinates":[[-73.0975,-40.59206],[-73.09793,-40.59164],[-73.09803,-40.59136]]}},{"type":"Feature","properties":{"nombre":"","jerarquia":1},"geometry":{"type":"LineString","coordinates":[[-73.0975,-40.59206],[-73.09744,-40.59228],[-73.09749,-40.59242]]}},{"type":"Feature","properties":{"nombre":"","jerarquia":1},"geometry":{"type":"LineString","coordinates":[[-73.0982,-40.59212],[-73.09806,-40.59199],[-73.0979,-40.59195],[-73.0977,-40.59196],[-73.0975,-40.59206]]}},{"type":"Feature","properties":{"nombre":"","jerarquia":1},"geometry":{"type":"LineString","coordinates":[[-73.09823,-40.59215],[-73.09819,-40.59203]]}},{"type":"Feature","properties":{"nombre":"","jerarquia":1},"geometry":{"type":"LineString","coordinates":[[-73.09823,-40.59215],[-73.0982,-40.59212]]}},{"type":"Feature","properties":{"nombre":"","jerarquia":1},"geometry":{"type":"LineString","coordinates":[[-73.09984,-40.59211],[-73.09983,-40.59235],[-73.09967,-40.59256]]}},{"type":"Feature","properties":{"nombre":"","jerarquia":1},"geometry":{"type":"LineString","coordinates":[[-73.09961,-40.5912],[-73.09957,-40.5915],[-73.09984,-40.59211]]}},{"type":"Feature","properties":{"nombre":"","jerarquia":1},"geometry":{"type":"LineString","coordinates":[[-73.09984,-40.59211],[-73.09963,-40.59188],[-73.09933,-40.59178],[-73.09907,-40.5918],[-73.09876,-40.59196]]}},{"type":"Feature","properties":{"nombre":"","jerarquia":1},"geometry":{"type":"LineString","coordinates":[[-73.09848,-40.56164],[-73.09838,-40.5626]]}},{"type":"Feature","properties":{"nombre":"Ruta 5 Sur","jerarquia":1},"geometry":{"type":"LineString","coordinates":[[-73.0981,-40.56498],[-73.09807,-40.56715]]}},{"type":"Feature","properties":{"nombre":"","jerarquia":1},"geometry":{"type":"LineString","coordinates":[[-73.09767,-40.58032],[-73.09771,-40.57897],[-73.09777,-40.57831]]}},{"type":"Feature","properties":{"nombre":"","jerarquia":1},"geometry":{"type":"LineString","coordinates":[[-73.09804,-40.58176],[-73.09804,-40.5827]]}},{"type":"Feature","properties":{"nombre":"","jerarquia":1},"geometry":{"type":"LineString","coordinates":[[-73.09808,-40.57885],[-73.09815,-40.57919],[-73.09813,-40.57968]]}},{"type":"Feature","properties":{"nombre":"Ruta 5 Sur","jerarquia":1},"geometry":{"type":"LineString","coordinates":[[-73.09789,-40.58441],[-73.09788,-40.58578]]}},{"type":"Feature","properties":{"nombre":"Ruta 5 Sur","jerarquia":1},"geometry":{"type":"LineString","coordinates":[[-73.09774,-40.58579],[-73.09775,-40.58473]]}},{"type":"Feature","properties":{"nombre":"","jerarquia":1},"geometry":{"type":"LineString","coordinates":[[-73.09765,-40.58424],[-73.09765,-40.58333]]}},{"type":"Feature","properties":{"nombre":"","jerarquia":1},"geometry":{"type":"LineString","coordinates":[[-73.09803,-40.59136],[-73.0979,-40.5907]]}},{"type":"Feature","properties":{"nombre":"Ruta 5 Sur","jerarquia":1},"geometry":{"type":"LineString","coordinates":[[-73.09787,-40.58643],[-73.09787,-40.58776]]}},{"type":"Feature","properties":{"nombre":"","jerarquia":1},"geometry":{"type":"LineString","coordinates":[[-73.09812,-40.59047],[-73.09824,-40.59096]]}},{"type":"Feature","properties":{"nombre":"Ruta 5 Sur","jerarquia":1},"geometry":{"type":"LineString","coordinates":[[-73.09972,-40.59618],[-73.09933,-40.59501]]}},{"type":"Feature","properties":{"nombre":"Ruta 5 Sur","jerarquia":1},"geometry":{"type":"LineString","coordinates":[[-73.06937,-40.52058],[-73.07017,-40.52293]]}},{"type":"Feature","properties":{"nombre":"Ruta 5 Sur","jerarquia":1},"geometry":{"type":"LineString","coordinates":[[-73.06784,-40.51636],[-73.06937,-40.52058]]}},{"type":"Feature","properties":{"nombre":"Ruta 5 Sur","jerarquia":1},"geometry":{"type":"LineString","coordinates":[[-73.06921,-40.52074],[-73.06769,-40.51638]]}},{"type":"Feature","properties":{"nombre":"Ruta 5 Sur","jerarquia":1},"geometry":{"type":"LineString","coordinates":[[-73.0701,-40.52321],[-73.06977,-40.52225]]}},{"type":"Feature","properties":{"nombre":"Ruta 215 CH","jerarquia":2},"geometry":{"type":"LineString","coordinates":[[-73.05701,-40.60278],[-73.05583,-40.60326]]}},{"type":"Feature","properties":{"nombre":"","jerarquia":1},"geometry":{"type":"LineString","coordinates":[[-73.11111,-40.63033],[-73.1114,-40.63036]]}},{"type":"Feature","properties":{"nombre":"","jerarquia":1},"geometry":{"type":"LineString","coordinates":[[-73.1114,-40.63036],[-73.11131,-40.63046]]}},{"type":"Feature","properties":{"nombre":"","jerarquia":1},"geometry":{"type":"LineString","coordinates":[[-73.11131,-40.63046],[-73.1112,-40.63058]]}},{"type":"Feature","properties":{"nombre":"","jerarquia":1},"geometry":{"type":"LineString","coordinates":[[-73.11384,-40.6397],[-73.11382,-40.63923]]}},{"type":"Feature","properties":{"nombre":"","jerarquia":1},"geometry":{"type":"LineString","coordinates":[[-73.11465,-40.64171],[-73.11435,-40.64134]]}},{"type":"Feature","properties":{"nombre":"","jerarquia":1},"geometry":{"type":"LineString","coordinates":[[-73.11479,-40.64099],[-73.11472,-40.64135]]}},{"type":"Feature","properties":{"nombre":"","jerarquia":1},"geometry":{"type":"LineString","coordinates":[[-73.11397,-40.63912],[-73.11417,-40.63942],[-73.11447,-40.63966]]}},{"type":"Feature","properties":{"nombre":"Los Laureles","jerarquia":5},"geometry":{"type":"LineString","coordinates":[[-73.15558,-40.55943],[-73.156,-40.55853]]}},{"type":"Feature","properties":{"nombre":"Los Laureles","jerarquia":5},"geometry":{"type":"LineString","coordinates":[[-73.156,-40.55853],[-73.15644,-40.55757]]}},{"type":"Feature","properties":{"nombre":"Los Laureles","jerarquia":5},"geometry":{"type":"LineString","coordinates":[[-73.15556,-40.56314],[-73.15565,-40.56299],[-73.15573,-40.56259]]}},{"type":"Feature","properties":{"nombre":"Los Laureles","jerarquia":5},"geometry":{"type":"LineString","coordinates":[[-73.15573,-40.56259],[-73.15574,-40.56213]]}},{"type":"Feature","properties":{"nombre":"Los Laureles","jerarquia":5},"geometry":{"type":"LineString","coordinates":[[-73.15574,-40.56213],[-73.1557,-40.56165]]}},{"type":"Feature","properties":{"nombre":"Los Laureles","jerarquia":5},"geometry":{"type":"LineString","coordinates":[[-73.1557,-40.56165],[-73.15553,-40.5607]]}},{"type":"Feature","properties":{"nombre":"Los Laureles","jerarquia":5},"geometry":{"type":"LineString","coordinates":[[-73.15553,-40.5607],[-73.15545,-40.56025]]}},{"type":"Feature","properties":{"nombre":"Los Laureles","jerarquia":5},"geometry":{"type":"LineString","coordinates":[[-73.15545,-40.56025],[-73.15541,-40.55988],[-73.15558,-40.55943]]}},{"type":"Feature","properties":{"nombre":"Caupolicán","jerarquia":5},"geometry":{"type":"LineString","coordinates":[[-73.1605,-40.56888],[-73.16062,-40.57015]]}},{"type":"Feature","properties":{"nombre":"Pedro Montt","jerarquia":5},"geometry":{"type":"LineString","coordinates":[[-73.15739,-40.57054],[-73.15763,-40.57051]]}},{"type":"Feature","properties":{"nombre":"Pedro Montt","jerarquia":5},"geometry":{"type":"LineString","coordinates":[[-73.16145,-40.57007],[-73.16062,-40.57015]]}},{"type":"Feature","properties":{"nombre":"Emiliano Figueroa","jerarquia":5},"geometry":{"type":"LineString","coordinates":[[-73.16052,-40.57016],[-73.16048,-40.57027]]}},{"type":"Feature","properties":{"nombre":"Presidente Juan Esteban Montero","jerarquia":5},"geometry":{"type":"LineString","coordinates":[[-73.15959,-40.57183],[-73.1593,-40.57178]]}},{"type":"Feature","properties":{"nombre":"Presidente Juan Esteban Montero","jerarquia":5},"geometry":{"type":"LineString","coordinates":[[-73.1593,-40.57178],[-73.15911,-40.57175]]}},{"type":"Feature","properties":{"nombre":"Wenceslao Ramos","jerarquia":5},"geometry":{"type":"LineString","coordinates":[[-73.12525,-40.58158],[-73.12603,-40.58301]]}},{"type":"Feature","properties":{"nombre":"D. Dublé","jerarquia":5},"geometry":{"type":"LineString","coordinates":[[-73.16475,-40.57806],[-73.16497,-40.57711]]}},{"type":"Feature","properties":{"nombre":"D. Dublé","jerarquia":5},"geometry":{"type":"LineString","coordinates":[[-73.16497,-40.57711],[-73.16509,-40.57665]]}},{"type":"Feature","properties":{"nombre":"Ruta 5 Sur","jerarquia":1},"geometry":{"type":"LineString","coordinates":[[-73.11064,-40.629],[-73.11111,-40.63033]]}},{"type":"Feature","properties":{"nombre":"Ruta 5 Sur","jerarquia":1},"geometry":{"type":"LineString","coordinates":[[-73.11111,-40.63033],[-73.1112,-40.63058]]}},{"type":"Feature","properties":{"nombre":"Ruta 5 Sur","jerarquia":1},"geometry":{"type":"LineString","coordinates":[[-73.1112,-40.63058],[-73.11125,-40.63076]]}},{"type":"Feature","properties":{"nombre":"Ruta 5 Sur","jerarquia":1},"geometry":{"type":"LineString","coordinates":[[-73.1014,-40.60128],[-73.10087,-40.59966]]}},{"type":"Feature","properties":{"nombre":"Amador Barrientos","jerarquia":5},"geometry":{"type":"LineString","coordinates":[[-73.10823,-40.58176],[-73.10842,-40.58161]]}},{"type":"Feature","properties":{"nombre":"Amador Barrientos","jerarquia":5},"geometry":{"type":"LineString","coordinates":[[-73.10842,-40.58161],[-73.10944,-40.5809]]}},{"type":"Feature","properties":{"nombre":"Amador Barrientos","jerarquia":5},"geometry":{"type":"LineString","coordinates":[[-73.10944,-40.5809],[-73.10983,-40.58062]]}},{"type":"Feature","properties":{"nombre":"","jerarquia":4},"geometry":{"type":"LineString","coordinates":[[-73.16002,-40.50083],[-73.16022,-40.50086]]}},{"type":"Feature","properties":{"nombre":"","jerarquia":2},"geometry":{"type":"LineString","coordinates":[[-73.08993,-40.5852],[-73.09013,-40.5852]]}},{"type":"Feature","properties":{"nombre":"","jerarquia":2},"geometry":{"type":"LineString","coordinates":[[-73.09013,-40.5852],[-73.09019,-40.58522]]}},{"type":"Feature","properties":{"nombre":"","jerarquia":2},"geometry":{"type":"LineString","coordinates":[[-73.08805,-40.58646],[-73.08798,-40.58639]]}},{"type":"Feature","properties":{"nombre":"","jerarquia":2},"geometry":{"type":"LineString","coordinates":[[-73.08825,-40.58649],[-73.08805,-40.58646]]}},{"type":"Feature","properties":{"nombre":"","jerarquia":2},"geometry":{"type":"LineString","coordinates":[[-73.08796,-40.58663],[-73.08803,-40.58655]]}},{"type":"Feature","properties":{"nombre":"","jerarquia":2},"geometry":{"type":"LineString","coordinates":[[-73.08803,-40.58655],[-73.08805,-40.58646]]}},{"type":"Feature","properties":{"nombre":"","jerarquia":2},"geometry":{"type":"LineString","coordinates":[[-73.08487,-40.58774],[-73.08495,-40.58784]]}},{"type":"Feature","properties":{"nombre":"","jerarquia":2},"geometry":{"type":"LineString","coordinates":[[-73.08598,-40.58715],[-73.08603,-40.58722]]}},{"type":"Feature","properties":{"nombre":"","jerarquia":2},"geometry":{"type":"LineString","coordinates":[[-73.08603,-40.58722],[-73.08606,-40.58725]]}},{"type":"Feature","properties":{"nombre":"Pedro Montt","jerarquia":5},"geometry":{"type":"LineString","coordinates":[[-73.16062,-40.57015],[-73.16052,-40.57016]]}},{"type":"Feature","properties":{"nombre":"Avenida Francia","jerarquia":4},"geometry":{"type":"LineString","coordinates":[[-73.11079,-40.59425],[-73.11062,-40.59419]]}},{"type":"Feature","properties":{"nombre":"Pilauco","jerarquia":3},"geometry":{"type":"LineString","coordinates":[[-73.12263,-40.56452],[-73.1213,-40.56446]]}},{"type":"Feature","properties":{"nombre":"Pilauco","jerarquia":3},"geometry":{"type":"LineString","coordinates":[[-73.1213,-40.56446],[-73.12056,-40.56442]]}},{"type":"Feature","properties":{"nombre":"Pilauco","jerarquia":3},"geometry":{"type":"LineString","coordinates":[[-73.11792,-40.56416],[-73.11851,-40.56422]]}},{"type":"Feature","properties":{"nombre":"Pilauco","jerarquia":3},"geometry":{"type":"LineString","coordinates":[[-73.10348,-40.56266],[-73.10508,-40.56307]]}},{"type":"Feature","properties":{"nombre":"Pilauco","jerarquia":3},"geometry":{"type":"LineString","coordinates":[[-73.10508,-40.56307],[-73.10602,-40.56334],[-73.10655,-40.5634],[-73.10693,-40.56337],[-73.10841,-40.56309]]}},{"type":"Feature","properties":{"nombre":"Pilauco","jerarquia":3},"geometry":{"type":"LineString","coordinates":[[-73.10841,-40.56309],[-73.10877,-40.56301]]}},{"type":"Feature","properties":{"nombre":"Pilauco","jerarquia":3},"geometry":{"type":"LineString","coordinates":[[-73.10877,-40.56301],[-73.11093,-40.56257]]}},{"type":"Feature","properties":{"nombre":"Pilauco","jerarquia":3},"geometry":{"type":"LineString","coordinates":[[-73.11093,-40.56257],[-73.11186,-40.5624],[-73.11226,-40.56242],[-73.11263,-40.5625]]}},{"type":"Feature","properties":{"nombre":"Pilauco","jerarquia":3},"geometry":{"type":"LineString","coordinates":[[-73.11263,-40.5625],[-73.11522,-40.56332],[-73.11627,-40.56381],[-73.11792,-40.56416]]}},{"type":"Feature","properties":{"nombre":"Alcalde Alberto Fuchslocher","jerarquia":5},"geometry":{"type":"LineString","coordinates":[[-73.07182,-40.59507],[-73.08431,-40.58845]]}},{"type":"Feature","properties":{"nombre":"Alcalde Alberto Fuchslocher","jerarquia":5},"geometry":{"type":"LineString","coordinates":[[-73.08431,-40.58845],[-73.08751,-40.58677],[-73.08796,-40.58663]]}},{"type":"Feature","properties":{"nombre":"Bellavista","jerarquia":4},"geometry":{"type":"LineString","coordinates":[[-73.1712,-40.56896],[-73.17186,-40.56855]]}},{"type":"Feature","properties":{"nombre":"Bellavista","jerarquia":4},"geometry":{"type":"LineString","coordinates":[[-73.17186,-40.56855],[-73.17239,-40.56817]]}},{"type":"Feature","properties":{"nombre":"Bellavista","jerarquia":4},"geometry":{"type":"LineString","coordinates":[[-73.17239,-40.56817],[-73.1727,-40.56793]]}},{"type":"Feature","properties":{"nombre":"Bellavista","jerarquia":4},"geometry":{"type":"LineString","coordinates":[[-73.1727,-40.56793],[-73.17293,-40.56779]]}},{"type":"Feature","properties":{"nombre":"Bellavista","jerarquia":4},"geometry":{"type":"LineString","coordinates":[[-73.17293,-40.56779],[-73.17371,-40.56742]]}},{"type":"Feature","properties":{"nombre":"Bellavista","jerarquia":4},"geometry":{"type":"LineString","coordinates":[[-73.17371,-40.56742],[-73.17419,-40.56719]]}},{"type":"Feature","properties":{"nombre":"Bellavista","jerarquia":4},"geometry":{"type":"LineString","coordinates":[[-73.17419,-40.56719],[-73.17497,-40.56684],[-73.17516,-40.56667]]}},{"type":"Feature","properties":{"nombre":"Bellavista","jerarquia":4},"geometry":{"type":"LineString","coordinates":[[-73.17516,-40.56667],[-73.17538,-40.5665]]}},{"type":"Feature","properties":{"nombre":"Bellavista","jerarquia":4},"geometry":{"type":"LineString","coordinates":[[-73.17538,-40.5665],[-73.17569,-40.56624]]}},{"type":"Feature","properties":{"nombre":"Bellavista","jerarquia":4},"geometry":{"type":"LineString","coordinates":[[-73.17569,-40.56624],[-73.17623,-40.5658],[-73.17678,-40.56557],[-73.17729,-40.56547]]}},{"type":"Feature","properties":{"nombre":"Ruta U-220","jerarquia":5},"geometry":{"type":"LineString","coordinates":[[-73.17497,-40.55143],[-73.17732,-40.54788],[-73.17758,-40.54763],[-73.17793,-40.5474],[-73.17827,-40.54727],[-73.17888,-40.54712]]}},{"type":"Feature","properties":{"nombre":"Ruta U-220","jerarquia":5},"geometry":{"type":"LineString","coordinates":[[-73.17888,-40.54712],[-73.18079,-40.54675],[-73.18241,-40.54636],[-73.18531,-40.54554],[-73.18589,-40.54519],[-73.1867,-40.54427],[-73.18726,-40.54388],[-73.18838,-40.54359],[-73.19292,-40.54279]]}},{"type":"Feature","properties":{"nombre":"Ruta U-220","jerarquia":5},"geometry":{"type":"LineString","coordinates":[[-73.19292,-40.54279],[-73.19372,-40.54266],[-73.19452,-40.54258]]}},{"type":"Feature","properties":{"nombre":"Ruta U-220","jerarquia":5},"geometry":{"type":"LineString","coordinates":[[-73.19452,-40.54258],[-73.19548,-40.5426]]}},{"type":"Feature","properties":{"nombre":"Ruta U-220","jerarquia":5},"geometry":{"type":"LineString","coordinates":[[-73.19548,-40.5426],[-73.19665,-40.54266]]}},{"type":"Feature","properties":{"nombre":"Ruta U-220","jerarquia":5},"geometry":{"type":"LineString","coordinates":[[-73.19665,-40.54266],[-73.19904,-40.54272],[-73.19984,-40.54261],[-73.20056,-40.54238],[-73.2046,-40.54065],[-73.20577,-40.54],[-73.20716,-40.539],[-73.20763,-40.53882],[-73.20803,-40.53874],[-73.2088,-40.53875],[-73.21529,-40.5393],[-73.21893,-40.53968],[-73.22003,-40.53993],[-73.22092,-40.5403]]}},{"type":"Feature","properties":{"nombre":"Los Damascos","jerarquia":5},"geometry":{"type":"LineString","coordinates":[[-73.15652,-40.55567],[-73.15605,-40.5555]]}},{"type":"Feature","properties":{"nombre":"Los Damascos","jerarquia":5},"geometry":{"type":"LineString","coordinates":[[-73.15605,-40.5555],[-73.15562,-40.55535]]}},{"type":"Feature","properties":{"nombre":"Los Damascos","jerarquia":5},"geometry":{"type":"LineString","coordinates":[[-73.15562,-40.55535],[-73.155,-40.55513]]}},{"type":"Feature","properties":{"nombre":"Ruta U-720","jerarquia":3},"geometry":{"type":"LineString","coordinates":[[-73.23125,-40.64572],[-73.23036,-40.64517],[-73.23013,-40.64497],[-73.22814,-40.64268],[-73.22585,-40.64139],[-73.22447,-40.64053],[-73.22305,-40.63997],[-73.22287,-40.63985]]}},{"type":"Feature","properties":{"nombre":"","jerarquia":1},"geometry":{"type":"LineString","coordinates":[[-73.09803,-40.56163],[-73.09848,-40.56164]]}},{"type":"Feature","properties":{"nombre":"Fuchslocher","jerarquia":3},"geometry":{"type":"LineString","coordinates":[[-73.13912,-40.56828],[-73.14184,-40.56798],[-73.14211,-40.56791],[-73.14263,-40.56767]]}},{"type":"Feature","properties":{"nombre":"","jerarquia":5},"geometry":{"type":"LineString","coordinates":[[-73.11394,-40.5953],[-73.11399,-40.59521]]}},{"type":"Feature","properties":{"nombre":"Las Higueras","jerarquia":5},"geometry":{"type":"LineString","coordinates":[[-73.16197,-40.54916],[-73.16075,-40.54872]]}},{"type":"Feature","properties":{"nombre":"","jerarquia":3},"geometry":{"type":"LineString","coordinates":[[-73.15947,-40.5741],[-73.15921,-40.57428]]}},{"type":"Feature","properties":{"nombre":"Avenida Portales","jerarquia":3},"geometry":{"type":"LineString","coordinates":[[-73.14021,-40.5743],[-73.14022,-40.57441]]}},{"type":"Feature","properties":{"nombre":"Avenida República","jerarquia":3},"geometry":{"type":"LineString","coordinates":[[-73.14986,-40.57408],[-73.15014,-40.57406]]}},{"type":"Feature","properties":{"nombre":"Avenida República","jerarquia":3},"geometry":{"type":"LineString","coordinates":[[-73.15014,-40.57406],[-73.15136,-40.57397]]}},{"type":"Feature","properties":{"nombre":"Avenida República","jerarquia":3},"geometry":{"type":"LineString","coordinates":[[-73.14792,-40.57421],[-73.14949,-40.5741]]}},{"type":"Feature","properties":{"nombre":"Avenida República","jerarquia":3},"geometry":{"type":"LineString","coordinates":[[-73.15136,-40.57397],[-73.15242,-40.5739]]}},{"type":"Feature","properties":{"nombre":"Avenida República","jerarquia":3},"geometry":{"type":"LineString","coordinates":[[-73.15242,-40.5739],[-73.15257,-40.57389]]}},{"type":"Feature","properties":{"nombre":"Avenida República","jerarquia":3},"geometry":{"type":"LineString","coordinates":[[-73.15424,-40.57385],[-73.1558,-40.57387]]}},{"type":"Feature","properties":{"nombre":"Avenida República","jerarquia":3},"geometry":{"type":"LineString","coordinates":[[-73.1558,-40.57387],[-73.15598,-40.57387]]}},{"type":"Feature","properties":{"nombre":"Avenida República","jerarquia":3},"geometry":{"type":"LineString","coordinates":[[-73.15257,-40.57389],[-73.15406,-40.57386]]}},{"type":"Feature","properties":{"nombre":"Avenida República","jerarquia":3},"geometry":{"type":"LineString","coordinates":[[-73.15406,-40.57386],[-73.15424,-40.57385]]}},{"type":"Feature","properties":{"nombre":"Avenida Juan Mackenna","jerarquia":3},"geometry":{"type":"LineString","coordinates":[[-73.11701,-40.57546],[-73.11756,-40.57542]]}},{"type":"Feature","properties":{"nombre":"Avenida Juan Mackenna","jerarquia":3},"geometry":{"type":"LineString","coordinates":[[-73.11756,-40.57542],[-73.11764,-40.57542]]}},{"type":"Feature","properties":{"nombre":"Talca","jerarquia":5},"geometry":{"type":"LineString","coordinates":[[-73.15258,-40.57401],[-73.15257,-40.57389]]}},{"type":"Feature","properties":{"nombre":"Avenida República","jerarquia":3},"geometry":{"type":"LineString","coordinates":[[-73.15258,-40.57401],[-73.15138,-40.57408]]}},{"type":"Feature","properties":{"nombre":"Avenida República","jerarquia":3},"geometry":{"type":"LineString","coordinates":[[-73.15138,-40.57408],[-73.15069,-40.57413]]}},{"type":"Feature","properties":{"nombre":"Avenida República","jerarquia":3},"geometry":{"type":"LineString","coordinates":[[-73.15426,-40.57397],[-73.15278,-40.574]]}},{"type":"Feature","properties":{"nombre":"Avenida República","jerarquia":3},"geometry":{"type":"LineString","coordinates":[[-73.15278,-40.574],[-73.15258,-40.57401]]}},{"type":"Feature","properties":{"nombre":"Avenida República","jerarquia":3},"geometry":{"type":"LineString","coordinates":[[-73.15598,-40.57398],[-73.15445,-40.57397]]}},{"type":"Feature","properties":{"nombre":"Avenida República","jerarquia":3},"geometry":{"type":"LineString","coordinates":[[-73.15445,-40.57397],[-73.15426,-40.57397]]}},{"type":"Feature","properties":{"nombre":"","jerarquia":1},"geometry":{"type":"LineString","coordinates":[[-73.09907,-40.56165],[-73.09985,-40.56176]]}},{"type":"Feature","properties":{"nombre":"Avenida Julio Buschmann","jerarquia":3},"geometry":{"type":"LineString","coordinates":[[-73.10828,-40.57694],[-73.1098,-40.57651]]}},{"type":"Feature","properties":{"nombre":"Avenida Julio Buschmann","jerarquia":3},"geometry":{"type":"LineString","coordinates":[[-73.1098,-40.57651],[-73.11069,-40.57629]]}},{"type":"Feature","properties":{"nombre":"Pilauco","jerarquia":3},"geometry":{"type":"LineString","coordinates":[[-73.10129,-40.56224],[-73.10034,-40.56201]]}},{"type":"Feature","properties":{"nombre":"Los Papiros","jerarquia":5},"geometry":{"type":"LineString","coordinates":[[-73.16051,-40.55153],[-73.16019,-40.55142]]}},{"type":"Feature","properties":{"nombre":"Las Araucarias","jerarquia":5},"geometry":{"type":"LineString","coordinates":[[-73.1555,-40.55728],[-73.15533,-40.55723]]}},{"type":"Feature","properties":{"nombre":"Inés de Suárez","jerarquia":4},"geometry":{"type":"LineString","coordinates":[[-73.14638,-40.5806],[-73.14603,-40.58056]]}},{"type":"Feature","properties":{"nombre":"Inés de Suárez","jerarquia":4},"geometry":{"type":"LineString","coordinates":[[-73.13947,-40.57962],[-73.13976,-40.5797]]}},{"type":"Feature","properties":{"nombre":"Avenida Juan Mackenna","jerarquia":3},"geometry":{"type":"LineString","coordinates":[[-73.14224,-40.57428],[-73.1423,-40.57429]]}},{"type":"Feature","properties":{"nombre":"Avenida Juan Mackenna","jerarquia":3},"geometry":{"type":"LineString","coordinates":[[-73.1423,-40.57429],[-73.14273,-40.5743]]}},{"type":"Feature","properties":{"nombre":"Avenida Juan Mackenna","jerarquia":3},"geometry":{"type":"LineString","coordinates":[[-73.14273,-40.5743],[-73.14357,-40.57432]]}},{"type":"Feature","properties":{"nombre":"Avenida Juan Mackenna","jerarquia":3},"geometry":{"type":"LineString","coordinates":[[-73.14173,-40.57427],[-73.14224,-40.57428]]}},{"type":"Feature","properties":{"nombre":"Avenida Juan Mackenna","jerarquia":3},"geometry":{"type":"LineString","coordinates":[[-73.14207,-40.5744],[-73.1416,-40.57439]]}},{"type":"Feature","properties":{"nombre":"Avenida Juan Mackenna","jerarquia":3},"geometry":{"type":"LineString","coordinates":[[-73.14347,-40.5744],[-73.14281,-40.5744]]}},{"type":"Feature","properties":{"nombre":"Avenida Juan Mackenna","jerarquia":3},"geometry":{"type":"LineString","coordinates":[[-73.14281,-40.5744],[-73.14256,-40.5744]]}},{"type":"Feature","properties":{"nombre":"Avenida Juan Mackenna","jerarquia":3},"geometry":{"type":"LineString","coordinates":[[-73.14256,-40.5744],[-73.14239,-40.5744]]}},{"type":"Feature","properties":{"nombre":"Avenida Juan Mackenna","jerarquia":3},"geometry":{"type":"LineString","coordinates":[[-73.14239,-40.5744],[-73.14207,-40.5744]]}},{"type":"Feature","properties":{"nombre":"5 de Abril","jerarquia":5},"geometry":{"type":"LineString","coordinates":[[-73.14404,-40.57161],[-73.14439,-40.57205]]}},{"type":"Feature","properties":{"nombre":"Héroes de la Concepción","jerarquia":3},"geometry":{"type":"LineString","coordinates":[[-73.14995,-40.56775],[-73.15048,-40.56741]]}},{"type":"Feature","properties":{"nombre":"Héroes de la Concepción","jerarquia":3},"geometry":{"type":"LineString","coordinates":[[-73.15048,-40.56741],[-73.15071,-40.56718]]}},{"type":"Feature","properties":{"nombre":"Héroes de la Concepción","jerarquia":3},"geometry":{"type":"LineString","coordinates":[[-73.15071,-40.56718],[-73.1508,-40.56709]]}},{"type":"Feature","properties":{"nombre":"Eleuterio Ramírez","jerarquia":5},"geometry":{"type":"LineString","coordinates":[[-73.14399,-40.57287],[-73.14317,-40.57289]]}},{"type":"Feature","properties":{"nombre":"","jerarquia":5},"geometry":{"type":"LineString","coordinates":[[-73.14412,-40.57268],[-73.14412,-40.57278],[-73.14419,-40.57291]]}},{"type":"Feature","properties":{"nombre":"Camino Las Quemas - Osorno","jerarquia":4},"geometry":{"type":"LineString","coordinates":[[-73.13115,-40.64494],[-73.13151,-40.64468],[-73.13185,-40.64428]]}},{"type":"Feature","properties":{"nombre":"Ruta 5 Sur","jerarquia":1},"geometry":{"type":"LineString","coordinates":[[-73.11465,-40.64171],[-73.11382,-40.63923]]}},{"type":"Feature","properties":{"nombre":"Ruta 5 Sur","jerarquia":1},"geometry":{"type":"LineString","coordinates":[[-73.11382,-40.63923],[-73.1131,-40.63705]]}},{"type":"Feature","properties":{"nombre":"Ruta 5 Sur","jerarquia":1},"geometry":{"type":"LineString","coordinates":[[-73.11508,-40.64301],[-73.11465,-40.64171]]}},{"type":"Feature","properties":{"nombre":"Ruta 5 Sur","jerarquia":1},"geometry":{"type":"LineString","coordinates":[[-73.1135,-40.63767],[-73.11397,-40.63912]]}},{"type":"Feature","properties":{"nombre":"Ruta 5 Sur","jerarquia":1},"geometry":{"type":"LineString","coordinates":[[-73.11397,-40.63912],[-73.11472,-40.64135]]}},{"type":"Feature","properties":{"nombre":"Ruta 5 Sur","jerarquia":1},"geometry":{"type":"LineString","coordinates":[[-73.11472,-40.64135],[-73.11555,-40.64387]]}},{"type":"Feature","properties":{"nombre":"Ruta 5 Sur","jerarquia":1},"geometry":{"type":"LineString","coordinates":[[-73.11144,-40.63193],[-73.11095,-40.63047]]}},{"type":"Feature","properties":{"nombre":"Ruta 5 Sur","jerarquia":1},"geometry":{"type":"LineString","coordinates":[[-73.1106,-40.62942],[-73.11008,-40.62779]]}},{"type":"Feature","properties":{"nombre":"Ruta 5 Sur","jerarquia":1},"geometry":{"type":"LineString","coordinates":[[-73.11095,-40.63047],[-73.1106,-40.62942]]}},{"type":"Feature","properties":{"nombre":"Ruta 5 Sur","jerarquia":1},"geometry":{"type":"LineString","coordinates":[[-73.11008,-40.62779],[-73.10933,-40.62543]]}},{"type":"Feature","properties":{"nombre":"Ruta 5 Sur","jerarquia":1},"geometry":{"type":"LineString","coordinates":[[-73.10933,-40.62543],[-73.10601,-40.61518],[-73.10395,-40.60917],[-73.10302,-40.60618],[-73.1014,-40.60128]]}},{"type":"Feature","properties":{"nombre":"Ruta 5 Sur","jerarquia":1},"geometry":{"type":"LineString","coordinates":[[-73.10067,-40.59863],[-73.10316,-40.60614]]}},{"type":"Feature","properties":{"nombre":"Ruta 5 Sur","jerarquia":1},"geometry":{"type":"LineString","coordinates":[[-73.10316,-40.60614],[-73.10408,-40.6091],[-73.10617,-40.61524],[-73.11064,-40.629]]}},{"type":"Feature","properties":{"nombre":"Ruta 5 Sur","jerarquia":1},"geometry":{"type":"LineString","coordinates":[[-73.11204,-40.63316],[-73.11225,-40.63384]]}},{"type":"Feature","properties":{"nombre":"Ruta 5 Sur","jerarquia":1},"geometry":{"type":"LineString","coordinates":[[-73.11125,-40.63076],[-73.11204,-40.63316]]}},{"type":"Feature","properties":{"nombre":"Ruta 5 Sur","jerarquia":1},"geometry":{"type":"LineString","coordinates":[[-73.11237,-40.63474],[-73.11207,-40.63378]]}},{"type":"Feature","properties":{"nombre":"Ruta 5 Sur","jerarquia":1},"geometry":{"type":"LineString","coordinates":[[-73.11263,-40.63558],[-73.11237,-40.63474]]}},{"type":"Feature","properties":{"nombre":"Ruta 5 Sur","jerarquia":1},"geometry":{"type":"LineString","coordinates":[[-73.1131,-40.63705],[-73.11263,-40.63558]]}},{"type":"Feature","properties":{"nombre":"Ruta 5 Sur","jerarquia":1},"geometry":{"type":"LineString","coordinates":[[-73.11338,-40.63732],[-73.1135,-40.63767]]}},{"type":"Feature","properties":{"nombre":"Ruta 5 Sur","jerarquia":1},"geometry":{"type":"LineString","coordinates":[[-73.11255,-40.63478],[-73.11338,-40.63732]]}},{"type":"Feature","properties":{"nombre":"Ruta 5 Sur","jerarquia":1},"geometry":{"type":"LineString","coordinates":[[-73.11225,-40.63384],[-73.11255,-40.63478]]}},{"type":"Feature","properties":{"nombre":"","jerarquia":1},"geometry":{"type":"LineString","coordinates":[[-73.09898,-40.59432],[-73.09888,-40.59402]]}},{"type":"Feature","properties":{"nombre":"","jerarquia":1},"geometry":{"type":"LineString","coordinates":[[-73.09931,-40.59537],[-73.09911,-40.59483],[-73.09898,-40.59432]]}},{"type":"Feature","properties":{"nombre":"Ruta 5 Sur","jerarquia":1},"geometry":{"type":"LineString","coordinates":[[-73.09787,-40.58921],[-73.09788,-40.58963]]}},{"type":"Feature","properties":{"nombre":"Ruta 5 Sur","jerarquia":1},"geometry":{"type":"LineString","coordinates":[[-73.09792,-40.57957],[-73.09789,-40.58441]]}},{"type":"Feature","properties":{"nombre":"Ruta 5 Sur","jerarquia":1},"geometry":{"type":"LineString","coordinates":[[-73.09933,-40.59501],[-73.09843,-40.59234]]}},{"type":"Feature","properties":{"nombre":"Ruta 5 Sur","jerarquia":1},"geometry":{"type":"LineString","coordinates":[[-73.10087,-40.59966],[-73.10003,-40.5971]]}},{"type":"Feature","properties":{"nombre":"Ruta 5 Sur","jerarquia":1},"geometry":{"type":"LineString","coordinates":[[-73.09781,-40.57512],[-73.09788,-40.56756]]}},{"type":"Feature","properties":{"nombre":"Ruta 5 Sur","jerarquia":1},"geometry":{"type":"LineString","coordinates":[[-73.0979,-40.57705],[-73.09792,-40.57833]]}},{"type":"Feature","properties":{"nombre":"Ruta 5 Sur","jerarquia":1},"geometry":{"type":"LineString","coordinates":[[-73.0978,-40.57559],[-73.09781,-40.57512]]}},{"type":"Feature","properties":{"nombre":"","jerarquia":1},"geometry":{"type":"LineString","coordinates":[[-73.09765,-40.58333],[-73.09765,-40.58275]]}},{"type":"Feature","properties":{"nombre":"","jerarquia":1},"geometry":{"type":"LineString","coordinates":[[-73.09775,-40.58473],[-73.09765,-40.58424]]}},{"type":"Feature","properties":{"nombre":"","jerarquia":1},"geometry":{"type":"LineString","coordinates":[[-73.09813,-40.57968],[-73.09808,-40.58006]]}},{"type":"Feature","properties":{"nombre":"","jerarquia":1},"geometry":{"type":"LineString","coordinates":[[-73.09792,-40.57833],[-73.09808,-40.57885]]}},{"type":"Feature","properties":{"nombre":"Alcalde Alberto Fuchslocher","jerarquia":2},"geometry":{"type":"LineString","coordinates":[[-73.09592,-40.58216],[-73.09635,-40.58184],[-73.09666,-40.58168],[-73.09752,-40.58151]]}},{"type":"Feature","properties":{"nombre":"Ruta 5 Sur","jerarquia":1},"geometry":{"type":"LineString","coordinates":[[-73.09787,-40.58776],[-73.09787,-40.58921]]}},{"type":"Feature","properties":{"nombre":"Ruta 5 Sur","jerarquia":1},"geometry":{"type":"LineString","coordinates":[[-73.09828,-40.5919],[-73.0979,-40.5907]]}},{"type":"Feature","properties":{"nombre":"","jerarquia":1},"geometry":{"type":"LineString","coordinates":[[-73.09801,-40.58969],[-73.09812,-40.59047]]}},{"type":"Feature","properties":{"nombre":"","jerarquia":1},"geometry":{"type":"LineString","coordinates":[[-73.09787,-40.58921],[-73.09801,-40.58969]]}},{"type":"Feature","properties":{"nombre":"Ruta 5 Sur","jerarquia":1},"geometry":{"type":"LineString","coordinates":[[-73.09899,-40.59359],[-73.0998,-40.596]]}},{"type":"Feature","properties":{"nombre":"Ruta 5 Sur","jerarquia":1},"geometry":{"type":"LineString","coordinates":[[-73.09856,-40.59231],[-73.09899,-40.59359]]}},{"type":"Feature","properties":{"nombre":"Ruta 5 Sur","jerarquia":1},"geometry":{"type":"LineString","coordinates":[[-73.10003,-40.5971],[-73.09972,-40.59618]]}},{"type":"Feature","properties":{"nombre":"Ruta 5 Sur","jerarquia":1},"geometry":{"type":"LineString","coordinates":[[-73.09684,-40.55607],[-73.0972,-40.55665],[-73.09768,-40.55766]]}},{"type":"Feature","properties":{"nombre":"Ruta 5 Sur","jerarquia":1},"geometry":{"type":"LineString","coordinates":[[-73.09774,-40.55785],[-73.09795,-40.55861]]}},{"type":"Feature","properties":{"nombre":"Ruta 5 Sur","jerarquia":1},"geometry":{"type":"LineString","coordinates":[[-73.09793,-40.56125],[-73.09792,-40.55966]]}},{"type":"Feature","properties":{"nombre":"Ruta 5 Sur","jerarquia":1},"geometry":{"type":"LineString","coordinates":[[-73.09791,-40.5646],[-73.09793,-40.56187]]}},{"type":"Feature","properties":{"nombre":"Ruta 5 Sur","jerarquia":1},"geometry":{"type":"LineString","coordinates":[[-73.09793,-40.5614],[-73.09793,-40.56125]]}},{"type":"Feature","properties":{"nombre":"Ruta 5 Sur","jerarquia":1},"geometry":{"type":"LineString","coordinates":[[-73.09807,-40.56715],[-73.0979,-40.57705]]}},{"type":"Feature","properties":{"nombre":"Ruta 5 Sur","jerarquia":1},"geometry":{"type":"LineString","coordinates":[[-73.04926,-40.50152],[-73.05312,-40.50431],[-73.06007,-40.50917]]}},{"type":"Feature","properties":{"nombre":"Ruta 5 Sur","jerarquia":1},"geometry":{"type":"LineString","coordinates":[[-73.06621,-40.51375],[-73.06709,-40.51488]]}},{"type":"Feature","properties":{"nombre":"Ruta 5 Sur","jerarquia":1},"geometry":{"type":"LineString","coordinates":[[-73.06709,-40.51488],[-73.06751,-40.5156],[-73.06784,-40.51636]]}},{"type":"Feature","properties":{"nombre":"Ruta 5 Sur","jerarquia":1},"geometry":{"type":"LineString","coordinates":[[-73.06769,-40.51638],[-73.06722,-40.51537],[-73.06693,-40.51489],[-73.06641,-40.51419]]}},{"type":"Feature","properties":{"nombre":"Ruta 5 Sur","jerarquia":1},"geometry":{"type":"LineString","coordinates":[[-73.07017,-40.52293],[-73.07024,-40.52317]]}},{"type":"Feature","properties":{"nombre":"Ruta 5 Sur","jerarquia":1},"geometry":{"type":"LineString","coordinates":[[-73.06977,-40.52225],[-73.06921,-40.52074]]}},{"type":"Feature","properties":{"nombre":"Ruta 5 Sur","jerarquia":1},"geometry":{"type":"LineString","coordinates":[[-73.07034,-40.52346],[-73.07205,-40.52846]]}},{"type":"Feature","properties":{"nombre":"Ruta 5 Sur","jerarquia":1},"geometry":{"type":"LineString","coordinates":[[-73.07251,-40.52952],[-73.07279,-40.53002],[-73.07335,-40.53081]]}},{"type":"Feature","properties":{"nombre":"Ruta 5 Sur","jerarquia":1},"geometry":{"type":"LineString","coordinates":[[-73.07335,-40.53081],[-73.07809,-40.53591]]}},{"type":"Feature","properties":{"nombre":"Ruta 5 Sur","jerarquia":1},"geometry":{"type":"LineString","coordinates":[[-73.07549,-40.53333],[-73.07518,-40.533]]}},{"type":"Feature","properties":{"nombre":"Ruta 5 Sur","jerarquia":1},"geometry":{"type":"LineString","coordinates":[[-73.08633,-40.5449],[-73.07668,-40.53462]]}},{"type":"Feature","properties":{"nombre":"Ruta 5 Sur","jerarquia":1},"geometry":{"type":"LineString","coordinates":[[-73.07809,-40.53591],[-73.07995,-40.5379]]}},{"type":"Feature","properties":{"nombre":"Ruta 5 Sur","jerarquia":1},"geometry":{"type":"LineString","coordinates":[[-73.07995,-40.5379],[-73.08453,-40.54276]]}},{"type":"Feature","properties":{"nombre":"Ruta 5 Sur","jerarquia":1},"geometry":{"type":"LineString","coordinates":[[-73.08453,-40.54276],[-73.08606,-40.54439]]}},{"type":"Feature","properties":{"nombre":"Ruta 5 Sur","jerarquia":1},"geometry":{"type":"LineString","coordinates":[[-73.08703,-40.54543],[-73.08816,-40.54662]]}},{"type":"Feature","properties":{"nombre":"Ruta 5 Sur","jerarquia":1},"geometry":{"type":"LineString","coordinates":[[-73.08606,-40.54439],[-73.08647,-40.54482]]}},{"type":"Feature","properties":{"nombre":"Ruta 5 Sur","jerarquia":1},"geometry":{"type":"LineString","coordinates":[[-73.0925,-40.55131],[-73.09376,-40.55266]]}},{"type":"Feature","properties":{"nombre":"Ruta 5 Sur","jerarquia":1},"geometry":{"type":"LineString","coordinates":[[-73.08922,-40.54777],[-73.0905,-40.54915]]}},{"type":"Feature","properties":{"nombre":"Ruta 5 Sur","jerarquia":1},"geometry":{"type":"LineString","coordinates":[[-73.08816,-40.54662],[-73.08922,-40.54777]]}},{"type":"Feature","properties":{"nombre":"Ruta 5 Sur","jerarquia":1},"geometry":{"type":"LineString","coordinates":[[-73.08662,-40.54499],[-73.08703,-40.54543]]}},{"type":"Feature","properties":{"nombre":"Ruta 5 Sur","jerarquia":1},"geometry":{"type":"LineString","coordinates":[[-73.09628,-40.55557],[-73.09554,-40.55473]]}},{"type":"Feature","properties":{"nombre":"Ruta 5 Sur","jerarquia":1},"geometry":{"type":"LineString","coordinates":[[-73.09554,-40.55473],[-73.09263,-40.55163]]}},{"type":"Feature","properties":{"nombre":"Ruta 5 Sur","jerarquia":1},"geometry":{"type":"LineString","coordinates":[[-73.09263,-40.55163],[-73.08676,-40.54537]]}},{"type":"Feature","properties":{"nombre":"Ruta 5 Sur","jerarquia":1},"geometry":{"type":"LineString","coordinates":[[-73.08676,-40.54537],[-73.08647,-40.54505]]}},{"type":"Feature","properties":{"nombre":"Ruta 5 Sur","jerarquia":1},"geometry":{"type":"LineString","coordinates":[[-73.05037,-40.50249],[-73.04914,-40.50163]]}},{"type":"Feature","properties":{"nombre":"Ruta 5 Sur","jerarquia":1},"geometry":{"type":"LineString","coordinates":[[-73.05402,-40.50507],[-73.05307,-40.50442]]}},{"type":"Feature","properties":{"nombre":"Ruta 5 Sur","jerarquia":1},"geometry":{"type":"LineString","coordinates":[[-73.05224,-40.50382],[-73.05037,-40.50249]]}},{"type":"Feature","properties":{"nombre":"Camino a Caracol","jerarquia":5},"geometry":{"type":"LineString","coordinates":[[-73.06314,-40.50955],[-73.06332,-40.5093]]}},{"type":"Feature","properties":{"nombre":"Camino a Caracol","jerarquia":5},"geometry":{"type":"LineString","coordinates":[[-73.06255,-40.51055],[-73.06293,-40.50983],[-73.06314,-40.50955]]}},{"type":"Feature","properties":{"nombre":"Ruta 5 Sur","jerarquia":1},"geometry":{"type":"LineString","coordinates":[[-73.06007,-40.50917],[-73.06214,-40.51062]]}},{"type":"Feature","properties":{"nombre":"Ruta 5 Sur","jerarquia":1},"geometry":{"type":"LineString","coordinates":[[-73.06214,-40.51062],[-73.0625,-40.51087]]}},{"type":"Feature","properties":{"nombre":"Variante Juan Mackenna","jerarquia":4},"geometry":{"type":"LineString","coordinates":[[-73.14032,-40.57429],[-73.14076,-40.57401]]}},{"type":"Feature","properties":{"nombre":"Alcalde Alberto Fuchslocher","jerarquia":2},"geometry":{"type":"LineString","coordinates":[[-73.09813,-40.58153],[-73.09754,-40.58159]]}},{"type":"Feature","properties":{"nombre":"Concón","jerarquia":5},"geometry":{"type":"LineString","coordinates":[[-73.09372,-40.58356],[-73.09362,-40.58343]]}},{"type":"Feature","properties":{"nombre":"Alcalde Alberto Fuchslocher","jerarquia":2},"geometry":{"type":"LineString","coordinates":[[-73.09019,-40.58522],[-73.08798,-40.58639]]}},{"type":"Feature","properties":{"nombre":"Alcalde Alberto Fuchslocher","jerarquia":2},"geometry":{"type":"LineString","coordinates":[[-73.08383,-40.58856],[-73.07119,-40.5953]]}},{"type":"Feature","properties":{"nombre":"Alcalde Alberto Fuchslocher","jerarquia":2},"geometry":{"type":"LineString","coordinates":[[-73.07119,-40.5953],[-73.06806,-40.59696]]}},{"type":"Feature","properties":{"nombre":"Alcalde Alberto Fuchslocher","jerarquia":5},"geometry":{"type":"LineString","coordinates":[[-73.08825,-40.58649],[-73.08796,-40.58663]]}},{"type":"Feature","properties":{"nombre":"","jerarquia":1},"geometry":{"type":"LineString","coordinates":[[-73.06784,-40.51636],[-73.06839,-40.51729]]}},{"type":"Feature","properties":{"nombre":"Alcalde Alberto Fuchslocher","jerarquia":2},"geometry":{"type":"LineString","coordinates":[[-73.08613,-40.58733],[-73.08535,-40.58776]]}},{"type":"Feature","properties":{"nombre":"Alcalde Alberto Fuchslocher","jerarquia":2},"geometry":{"type":"LineString","coordinates":[[-73.08535,-40.58776],[-73.08503,-40.58793]]}},{"type":"Feature","properties":{"nombre":"Alcalde Alberto Fuchslocher","jerarquia":2},"geometry":{"type":"LineString","coordinates":[[-73.08491,-40.588],[-73.0844,-40.58826]]}},{"type":"Feature","properties":{"nombre":"Alcalde Alberto Fuchslocher","jerarquia":2},"geometry":{"type":"LineString","coordinates":[[-73.08503,-40.58793],[-73.08491,-40.588]]}},{"type":"Feature","properties":{"nombre":"Alcalde Alberto Fuchslocher","jerarquia":2},"geometry":{"type":"LineString","coordinates":[[-73.08773,-40.58652],[-73.08613,-40.58733]]}},{"type":"Feature","properties":{"nombre":"Alcalde Alberto Fuchslocher","jerarquia":2},"geometry":{"type":"LineString","coordinates":[[-73.08295,-40.58888],[-73.08353,-40.58858]]}},{"type":"Feature","properties":{"nombre":"Alcalde Alberto Fuchslocher","jerarquia":2},"geometry":{"type":"LineString","coordinates":[[-73.07865,-40.59116],[-73.07971,-40.5906]]}},{"type":"Feature","properties":{"nombre":"Alcalde Alberto Fuchslocher","jerarquia":2},"geometry":{"type":"LineString","coordinates":[[-73.07766,-40.59169],[-73.07865,-40.59116]]}},{"type":"Feature","properties":{"nombre":"Alcalde Alberto Fuchslocher","jerarquia":2},"geometry":{"type":"LineString","coordinates":[[-73.07242,-40.59445],[-73.07766,-40.59169]]}},{"type":"Feature","properties":{"nombre":"Ruta 215 CH","jerarquia":2},"geometry":{"type":"LineString","coordinates":[[-73.06566,-40.59827],[-73.06534,-40.59843]]}},{"type":"Feature","properties":{"nombre":"Ruta 215 CH","jerarquia":2},"geometry":{"type":"LineString","coordinates":[[-73.06534,-40.59843],[-73.06492,-40.59865]]}},{"type":"Feature","properties":{"nombre":"Ruta 215 CH","jerarquia":2},"geometry":{"type":"LineString","coordinates":[[-73.06544,-40.59806],[-73.06649,-40.59755]]}},{"type":"Feature","properties":{"nombre":"Ruta 215 CH","jerarquia":2},"geometry":{"type":"LineString","coordinates":[[-73.06266,-40.59984],[-73.06049,-40.60102]]}},{"type":"Feature","properties":{"nombre":"Ruta 215 CH","jerarquia":2},"geometry":{"type":"LineString","coordinates":[[-73.06492,-40.59865],[-73.06266,-40.59984]]}},{"type":"Feature","properties":{"nombre":"Ruta 215 CH","jerarquia":2},"geometry":{"type":"LineString","coordinates":[[-73.06238,-40.59965],[-73.06473,-40.59841]]}},{"type":"Feature","properties":{"nombre":"Ruta 215 CH","jerarquia":2},"geometry":{"type":"LineString","coordinates":[[-73.06027,-40.60075],[-73.06238,-40.59965]]}},{"type":"Feature","properties":{"nombre":"Ruta 215 CH","jerarquia":2},"geometry":{"type":"LineString","coordinates":[[-73.05749,-40.60258],[-73.05701,-40.60278]]}},{"type":"Feature","properties":{"nombre":"Ruta 215 CH","jerarquia":2},"geometry":{"type":"LineString","coordinates":[[-73.05583,-40.60326],[-73.05699,-40.60261]]}},{"type":"Feature","properties":{"nombre":"Ruta 215 CH","jerarquia":2},"geometry":{"type":"LineString","coordinates":[[-73.05773,-40.60247],[-73.05749,-40.60258]]}},{"type":"Feature","properties":{"nombre":"Ruta 215 CH","jerarquia":2},"geometry":{"type":"LineString","coordinates":[[-73.05801,-40.60233],[-73.05773,-40.60247]]}},{"type":"Feature","properties":{"nombre":"Ruta 215 CH","jerarquia":2},"geometry":{"type":"LineString","coordinates":[[-73.05852,-40.60207],[-73.05801,-40.60233]]}},{"type":"Feature","properties":{"nombre":"Ruta 215 CH","jerarquia":2},"geometry":{"type":"LineString","coordinates":[[-73.05894,-40.60185],[-73.05852,-40.60207]]}},{"type":"Feature","properties":{"nombre":"Ruta 215 CH","jerarquia":2},"geometry":{"type":"LineString","coordinates":[[-73.06473,-40.59841],[-73.06513,-40.59822]]}},{"type":"Feature","properties":{"nombre":"Ruta 215 CH","jerarquia":2},"geometry":{"type":"LineString","coordinates":[[-73.06513,-40.59822],[-73.06544,-40.59806]]}},{"type":"Feature","properties":{"nombre":"Ruta 215 CH","jerarquia":2},"geometry":{"type":"LineString","coordinates":[[-73.05902,-40.60145],[-73.06027,-40.60075]]}},{"type":"Feature","properties":{"nombre":"Ruta 215 CH","jerarquia":2},"geometry":{"type":"LineString","coordinates":[[-73.05926,-40.60169],[-73.05894,-40.60185]]}},{"type":"Feature","properties":{"nombre":"Ruta 215 CH","jerarquia":2},"geometry":{"type":"LineString","coordinates":[[-73.06049,-40.60102],[-73.05926,-40.60169]]}},{"type":"Feature","properties":{"nombre":"Avenida Julio Buschmann","jerarquia":3},"geometry":{"type":"LineString","coordinates":[[-73.11152,-40.57619],[-73.11165,-40.57619]]}},{"type":"Feature","properties":{"nombre":"Avenida Julio Buschmann","jerarquia":3},"geometry":{"type":"LineString","coordinates":[[-73.11153,-40.57629],[-73.11076,-40.57636],[-73.10983,-40.57658]]}},{"type":"Feature","properties":{"nombre":"Avenida Julio Buschmann","jerarquia":3},"geometry":{"type":"LineString","coordinates":[[-73.10983,-40.57658],[-73.10919,-40.57676]]}},{"type":"Feature","properties":{"nombre":"Avenida Julio Buschmann","jerarquia":3},"geometry":{"type":"LineString","coordinates":[[-73.10919,-40.57676],[-73.1086,-40.57693]]}},{"type":"Feature","properties":{"nombre":"Avenida Julio Buschmann","jerarquia":3},"geometry":{"type":"LineString","coordinates":[[-73.1086,-40.57693],[-73.10831,-40.57701]]}},{"type":"Feature","properties":{"nombre":"Avenida Julio Buschmann","jerarquia":3},"geometry":{"type":"LineString","coordinates":[[-73.11167,-40.57628],[-73.11153,-40.57629]]}},{"type":"Feature","properties":{"nombre":"Avenida César Ercilla","jerarquia":4},"geometry":{"type":"LineString","coordinates":[[-73.11165,-40.57619],[-73.11167,-40.57628]]}},{"type":"Feature","properties":{"nombre":"Avenida Alcalde René Soriano Bórquez","jerarquia":3},"geometry":{"type":"LineString","coordinates":[[-73.10558,-40.58549],[-73.10573,-40.58539]]}},{"type":"Feature","properties":{"nombre":"Avenida Alcalde René Soriano Bórquez","jerarquia":3},"geometry":{"type":"LineString","coordinates":[[-73.10573,-40.58539],[-73.10644,-40.58493]]}},{"type":"Feature","properties":{"nombre":"Avenida Alcalde René Soriano Bórquez","jerarquia":3},"geometry":{"type":"LineString","coordinates":[[-73.10644,-40.58493],[-73.10748,-40.58425]]}},{"type":"Feature","properties":{"nombre":"Avenida Alcalde René Soriano Bórquez","jerarquia":3},"geometry":{"type":"LineString","coordinates":[[-73.10898,-40.58357],[-73.10887,-40.58364]]}},{"type":"Feature","properties":{"nombre":"Avenida Alcalde René Soriano Bórquez","jerarquia":3},"geometry":{"type":"LineString","coordinates":[[-73.10887,-40.58364],[-73.1077,-40.58441]]}},{"type":"Feature","properties":{"nombre":"Avenida Alcalde René Soriano Bórquez","jerarquia":3},"geometry":{"type":"LineString","coordinates":[[-73.1077,-40.58441],[-73.10593,-40.58556]]}},{"type":"Feature","properties":{"nombre":"Avenida Alcalde René Soriano Bórquez","jerarquia":3},"geometry":{"type":"LineString","coordinates":[[-73.10593,-40.58556],[-73.10578,-40.58566]]}},{"type":"Feature","properties":{"nombre":"Avenida César Ercilla","jerarquia":4},"geometry":{"type":"LineString","coordinates":[[-73.11162,-40.57677],[-73.11155,-40.57637]]}},{"type":"Feature","properties":{"nombre":"Avenida César Ercilla","jerarquia":4},"geometry":{"type":"LineString","coordinates":[[-73.11155,-40.57637],[-73.11153,-40.57629]]}},{"type":"Feature","properties":{"nombre":"Avenida César Ercilla","jerarquia":4},"geometry":{"type":"LineString","coordinates":[[-73.12374,-40.58702],[-73.12342,-40.58683]]}},{"type":"Feature","properties":{"nombre":"Avenida César Ercilla","jerarquia":4},"geometry":{"type":"LineString","coordinates":[[-73.12342,-40.58683],[-73.12279,-40.58645]]}},{"type":"Feature","properties":{"nombre":"Avenida César Ercilla","jerarquia":4},"geometry":{"type":"LineString","coordinates":[[-73.12279,-40.58645],[-73.12237,-40.58619]]}},{"type":"Feature","properties":{"nombre":"Avenida César Ercilla","jerarquia":4},"geometry":{"type":"LineString","coordinates":[[-73.12237,-40.58619],[-73.12194,-40.58593]]}},{"type":"Feature","properties":{"nombre":"Avenida César Ercilla","jerarquia":4},"geometry":{"type":"LineString","coordinates":[[-73.12194,-40.58593],[-73.1215,-40.58567]]}},{"type":"Feature","properties":{"nombre":"Avenida César Ercilla","jerarquia":4},"geometry":{"type":"LineString","coordinates":[[-73.1215,-40.58567],[-73.12117,-40.58547]]}},{"type":"Feature","properties":{"nombre":"Avenida César Ercilla","jerarquia":4},"geometry":{"type":"LineString","coordinates":[[-73.12117,-40.58547],[-73.12107,-40.58541]]}},{"type":"Feature","properties":{"nombre":"Avenida César Ercilla","jerarquia":4},"geometry":{"type":"LineString","coordinates":[[-73.1128,-40.57805],[-73.11374,-40.57882]]}},{"type":"Feature","properties":{"nombre":"Avenida César Ercilla","jerarquia":4},"geometry":{"type":"LineString","coordinates":[[-73.11374,-40.57882],[-73.11443,-40.57938]]}},{"type":"Feature","properties":{"nombre":"Avenida César Ercilla","jerarquia":4},"geometry":{"type":"LineString","coordinates":[[-73.11443,-40.57938],[-73.11452,-40.57945]]}},{"type":"Feature","properties":{"nombre":"Avenida César Ercilla","jerarquia":4},"geometry":{"type":"LineString","coordinates":[[-73.11452,-40.57945],[-73.11466,-40.57957]]}},{"type":"Feature","properties":{"nombre":"Avenida César Ercilla","jerarquia":4},"geometry":{"type":"LineString","coordinates":[[-73.11466,-40.57957],[-73.11474,-40.57963]]}},{"type":"Feature","properties":{"nombre":"Avenida César Ercilla","jerarquia":4},"geometry":{"type":"LineString","coordinates":[[-73.11177,-40.57684],[-73.11187,-40.57713]]}},{"type":"Feature","properties":{"nombre":"Concepción","jerarquia":4},"geometry":{"type":"LineString","coordinates":[[-73.14793,-40.57854],[-73.14821,-40.5783],[-73.1484,-40.57824]]}},{"type":"Feature","properties":{"nombre":"Diego de Almagro","jerarquia":4},"geometry":{"type":"LineString","coordinates":[[-73.1103,-40.58482],[-73.10936,-40.58404]]}},{"type":"Feature","properties":{"nombre":"Diego de Almagro","jerarquia":4},"geometry":{"type":"LineString","coordinates":[[-73.10936,-40.58404],[-73.10899,-40.58374]]}},{"type":"Feature","properties":{"nombre":"Diego de Almagro","jerarquia":4},"geometry":{"type":"LineString","coordinates":[[-73.10899,-40.58374],[-73.10887,-40.58364]]}},{"type":"Feature","properties":{"nombre":"Diego de Almagro","jerarquia":4},"geometry":{"type":"LineString","coordinates":[[-73.10887,-40.58364],[-73.10871,-40.58351]]}},{"type":"Feature","properties":{"nombre":"Diego de Almagro","jerarquia":4},"geometry":{"type":"LineString","coordinates":[[-73.10871,-40.58351],[-73.10865,-40.58346]]}},{"type":"Feature","properties":{"nombre":"Diego de Almagro","jerarquia":4},"geometry":{"type":"LineString","coordinates":[[-73.10865,-40.58346],[-73.10807,-40.58298]]}},{"type":"Feature","properties":{"nombre":"Diego de Almagro","jerarquia":4},"geometry":{"type":"LineString","coordinates":[[-73.10819,-40.5829],[-73.10843,-40.5831]]}},{"type":"Feature","properties":{"nombre":"Diego de Almagro","jerarquia":4},"geometry":{"type":"LineString","coordinates":[[-73.10843,-40.5831],[-73.10865,-40.58329]]}},{"type":"Feature","properties":{"nombre":"Diego de Almagro","jerarquia":4},"geometry":{"type":"LineString","coordinates":[[-73.10865,-40.58329],[-73.10876,-40.58339]]}},{"type":"Feature","properties":{"nombre":"Diego de Almagro","jerarquia":4},"geometry":{"type":"LineString","coordinates":[[-73.10876,-40.58339],[-73.10891,-40.58352]]}},{"type":"Feature","properties":{"nombre":"Diego de Almagro","jerarquia":4},"geometry":{"type":"LineString","coordinates":[[-73.10891,-40.58352],[-73.10898,-40.58357]]}},{"type":"Feature","properties":{"nombre":"Diego de Almagro","jerarquia":4},"geometry":{"type":"LineString","coordinates":[[-73.10898,-40.58357],[-73.10945,-40.58397]]}},{"type":"Feature","properties":{"nombre":"Diego de Almagro","jerarquia":4},"geometry":{"type":"LineString","coordinates":[[-73.10945,-40.58397],[-73.10983,-40.58429]]}},{"type":"Feature","properties":{"nombre":"Diego de Almagro","jerarquia":4},"geometry":{"type":"LineString","coordinates":[[-73.10983,-40.58429],[-73.11039,-40.58477]]}},{"type":"Feature","properties":{"nombre":"Diego de Almagro","jerarquia":4},"geometry":{"type":"LineString","coordinates":[[-73.1074,-40.58232],[-73.10745,-40.58232]]}},{"type":"Feature","properties":{"nombre":"Diego de Almagro","jerarquia":4},"geometry":{"type":"LineString","coordinates":[[-73.10745,-40.58232],[-73.10752,-40.58233]]}},{"type":"Feature","properties":{"nombre":"Diego de Almagro","jerarquia":4},"geometry":{"type":"LineString","coordinates":[[-73.10739,-40.58242],[-73.1074,-40.58232]]}},{"type":"Feature","properties":{"nombre":"Buenos Aires","jerarquia":5},"geometry":{"type":"LineString","coordinates":[[-73.11498,-40.57676],[-73.11478,-40.57648]]}},{"type":"Feature","properties":{"nombre":"Buenos Aires","jerarquia":5},"geometry":{"type":"LineString","coordinates":[[-73.11478,-40.57648],[-73.11473,-40.57641]]}},{"type":"Feature","properties":{"nombre":"Patricio Lynch","jerarquia":3},"geometry":{"type":"LineString","coordinates":[[-73.11455,-40.5761],[-73.11701,-40.57546]]}},{"type":"Feature","properties":{"nombre":"Avenida Juan Mackenna","jerarquia":3},"geometry":{"type":"LineString","coordinates":[[-73.11574,-40.57589],[-73.11471,-40.57612]]}},{"type":"Feature","properties":{"nombre":"Avenida Juan Mackenna","jerarquia":3},"geometry":{"type":"LineString","coordinates":[[-73.11471,-40.57612],[-73.11459,-40.57615]]}},{"type":"Feature","properties":{"nombre":"Avenida César Ercilla","jerarquia":4},"geometry":{"type":"LineString","coordinates":[[-73.11175,-40.57671],[-73.11177,-40.57684]]}},{"type":"Feature","properties":{"nombre":"Avenida César Ercilla","jerarquia":4},"geometry":{"type":"LineString","coordinates":[[-73.11177,-40.57721],[-73.11169,-40.57705]]}},{"type":"Feature","properties":{"nombre":"Avenida César Ercilla","jerarquia":4},"geometry":{"type":"LineString","coordinates":[[-73.11167,-40.57628],[-73.11175,-40.57671]]}},{"type":"Feature","properties":{"nombre":"Avenida César Ercilla","jerarquia":4},"geometry":{"type":"LineString","coordinates":[[-73.11169,-40.57705],[-73.11162,-40.57677]]}},{"type":"Feature","properties":{"nombre":"Avenida César Ercilla","jerarquia":4},"geometry":{"type":"LineString","coordinates":[[-73.11187,-40.57713],[-73.11226,-40.57759]]}},{"type":"Feature","properties":{"nombre":"Avenida César Ercilla","jerarquia":4},"geometry":{"type":"LineString","coordinates":[[-73.11226,-40.57759],[-73.11266,-40.57794]]}},{"type":"Feature","properties":{"nombre":"Avenida César Ercilla","jerarquia":4},"geometry":{"type":"LineString","coordinates":[[-73.11266,-40.57794],[-73.1128,-40.57805]]}},{"type":"Feature","properties":{"nombre":"Avenida César Ercilla","jerarquia":4},"geometry":{"type":"LineString","coordinates":[[-73.11271,-40.57814],[-73.11213,-40.57766]]}},{"type":"Feature","properties":{"nombre":"Avenida César Ercilla","jerarquia":4},"geometry":{"type":"LineString","coordinates":[[-73.11213,-40.57766],[-73.11177,-40.57721]]}},{"type":"Feature","properties":{"nombre":"Diego de Almagro","jerarquia":4},"geometry":{"type":"LineString","coordinates":[[-73.11293,-40.58701],[-73.11192,-40.58617]]}},{"type":"Feature","properties":{"nombre":"Diego de Almagro","jerarquia":4},"geometry":{"type":"LineString","coordinates":[[-73.11192,-40.58617],[-73.11158,-40.58588]]}},{"type":"Feature","properties":{"nombre":"Diego de Almagro","jerarquia":4},"geometry":{"type":"LineString","coordinates":[[-73.11167,-40.58582],[-73.11302,-40.58694]]}},{"type":"Feature","properties":{"nombre":"Manuel Rodríguez","jerarquia":3},"geometry":{"type":"LineString","coordinates":[[-73.11705,-40.57797],[-73.1179,-40.57793]]}},{"type":"Feature","properties":{"nombre":"Manuel Rodríguez","jerarquia":3},"geometry":{"type":"LineString","coordinates":[[-73.1179,-40.57793],[-73.11963,-40.57786]]}},{"type":"Feature","properties":{"nombre":"Avenida César Ercilla","jerarquia":4},"geometry":{"type":"LineString","coordinates":[[-73.12643,-40.58812],[-73.12574,-40.5878]]}},{"type":"Feature","properties":{"nombre":"Avenida César Ercilla","jerarquia":4},"geometry":{"type":"LineString","coordinates":[[-73.12574,-40.5878],[-73.12507,-40.58749]]}},{"type":"Feature","properties":{"nombre":"Avenida César Ercilla","jerarquia":4},"geometry":{"type":"LineString","coordinates":[[-73.12507,-40.58749],[-73.12482,-40.58739]]}},{"type":"Feature","properties":{"nombre":"Avenida César Ercilla","jerarquia":4},"geometry":{"type":"LineString","coordinates":[[-73.12482,-40.58739],[-73.12438,-40.58724]]}},{"type":"Feature","properties":{"nombre":"Avenida César Ercilla","jerarquia":4},"geometry":{"type":"LineString","coordinates":[[-73.12438,-40.58724],[-73.1243,-40.58722]]}},{"type":"Feature","properties":{"nombre":"Avenida César Ercilla","jerarquia":4},"geometry":{"type":"LineString","coordinates":[[-73.1243,-40.58722],[-73.12404,-40.58713]]}},{"type":"Feature","properties":{"nombre":"Avenida César Ercilla","jerarquia":4},"geometry":{"type":"LineString","coordinates":[[-73.12382,-40.58694],[-73.12439,-40.58714]]}},{"type":"Feature","properties":{"nombre":"Avenida César Ercilla","jerarquia":4},"geometry":{"type":"LineString","coordinates":[[-73.12439,-40.58714],[-73.12446,-40.58716]]}},{"type":"Feature","properties":{"nombre":"Avenida César Ercilla","jerarquia":4},"geometry":{"type":"LineString","coordinates":[[-73.12446,-40.58716],[-73.12514,-40.58741]]}},{"type":"Feature","properties":{"nombre":"Avenida César Ercilla","jerarquia":4},"geometry":{"type":"LineString","coordinates":[[-73.12514,-40.58741],[-73.12527,-40.58746]]}},{"type":"Feature","properties":{"nombre":"Avenida César Ercilla","jerarquia":4},"geometry":{"type":"LineString","coordinates":[[-73.12527,-40.58746],[-73.12581,-40.58772]]}},{"type":"Feature","properties":{"nombre":"Avenida César Ercilla","jerarquia":4},"geometry":{"type":"LineString","coordinates":[[-73.12581,-40.58772],[-73.12637,-40.58798]]}},{"type":"Feature","properties":{"nombre":"Avenida César Ercilla","jerarquia":4},"geometry":{"type":"LineString","coordinates":[[-73.12637,-40.58798],[-73.12648,-40.58803]]}},{"type":"Feature","properties":{"nombre":"Avenida Ignacio Zenteno","jerarquia":4},"geometry":{"type":"LineString","coordinates":[[-73.12093,-40.58533],[-73.12102,-40.58523]]}},{"type":"Feature","properties":{"nombre":"Avenida Ignacio Zenteno","jerarquia":4},"geometry":{"type":"LineString","coordinates":[[-73.12116,-40.58531],[-73.12107,-40.58541]]}},{"type":"Feature","properties":{"nombre":"Avenida César Ercilla","jerarquia":4},"geometry":{"type":"LineString","coordinates":[[-73.12093,-40.58533],[-73.12051,-40.58501],[-73.12001,-40.58432]]}},{"type":"Feature","properties":{"nombre":"Avenida César Ercilla","jerarquia":4},"geometry":{"type":"LineString","coordinates":[[-73.12001,-40.58432],[-73.11963,-40.58386],[-73.11866,-40.58304]]}},{"type":"Feature","properties":{"nombre":"Avenida César Ercilla","jerarquia":4},"geometry":{"type":"LineString","coordinates":[[-73.12107,-40.58541],[-73.12093,-40.58533]]}},{"type":"Feature","properties":{"nombre":"Avenida César Ercilla","jerarquia":4},"geometry":{"type":"LineString","coordinates":[[-73.12102,-40.58523],[-73.12116,-40.58531]]}},{"type":"Feature","properties":{"nombre":"Avenida César Ercilla","jerarquia":4},"geometry":{"type":"LineString","coordinates":[[-73.11876,-40.58297],[-73.11974,-40.58378],[-73.12013,-40.58426]]}},{"type":"Feature","properties":{"nombre":"Avenida César Ercilla","jerarquia":4},"geometry":{"type":"LineString","coordinates":[[-73.12013,-40.58426],[-73.12064,-40.58495],[-73.12093,-40.58518]]}},{"type":"Feature","properties":{"nombre":"Avenida César Ercilla","jerarquia":4},"geometry":{"type":"LineString","coordinates":[[-73.12093,-40.58518],[-73.12102,-40.58523]]}},{"type":"Feature","properties":{"nombre":"Avenida Guillermo Bühler","jerarquia":4},"geometry":{"type":"LineString","coordinates":[[-73.12685,-40.58742],[-73.12668,-40.58767]]}},{"type":"Feature","properties":{"nombre":"Avenida Guillermo Bühler","jerarquia":4},"geometry":{"type":"LineString","coordinates":[[-73.12604,-40.58879],[-73.12587,-40.58909]]}},{"type":"Feature","properties":{"nombre":"Avenida Guillermo Bühler","jerarquia":4},"geometry":{"type":"LineString","coordinates":[[-73.12862,-40.58411],[-73.12872,-40.5844]]}},{"type":"Feature","properties":{"nombre":"Avenida Guillermo Bühler","jerarquia":4},"geometry":{"type":"LineString","coordinates":[[-73.12872,-40.5844],[-73.12893,-40.58513]]}},{"type":"Feature","properties":{"nombre":"Avenida Julio Buschmann","jerarquia":3},"geometry":{"type":"LineString","coordinates":[[-73.11165,-40.57619],[-73.1118,-40.5762]]}},{"type":"Feature","properties":{"nombre":"Avenida Julio Buschmann","jerarquia":3},"geometry":{"type":"LineString","coordinates":[[-73.11287,-40.57632],[-73.11177,-40.57628]]}},{"type":"Feature","properties":{"nombre":"Avenida Julio Buschmann","jerarquia":3},"geometry":{"type":"LineString","coordinates":[[-73.11177,-40.57628],[-73.11167,-40.57628]]}},{"type":"Feature","properties":{"nombre":"Avenida Ignacio Zenteno","jerarquia":4},"geometry":{"type":"LineString","coordinates":[[-73.11676,-40.58995],[-73.11664,-40.59004]]}},{"type":"Feature","properties":{"nombre":"Avenida Ignacio Zenteno","jerarquia":4},"geometry":{"type":"LineString","coordinates":[[-73.11667,-40.58988],[-73.1173,-40.58938],[-73.11782,-40.58887]]}},{"type":"Feature","properties":{"nombre":"Avenida República","jerarquia":5},"geometry":{"type":"LineString","coordinates":[[-73.1696,-40.57419],[-73.17013,-40.57407]]}},{"type":"Feature","properties":{"nombre":"Avenida República","jerarquia":5},"geometry":{"type":"LineString","coordinates":[[-73.17013,-40.57407],[-73.17066,-40.57394]]}},{"type":"Feature","properties":{"nombre":"Avenida República","jerarquia":5},"geometry":{"type":"LineString","coordinates":[[-73.17066,-40.57394],[-73.1711,-40.57376]]}},{"type":"Feature","properties":{"nombre":"Avenida República","jerarquia":5},"geometry":{"type":"LineString","coordinates":[[-73.17348,-40.57349],[-73.17253,-40.57336],[-73.17222,-40.57338]]}},{"type":"Feature","properties":{"nombre":"Avenida República","jerarquia":5},"geometry":{"type":"LineString","coordinates":[[-73.17222,-40.57338],[-73.17166,-40.57364]]}},{"type":"Feature","properties":{"nombre":"Avenida República","jerarquia":5},"geometry":{"type":"LineString","coordinates":[[-73.16274,-40.57358],[-73.1631,-40.5735],[-73.16352,-40.5735]]}},{"type":"Feature","properties":{"nombre":"Avenida República","jerarquia":5},"geometry":{"type":"LineString","coordinates":[[-73.16563,-40.5739],[-73.16542,-40.57386]]}},{"type":"Feature","properties":{"nombre":"Avenida República","jerarquia":5},"geometry":{"type":"LineString","coordinates":[[-73.16542,-40.57386],[-73.1635,-40.57357]]}},{"type":"Feature","properties":{"nombre":"Avenida República","jerarquia":5},"geometry":{"type":"LineString","coordinates":[[-73.16276,-40.57364],[-73.16131,-40.57396]]}},{"type":"Feature","properties":{"nombre":"Avenida República","jerarquia":5},"geometry":{"type":"LineString","coordinates":[[-73.16118,-40.57391],[-73.16274,-40.57358]]}},{"type":"Feature","properties":{"nombre":"Avenida República","jerarquia":5},"geometry":{"type":"LineString","coordinates":[[-73.1635,-40.57357],[-73.16311,-40.57356],[-73.16276,-40.57364]]}},{"type":"Feature","properties":{"nombre":"Victoria","jerarquia":3},"geometry":{"type":"LineString","coordinates":[[-73.15739,-40.57054],[-73.1575,-40.57184]]}},{"type":"Feature","properties":{"nombre":"1 de Mayo","jerarquia":5},"geometry":{"type":"LineString","coordinates":[[-73.15889,-40.56905],[-73.15947,-40.56899]]}},{"type":"Feature","properties":{"nombre":"1 de Mayo","jerarquia":5},"geometry":{"type":"LineString","coordinates":[[-73.15947,-40.56899],[-73.15979,-40.56896]]}},{"type":"Feature","properties":{"nombre":"1 de Mayo","jerarquia":5},"geometry":{"type":"LineString","coordinates":[[-73.15979,-40.56896],[-73.15989,-40.56895]]}},{"type":"Feature","properties":{"nombre":"1 de Mayo","jerarquia":5},"geometry":{"type":"LineString","coordinates":[[-73.15989,-40.56895],[-73.1605,-40.56888]]}},{"type":"Feature","properties":{"nombre":"1 de Mayo","jerarquia":5},"geometry":{"type":"LineString","coordinates":[[-73.1605,-40.56888],[-73.16184,-40.56874]]}},{"type":"Feature","properties":{"nombre":"Avenida Portales","jerarquia":4},"geometry":{"type":"LineString","coordinates":[[-73.14021,-40.5743],[-73.1402,-40.57419]]}},{"type":"Feature","properties":{"nombre":"Avenida Portales","jerarquia":4},"geometry":{"type":"LineString","coordinates":[[-73.14025,-40.57297],[-73.14029,-40.57211]]}},{"type":"Feature","properties":{"nombre":"Avenida Portales","jerarquia":4},"geometry":{"type":"LineString","coordinates":[[-73.14029,-40.57211],[-73.14031,-40.57173]]}},{"type":"Feature","properties":{"nombre":"Avenida Portales","jerarquia":4},"geometry":{"type":"LineString","coordinates":[[-73.14031,-40.57173],[-73.14032,-40.57164]]}},{"type":"Feature","properties":{"nombre":"Avenida Portales","jerarquia":4},"geometry":{"type":"LineString","coordinates":[[-73.14045,-40.57164],[-73.14042,-40.57211]]}},{"type":"Feature","properties":{"nombre":"Avenida Portales","jerarquia":4},"geometry":{"type":"LineString","coordinates":[[-73.14042,-40.57211],[-73.14039,-40.57288]]}},{"type":"Feature","properties":{"nombre":"Avenida Portales","jerarquia":4},"geometry":{"type":"LineString","coordinates":[[-73.14039,-40.57288],[-73.14038,-40.57297]]}},{"type":"Feature","properties":{"nombre":"Eleuterio Ramírez","jerarquia":5},"geometry":{"type":"LineString","coordinates":[[-73.14317,-40.57289],[-73.14266,-40.5729]]}},{"type":"Feature","properties":{"nombre":"Avenida Julio Buschmann","jerarquia":3},"geometry":{"type":"LineString","coordinates":[[-73.10306,-40.57919],[-73.10292,-40.57925]]}},{"type":"Feature","properties":{"nombre":"Avenida Nueva Poniente","jerarquia":5},"geometry":{"type":"LineString","coordinates":[[-73.17388,-40.57185],[-73.17399,-40.57138]]}},{"type":"Feature","properties":{"nombre":"Avenida Nueva Poniente","jerarquia":5},"geometry":{"type":"LineString","coordinates":[[-73.17399,-40.57138],[-73.17401,-40.57103]]}},{"type":"Feature","properties":{"nombre":"Avenida Nueva Poniente","jerarquia":5},"geometry":{"type":"LineString","coordinates":[[-73.17401,-40.57103],[-73.17387,-40.57079]]}},{"type":"Feature","properties":{"nombre":"Avenida Nueva Poniente","jerarquia":5},"geometry":{"type":"LineString","coordinates":[[-73.17387,-40.57079],[-73.17372,-40.57064],[-73.17328,-40.57037]]}},{"type":"Feature","properties":{"nombre":"Avenida República","jerarquia":5},"geometry":{"type":"LineString","coordinates":[[-73.17285,-40.5733],[-73.17351,-40.57339]]}},{"type":"Feature","properties":{"nombre":"Avenida República","jerarquia":5},"geometry":{"type":"LineString","coordinates":[[-73.1711,-40.57376],[-73.17159,-40.57354]]}},{"type":"Feature","properties":{"nombre":"Avenida República","jerarquia":5},"geometry":{"type":"LineString","coordinates":[[-73.17166,-40.57364],[-73.17108,-40.57389]]}},{"type":"Feature","properties":{"nombre":"12 de Octubre","jerarquia":5},"geometry":{"type":"LineString","coordinates":[[-73.16973,-40.56605],[-73.17018,-40.56593]]}},{"type":"Feature","properties":{"nombre":"12 de Octubre","jerarquia":5},"geometry":{"type":"LineString","coordinates":[[-73.17018,-40.56593],[-73.17151,-40.56555]]}},{"type":"Feature","properties":{"nombre":"12 de Octubre","jerarquia":5},"geometry":{"type":"LineString","coordinates":[[-73.17151,-40.56555],[-73.1716,-40.56552]]}},{"type":"Feature","properties":{"nombre":"Avenida República","jerarquia":3},"geometry":{"type":"LineString","coordinates":[[-73.15022,-40.57416],[-73.14972,-40.5742]]}},{"type":"Feature","properties":{"nombre":"Avenida República","jerarquia":3},"geometry":{"type":"LineString","coordinates":[[-73.15069,-40.57413],[-73.15022,-40.57416]]}},{"type":"Feature","properties":{"nombre":"Avenida República","jerarquia":3},"geometry":{"type":"LineString","coordinates":[[-73.14973,-40.57409],[-73.14986,-40.57408]]}},{"type":"Feature","properties":{"nombre":"Avenida República","jerarquia":3},"geometry":{"type":"LineString","coordinates":[[-73.14949,-40.5741],[-73.14973,-40.57409]]}},{"type":"Feature","properties":{"nombre":"Bellavista","jerarquia":4},"geometry":{"type":"LineString","coordinates":[[-73.16882,-40.56944],[-73.16943,-40.56936]]}},{"type":"Feature","properties":{"nombre":"Bellavista","jerarquia":4},"geometry":{"type":"LineString","coordinates":[[-73.16759,-40.56957],[-73.16868,-40.56946]]}},{"type":"Feature","properties":{"nombre":"Bellavista","jerarquia":4},"geometry":{"type":"LineString","coordinates":[[-73.16868,-40.56946],[-73.16874,-40.56945]]}},{"type":"Feature","properties":{"nombre":"Bellavista","jerarquia":4},"geometry":{"type":"LineString","coordinates":[[-73.16874,-40.56945],[-73.16882,-40.56944]]}},{"type":"Feature","properties":{"nombre":"Bellavista","jerarquia":4},"geometry":{"type":"LineString","coordinates":[[-73.16943,-40.56936],[-73.17069,-40.56916],[-73.1712,-40.56896]]}},{"type":"Feature","properties":{"nombre":"Guillermo Schencke","jerarquia":5},"geometry":{"type":"LineString","coordinates":[[-73.16031,-40.58487],[-73.16038,-40.58482]]}},{"type":"Feature","properties":{"nombre":"Guillermo Schencke","jerarquia":5},"geometry":{"type":"LineString","coordinates":[[-73.16038,-40.58482],[-73.16091,-40.58437]]}},{"type":"Feature","properties":{"nombre":"Guillermo Schencke","jerarquia":5},"geometry":{"type":"LineString","coordinates":[[-73.16091,-40.58437],[-73.16101,-40.5843]]}},{"type":"Feature","properties":{"nombre":"Guillermo Schencke","jerarquia":5},"geometry":{"type":"LineString","coordinates":[[-73.16101,-40.5843],[-73.16118,-40.58417]]}},{"type":"Feature","properties":{"nombre":"Guillermo Schencke","jerarquia":5},"geometry":{"type":"LineString","coordinates":[[-73.16118,-40.58417],[-73.16124,-40.58413]]}},{"type":"Feature","properties":{"nombre":"Guillermo Schencke","jerarquia":5},"geometry":{"type":"LineString","coordinates":[[-73.16124,-40.58413],[-73.16145,-40.58402]]}},{"type":"Feature","properties":{"nombre":"Walterio Meyer Rusca","jerarquia":5},"geometry":{"type":"LineString","coordinates":[[-73.17725,-40.5908],[-73.17689,-40.59055]]}},{"type":"Feature","properties":{"nombre":"Walterio Meyer Rusca","jerarquia":5},"geometry":{"type":"LineString","coordinates":[[-73.17689,-40.59055],[-73.17571,-40.58973]]}},{"type":"Feature","properties":{"nombre":"Avenida Real","jerarquia":3},"geometry":{"type":"LineString","coordinates":[[-73.17087,-40.59311],[-73.17038,-40.59261]]}},{"type":"Feature","properties":{"nombre":"Avenida Real","jerarquia":3},"geometry":{"type":"LineString","coordinates":[[-73.17038,-40.59261],[-73.1701,-40.59232]]}},{"type":"Feature","properties":{"nombre":"Avenida Real","jerarquia":3},"geometry":{"type":"LineString","coordinates":[[-73.1701,-40.59232],[-73.16996,-40.59215]]}},{"type":"Feature","properties":{"nombre":"Avenida Real","jerarquia":3},"geometry":{"type":"LineString","coordinates":[[-73.16996,-40.59215],[-73.1697,-40.59184]]}},{"type":"Feature","properties":{"nombre":"Avenida Real","jerarquia":3},"geometry":{"type":"LineString","coordinates":[[-73.1697,-40.59184],[-73.16945,-40.59154]]}},{"type":"Feature","properties":{"nombre":"Avenida Real","jerarquia":3},"geometry":{"type":"LineString","coordinates":[[-73.16945,-40.59154],[-73.16928,-40.59133]]}},{"type":"Feature","properties":{"nombre":"Avenida Real","jerarquia":3},"geometry":{"type":"LineString","coordinates":[[-73.17354,-40.59535],[-73.17346,-40.59514]]}},{"type":"Feature","properties":{"nombre":"Avenida Real","jerarquia":3},"geometry":{"type":"LineString","coordinates":[[-73.17346,-40.59514],[-73.17331,-40.59482]]}},{"type":"Feature","properties":{"nombre":"Avenida Real","jerarquia":3},"geometry":{"type":"LineString","coordinates":[[-73.17331,-40.59482],[-73.17309,-40.59455]]}},{"type":"Feature","properties":{"nombre":"Avenida Real","jerarquia":3},"geometry":{"type":"LineString","coordinates":[[-73.17309,-40.59455],[-73.17304,-40.59448]]}},{"type":"Feature","properties":{"nombre":"Avenida Real","jerarquia":3},"geometry":{"type":"LineString","coordinates":[[-73.17304,-40.59448],[-73.17248,-40.59412]]}},{"type":"Feature","properties":{"nombre":"Avenida Real","jerarquia":3},"geometry":{"type":"LineString","coordinates":[[-73.17248,-40.59412],[-73.17222,-40.59397]]}},{"type":"Feature","properties":{"nombre":"Avenida Real","jerarquia":3},"geometry":{"type":"LineString","coordinates":[[-73.17222,-40.59397],[-73.17211,-40.59393]]}},{"type":"Feature","properties":{"nombre":"Avenida Real","jerarquia":3},"geometry":{"type":"LineString","coordinates":[[-73.17211,-40.59393],[-73.17188,-40.59381]]}},{"type":"Feature","properties":{"nombre":"Avenida Real","jerarquia":3},"geometry":{"type":"LineString","coordinates":[[-73.17188,-40.59381],[-73.17179,-40.59377]]}},{"type":"Feature","properties":{"nombre":"Avenida Real","jerarquia":3},"geometry":{"type":"LineString","coordinates":[[-73.17179,-40.59377],[-73.17144,-40.59358]]}},{"type":"Feature","properties":{"nombre":"Avenida Real","jerarquia":3},"geometry":{"type":"LineString","coordinates":[[-73.17144,-40.59358],[-73.17087,-40.59311]]}},{"type":"Feature","properties":{"nombre":"Acapulco","jerarquia":5},"geometry":{"type":"LineString","coordinates":[[-73.1789,-40.58642],[-73.17865,-40.58602]]}},{"type":"Feature","properties":{"nombre":"Acapulco","jerarquia":5},"geometry":{"type":"LineString","coordinates":[[-73.17865,-40.58602],[-73.1785,-40.58578]]}},{"type":"Feature","properties":{"nombre":"Acapulco","jerarquia":5},"geometry":{"type":"LineString","coordinates":[[-73.1785,-40.58578],[-73.17841,-40.58563]]}},{"type":"Feature","properties":{"nombre":"Acapulco","jerarquia":5},"geometry":{"type":"LineString","coordinates":[[-73.17841,-40.58563],[-73.17812,-40.58517]]}},{"type":"Feature","properties":{"nombre":"Acapulco","jerarquia":5},"geometry":{"type":"LineString","coordinates":[[-73.17812,-40.58517],[-73.17765,-40.58441]]}},{"type":"Feature","properties":{"nombre":"San Agustín","jerarquia":5},"geometry":{"type":"LineString","coordinates":[[-73.1772,-40.58822],[-73.17699,-40.58855]]}},{"type":"Feature","properties":{"nombre":"San Agustín","jerarquia":5},"geometry":{"type":"LineString","coordinates":[[-73.1778,-40.58758],[-73.1772,-40.58822]]}},{"type":"Feature","properties":{"nombre":"San Agustín","jerarquia":5},"geometry":{"type":"LineString","coordinates":[[-73.1789,-40.58642],[-73.17825,-40.58711]]}},{"type":"Feature","properties":{"nombre":"San Agustín","jerarquia":5},"geometry":{"type":"LineString","coordinates":[[-73.17825,-40.58711],[-73.1778,-40.58758]]}},{"type":"Feature","properties":{"nombre":"Avenida César Ercilla","jerarquia":4},"geometry":{"type":"LineString","coordinates":[[-73.11816,-40.58246],[-73.11876,-40.58297]]}},{"type":"Feature","properties":{"nombre":"Avenida César Ercilla","jerarquia":4},"geometry":{"type":"LineString","coordinates":[[-73.11734,-40.58179],[-73.11816,-40.58246]]}},{"type":"Feature","properties":{"nombre":"Avenida César Ercilla","jerarquia":4},"geometry":{"type":"LineString","coordinates":[[-73.11866,-40.58304],[-73.11806,-40.58254]]}},{"type":"Feature","properties":{"nombre":"Avenida 18 de Septiembre","jerarquia":5},"geometry":{"type":"LineString","coordinates":[[-73.11722,-40.58618],[-73.11699,-40.58598]]}},{"type":"Feature","properties":{"nombre":"Avenida 18 de Septiembre","jerarquia":5},"geometry":{"type":"LineString","coordinates":[[-73.11699,-40.58598],[-73.11646,-40.58553]]}},{"type":"Feature","properties":{"nombre":"","jerarquia":4},"geometry":{"type":"LineString","coordinates":[[-73.12446,-40.58716],[-73.12438,-40.58724]]}},{"type":"Feature","properties":{"nombre":"","jerarquia":4},"geometry":{"type":"LineString","coordinates":[[-73.12581,-40.58772],[-73.12574,-40.5878]]}},{"type":"Feature","properties":{"nombre":"","jerarquia":4},"geometry":{"type":"LineString","coordinates":[[-73.12514,-40.58741],[-73.12507,-40.58749]]}},{"type":"Feature","properties":{"nombre":"Avenida César Ercilla","jerarquia":4},"geometry":{"type":"LineString","coordinates":[[-73.12404,-40.58713],[-73.12385,-40.58706]]}},{"type":"Feature","properties":{"nombre":"Avenida César Ercilla","jerarquia":4},"geometry":{"type":"LineString","coordinates":[[-73.12385,-40.58706],[-73.12374,-40.58702]]}},{"type":"Feature","properties":{"nombre":"Avenida César Ercilla","jerarquia":4},"geometry":{"type":"LineString","coordinates":[[-73.12342,-40.58671],[-73.12352,-40.58676]]}},{"type":"Feature","properties":{"nombre":"Avenida César Ercilla","jerarquia":4},"geometry":{"type":"LineString","coordinates":[[-73.12352,-40.58676],[-73.12374,-40.58689]]}},{"type":"Feature","properties":{"nombre":"Avenida César Ercilla","jerarquia":4},"geometry":{"type":"LineString","coordinates":[[-73.12374,-40.58689],[-73.12382,-40.58694]]}},{"type":"Feature","properties":{"nombre":"Avenida César Ercilla","jerarquia":4},"geometry":{"type":"LineString","coordinates":[[-73.12308,-40.58649],[-73.12342,-40.58671]]}},{"type":"Feature","properties":{"nombre":"Héroes de la Concepción","jerarquia":5},"geometry":{"type":"LineString","coordinates":[[-73.15127,-40.56673],[-73.15105,-40.56699]]}},{"type":"Feature","properties":{"nombre":"Héroes de la Concepción","jerarquia":5},"geometry":{"type":"LineString","coordinates":[[-73.15105,-40.56699],[-73.15097,-40.56708]]}},{"type":"Feature","properties":{"nombre":"Héroes de la Concepción","jerarquia":3},"geometry":{"type":"LineString","coordinates":[[-73.15003,-40.56778],[-73.14976,-40.56789]]}},{"type":"Feature","properties":{"nombre":"Héroes de la Concepción","jerarquia":3},"geometry":{"type":"LineString","coordinates":[[-73.14976,-40.56789],[-73.14949,-40.56797]]}},{"type":"Feature","properties":{"nombre":"Héroes de la Concepción","jerarquia":3},"geometry":{"type":"LineString","coordinates":[[-73.15092,-40.56713],[-73.15063,-40.56741]]}},{"type":"Feature","properties":{"nombre":"Héroes de la Concepción","jerarquia":3},"geometry":{"type":"LineString","coordinates":[[-73.14949,-40.56797],[-73.14995,-40.56775]]}},{"type":"Feature","properties":{"nombre":"Héroes de la Concepción","jerarquia":5},"geometry":{"type":"LineString","coordinates":[[-73.1516,-40.56611],[-73.15166,-40.566]]}},{"type":"Feature","properties":{"nombre":"Héroes de la Concepción","jerarquia":5},"geometry":{"type":"LineString","coordinates":[[-73.15166,-40.566],[-73.15205,-40.56525]]}},{"type":"Feature","properties":{"nombre":"Chauracawuin","jerarquia":3},"geometry":{"type":"LineString","coordinates":[[-73.1514,-40.56725],[-73.15297,-40.56791]]}},{"type":"Feature","properties":{"nombre":"Chauracawuin","jerarquia":3},"geometry":{"type":"LineString","coordinates":[[-73.15297,-40.56791],[-73.15136,-40.56732]]}},{"type":"Feature","properties":{"nombre":"Guillermo Francke","jerarquia":4},"geometry":{"type":"LineString","coordinates":[[-73.14615,-40.5702],[-73.14698,-40.56879]]}},{"type":"Feature","properties":{"nombre":"Guillermo Francke","jerarquia":4},"geometry":{"type":"LineString","coordinates":[[-73.14698,-40.56879],[-73.14713,-40.56852]]}},{"type":"Feature","properties":{"nombre":"Guillermo Francke","jerarquia":4},"geometry":{"type":"LineString","coordinates":[[-73.14713,-40.56852],[-73.14734,-40.56813]]}},{"type":"Feature","properties":{"nombre":"Diego de Almagro","jerarquia":4},"geometry":{"type":"LineString","coordinates":[[-73.10752,-40.58233],[-73.10819,-40.5829]]}},{"type":"Feature","properties":{"nombre":"Amador Barrientos","jerarquia":5},"geometry":{"type":"LineString","coordinates":[[-73.10752,-40.58233],[-73.10823,-40.58176]]}},{"type":"Feature","properties":{"nombre":"Amador Barrientos","jerarquia":5},"geometry":{"type":"LineString","coordinates":[[-73.10739,-40.58242],[-73.10752,-40.58233]]}},{"type":"Feature","properties":{"nombre":"","jerarquia":4},"geometry":{"type":"LineString","coordinates":[[-73.10807,-40.58298],[-73.10819,-40.5829]]}},{"type":"Feature","properties":{"nombre":"Diego de Almagro","jerarquia":4},"geometry":{"type":"LineString","coordinates":[[-73.10807,-40.58298],[-73.10747,-40.58249]]}},{"type":"Feature","properties":{"nombre":"Diego de Almagro","jerarquia":4},"geometry":{"type":"LineString","coordinates":[[-73.10747,-40.58249],[-73.10739,-40.58242]]}},{"type":"Feature","properties":{"nombre":"Gregorio Argomedo","jerarquia":4},"geometry":{"type":"LineString","coordinates":[[-73.1074,-40.58232],[-73.10664,-40.58147]]}},{"type":"Feature","properties":{"nombre":"Gregorio Argomedo","jerarquia":4},"geometry":{"type":"LineString","coordinates":[[-73.106,-40.58071],[-73.10549,-40.58013]]}},{"type":"Feature","properties":{"nombre":"Gregorio Argomedo","jerarquia":4},"geometry":{"type":"LineString","coordinates":[[-73.10664,-40.58147],[-73.10622,-40.58096]]}},{"type":"Feature","properties":{"nombre":"Gregorio Argomedo","jerarquia":4},"geometry":{"type":"LineString","coordinates":[[-73.10622,-40.58096],[-73.106,-40.58071]]}},{"type":"Feature","properties":{"nombre":"Ruta 215 CH","jerarquia":2},"geometry":{"type":"LineString","coordinates":[[-73.04473,-40.60522],[-73.04608,-40.60514]]}},{"type":"Feature","properties":{"nombre":"Ruta 215 CH","jerarquia":2},"geometry":{"type":"LineString","coordinates":[[-73.04665,-40.60519],[-73.04474,-40.60533]]}},{"type":"Feature","properties":{"nombre":"Ruta 215 CH","jerarquia":2},"geometry":{"type":"LineString","coordinates":[[-73.04474,-40.60533],[-73.04362,-40.6054]]}},{"type":"Feature","properties":{"nombre":"Ruta 215 CH","jerarquia":2},"geometry":{"type":"LineString","coordinates":[[-73.04278,-40.60534],[-73.04473,-40.60522]]}},{"type":"Feature","properties":{"nombre":"Ruta 215 CH","jerarquia":2},"geometry":{"type":"LineString","coordinates":[[-73.04147,-40.60546],[-73.04278,-40.60534]]}},{"type":"Feature","properties":{"nombre":"Ruta 215 CH","jerarquia":2},"geometry":{"type":"LineString","coordinates":[[-73.04779,-40.60508],[-73.04665,-40.60519]]}},{"type":"Feature","properties":{"nombre":"Ruta 215 CH","jerarquia":2},"geometry":{"type":"LineString","coordinates":[[-73.04362,-40.6054],[-73.04147,-40.60546]]}},{"type":"Feature","properties":{"nombre":"Ruta 215 CH","jerarquia":2},"geometry":{"type":"LineString","coordinates":[[-73.04608,-40.60514],[-73.04779,-40.60508]]}},{"type":"Feature","properties":{"nombre":"Ruta 215 CH","jerarquia":2},"geometry":{"type":"LineString","coordinates":[[-73.04147,-40.60546],[-73.04047,-40.60552]]}},{"type":"Feature","properties":{"nombre":"Alcalde Alberto Fuchslocher","jerarquia":5},"geometry":{"type":"LineString","coordinates":[[-73.08475,-40.58781],[-73.08487,-40.58774]]}},{"type":"Feature","properties":{"nombre":"Alcalde Alberto Fuchslocher","jerarquia":5},"geometry":{"type":"LineString","coordinates":[[-73.08407,-40.58816],[-73.08466,-40.58785]]}},{"type":"Feature","properties":{"nombre":"Alcalde Alberto Fuchslocher","jerarquia":5},"geometry":{"type":"LineString","coordinates":[[-73.08466,-40.58785],[-73.08475,-40.58781]]}},{"type":"Feature","properties":{"nombre":"Alcalde Alberto Fuchslocher","jerarquia":2},"geometry":{"type":"LineString","coordinates":[[-73.08495,-40.58784],[-73.08606,-40.58725]]}},{"type":"Feature","properties":{"nombre":"","jerarquia":2},"geometry":{"type":"LineString","coordinates":[[-73.08613,-40.58733],[-73.08608,-40.58727]]}},{"type":"Feature","properties":{"nombre":"","jerarquia":2},"geometry":{"type":"LineString","coordinates":[[-73.08608,-40.58727],[-73.08606,-40.58725]]}},{"type":"Feature","properties":{"nombre":"Alcalde Alberto Fuchslocher","jerarquia":2},"geometry":{"type":"LineString","coordinates":[[-73.08798,-40.58639],[-73.08773,-40.58652]]}},{"type":"Feature","properties":{"nombre":"","jerarquia":2},"geometry":{"type":"LineString","coordinates":[[-73.08483,-40.5879],[-73.08475,-40.58781]]}},{"type":"Feature","properties":{"nombre":"","jerarquia":2},"geometry":{"type":"LineString","coordinates":[[-73.08495,-40.58784],[-73.08503,-40.58793]]}},{"type":"Feature","properties":{"nombre":"Alcalde Alberto Fuchslocher","jerarquia":2},"geometry":{"type":"LineString","coordinates":[[-73.08483,-40.5879],[-73.08495,-40.58784]]}},{"type":"Feature","properties":{"nombre":"Alcalde Alberto Fuchslocher","jerarquia":2},"geometry":{"type":"LineString","coordinates":[[-73.0844,-40.58826],[-73.08383,-40.58856]]}},{"type":"Feature","properties":{"nombre":"Alcalde Alberto Fuchslocher","jerarquia":2},"geometry":{"type":"LineString","coordinates":[[-73.08353,-40.58858],[-73.08483,-40.5879]]}},{"type":"Feature","properties":{"nombre":"Alcalde Alberto Fuchslocher","jerarquia":2},"geometry":{"type":"LineString","coordinates":[[-73.08159,-40.5896],[-73.08295,-40.58888]]}},{"type":"Feature","properties":{"nombre":"Alcalde Alberto Fuchslocher","jerarquia":2},"geometry":{"type":"LineString","coordinates":[[-73.07971,-40.5906],[-73.08159,-40.5896]]}},{"type":"Feature","properties":{"nombre":"Alcalde Alberto Fuchslocher","jerarquia":2},"geometry":{"type":"LineString","coordinates":[[-73.0712,-40.5951],[-73.07242,-40.59445]]}},{"type":"Feature","properties":{"nombre":"Alcalde Alberto Fuchslocher","jerarquia":2},"geometry":{"type":"LineString","coordinates":[[-73.06732,-40.59716],[-73.0712,-40.5951]]}},{"type":"Feature","properties":{"nombre":"Ruta 215 CH","jerarquia":2},"geometry":{"type":"LineString","coordinates":[[-73.06649,-40.59755],[-73.06732,-40.59716]]}},{"type":"Feature","properties":{"nombre":"","jerarquia":2},"geometry":{"type":"LineString","coordinates":[[-73.09019,-40.58522],[-73.09025,-40.58532]]}},{"type":"Feature","properties":{"nombre":"Alcalde Alberto Fuchslocher","jerarquia":2},"geometry":{"type":"LineString","coordinates":[[-73.09088,-40.58485],[-73.09019,-40.58522]]}},{"type":"Feature","properties":{"nombre":"Alcalde Alberto Fuchslocher","jerarquia":2},"geometry":{"type":"LineString","coordinates":[[-73.08952,-40.58542],[-73.08986,-40.58524]]}},{"type":"Feature","properties":{"nombre":"Alcalde Alberto Fuchslocher","jerarquia":2},"geometry":{"type":"LineString","coordinates":[[-73.08799,-40.58624],[-73.08921,-40.58559]]}},{"type":"Feature","properties":{"nombre":"Alcalde Alberto Fuchslocher","jerarquia":2},"geometry":{"type":"LineString","coordinates":[[-73.08606,-40.58725],[-73.08799,-40.58624]]}},{"type":"Feature","properties":{"nombre":"Avenida 18 de Septiembre","jerarquia":5},"geometry":{"type":"LineString","coordinates":[[-73.10708,-40.57644],[-73.10734,-40.57713]]}},{"type":"Feature","properties":{"nombre":"Avenida Julio Buschmann","jerarquia":3},"geometry":{"type":"LineString","coordinates":[[-73.1074,-40.57726],[-73.10828,-40.57694]]}},{"type":"Feature","properties":{"nombre":"Avenida 18 de Septiembre","jerarquia":5},"geometry":{"type":"LineString","coordinates":[[-73.1074,-40.57726],[-73.10741,-40.57734]]}},{"type":"Feature","properties":{"nombre":"Avenida Julio Buschmann","jerarquia":3},"geometry":{"type":"LineString","coordinates":[[-73.10669,-40.57764],[-73.10511,-40.5783]]}},{"type":"Feature","properties":{"nombre":"Avenida Julio Buschmann","jerarquia":3},"geometry":{"type":"LineString","coordinates":[[-73.10511,-40.5783],[-73.10479,-40.57843]]}},{"type":"Feature","properties":{"nombre":"Avenida Julio Buschmann","jerarquia":3},"geometry":{"type":"LineString","coordinates":[[-73.10479,-40.57843],[-73.10436,-40.57861]]}},{"type":"Feature","properties":{"nombre":"Avenida Julio Buschmann","jerarquia":3},"geometry":{"type":"LineString","coordinates":[[-73.10436,-40.57861],[-73.10424,-40.57866]]}},{"type":"Feature","properties":{"nombre":"Avenida Julio Buschmann","jerarquia":3},"geometry":{"type":"LineString","coordinates":[[-73.10424,-40.57866],[-73.10393,-40.57879]]}},{"type":"Feature","properties":{"nombre":"Avenida 18 de Septiembre","jerarquia":5},"geometry":{"type":"LineString","coordinates":[[-73.10775,-40.57791],[-73.10741,-40.57734]]}},{"type":"Feature","properties":{"nombre":"Avenida 18 de Septiembre","jerarquia":5},"geometry":{"type":"LineString","coordinates":[[-73.10564,-40.57317],[-73.10525,-40.57214]]}},{"type":"Feature","properties":{"nombre":"Avenida Julio Buschmann","jerarquia":3},"geometry":{"type":"LineString","coordinates":[[-73.10038,-40.58043],[-73.10054,-40.58034]]}},{"type":"Feature","properties":{"nombre":"Avenida Julio Buschmann","jerarquia":3},"geometry":{"type":"LineString","coordinates":[[-73.10003,-40.58064],[-73.10038,-40.58043]]}},{"type":"Feature","properties":{"nombre":"Avenida Julio Buschmann","jerarquia":3},"geometry":{"type":"LineString","coordinates":[[-73.10292,-40.57925],[-73.10184,-40.57974]]}},{"type":"Feature","properties":{"nombre":"Avenida Julio Buschmann","jerarquia":3},"geometry":{"type":"LineString","coordinates":[[-73.10287,-40.57916],[-73.103,-40.5791]]}},{"type":"Feature","properties":{"nombre":"Avenida Julio Buschmann","jerarquia":3},"geometry":{"type":"LineString","coordinates":[[-73.10013,-40.58072],[-73.09964,-40.58104]]}},{"type":"Feature","properties":{"nombre":"Avenida Julio Buschmann","jerarquia":3},"geometry":{"type":"LineString","coordinates":[[-73.10184,-40.57974],[-73.10132,-40.58]]}},{"type":"Feature","properties":{"nombre":"Avenida Julio Buschmann","jerarquia":3},"geometry":{"type":"LineString","coordinates":[[-73.10132,-40.58],[-73.101,-40.58019]]}},{"type":"Feature","properties":{"nombre":"Avenida Julio Buschmann","jerarquia":3},"geometry":{"type":"LineString","coordinates":[[-73.10123,-40.57994],[-73.10287,-40.57916]]}},{"type":"Feature","properties":{"nombre":"Avenida Julio Buschmann","jerarquia":3},"geometry":{"type":"LineString","coordinates":[[-73.10054,-40.58034],[-73.10092,-40.58012]]}},{"type":"Feature","properties":{"nombre":"Alcalde Alberto Fuchslocher","jerarquia":2},"geometry":{"type":"LineString","coordinates":[[-73.09754,-40.58159],[-73.09732,-40.58161]]}},{"type":"Feature","properties":{"nombre":"Alcalde Alberto Fuchslocher","jerarquia":2},"geometry":{"type":"LineString","coordinates":[[-73.09554,-40.58243],[-73.09592,-40.58216]]}},{"type":"Feature","properties":{"nombre":"Alcalde Alberto Fuchslocher","jerarquia":2},"geometry":{"type":"LineString","coordinates":[[-73.0941,-40.5831],[-73.09496,-40.58272]]}},{"type":"Feature","properties":{"nombre":"Alcalde Alberto Fuchslocher","jerarquia":2},"geometry":{"type":"LineString","coordinates":[[-73.09336,-40.58344],[-73.0941,-40.5831]]}},{"type":"Feature","properties":{"nombre":"Alcalde Alberto Fuchslocher","jerarquia":2},"geometry":{"type":"LineString","coordinates":[[-73.09318,-40.58352],[-73.09336,-40.58344]]}},{"type":"Feature","properties":{"nombre":"Alcalde Alberto Fuchslocher","jerarquia":2},"geometry":{"type":"LineString","coordinates":[[-73.09262,-40.5838],[-73.09318,-40.58352]]}},{"type":"Feature","properties":{"nombre":"Alcalde Alberto Fuchslocher","jerarquia":2},"geometry":{"type":"LineString","coordinates":[[-73.08993,-40.5852],[-73.09262,-40.5838]]}},{"type":"Feature","properties":{"nombre":"Alcalde Alberto Fuchslocher","jerarquia":5},"geometry":{"type":"LineString","coordinates":[[-73.09328,-40.58329],[-73.094,-40.58296]]}},{"type":"Feature","properties":{"nombre":"Alcalde Alberto Fuchslocher","jerarquia":5},"geometry":{"type":"LineString","coordinates":[[-73.09004,-40.585],[-73.09328,-40.58329]]}},{"type":"Feature","properties":{"nombre":"Alcalde Alberto Fuchslocher","jerarquia":2},"geometry":{"type":"LineString","coordinates":[[-73.08986,-40.58524],[-73.08993,-40.5852]]}},{"type":"Feature","properties":{"nombre":"Alcalde Alberto Fuchslocher","jerarquia":2},"geometry":{"type":"LineString","coordinates":[[-73.08921,-40.58559],[-73.08952,-40.58542]]}},{"type":"Feature","properties":{"nombre":"Avenida César Ercilla","jerarquia":4},"geometry":{"type":"LineString","coordinates":[[-73.11153,-40.57629],[-73.11152,-40.57619]]}},{"type":"Feature","properties":{"nombre":"Buenos Aires","jerarquia":5},"geometry":{"type":"LineString","coordinates":[[-73.11459,-40.57615],[-73.11455,-40.5761]]}},{"type":"Feature","properties":{"nombre":"Avenida Julio Buschmann","jerarquia":3},"geometry":{"type":"LineString","coordinates":[[-73.11459,-40.57615],[-73.11454,-40.57616]]}},{"type":"Feature","properties":{"nombre":"Avenida Juan Mackenna","jerarquia":3},"geometry":{"type":"LineString","coordinates":[[-73.11924,-40.57533],[-73.12112,-40.57522]]}},{"type":"Feature","properties":{"nombre":"Avenida Juan Mackenna","jerarquia":3},"geometry":{"type":"LineString","coordinates":[[-73.11764,-40.57542],[-73.11924,-40.57533]]}},{"type":"Feature","properties":{"nombre":"Amunategui","jerarquia":5},"geometry":{"type":"LineString","coordinates":[[-73.1227,-40.57444],[-73.12276,-40.57504]]}},{"type":"Feature","properties":{"nombre":"Amunategui","jerarquia":5},"geometry":{"type":"LineString","coordinates":[[-73.12276,-40.57504],[-73.12277,-40.57515]]}},{"type":"Feature","properties":{"nombre":"Manuel Bulnes","jerarquia":4},"geometry":{"type":"LineString","coordinates":[[-73.13816,-40.57716],[-73.13817,-40.57708]]}},{"type":"Feature","properties":{"nombre":"Avenida Portales","jerarquia":3},"geometry":{"type":"LineString","coordinates":[[-73.13913,-40.57669],[-73.1389,-40.57684]]}},{"type":"Feature","properties":{"nombre":"Manuel Rodríguez","jerarquia":3},"geometry":{"type":"LineString","coordinates":[[-73.13816,-40.57716],[-73.13645,-40.57721]]}},{"type":"Feature","properties":{"nombre":"Manuel Rodríguez","jerarquia":3},"geometry":{"type":"LineString","coordinates":[[-73.13645,-40.57721],[-73.13638,-40.57721]]}},{"type":"Feature","properties":{"nombre":"Avenida Portales","jerarquia":3},"geometry":{"type":"LineString","coordinates":[[-73.1386,-40.57708],[-73.13857,-40.57716]]}},{"type":"Feature","properties":{"nombre":"Avenida Portales","jerarquia":4},"geometry":{"type":"LineString","coordinates":[[-73.14035,-40.5738],[-73.14034,-40.57406]]}},{"type":"Feature","properties":{"nombre":"Avenida Portales","jerarquia":4},"geometry":{"type":"LineString","coordinates":[[-73.14034,-40.57406],[-73.14032,-40.57429]]}},{"type":"Feature","properties":{"nombre":"","jerarquia":4},"geometry":{"type":"LineString","coordinates":[[-73.14036,-40.57349],[-73.14023,-40.57349]]}},{"type":"Feature","properties":{"nombre":"","jerarquia":4},"geometry":{"type":"LineString","coordinates":[[-73.14037,-40.57333],[-73.14024,-40.57332]]}},{"type":"Feature","properties":{"nombre":"Manuel Baquedano","jerarquia":5},"geometry":{"type":"LineString","coordinates":[[-73.1388,-40.57061],[-73.13891,-40.5705],[-73.1391,-40.5705]]}},{"type":"Feature","properties":{"nombre":"","jerarquia":5},"geometry":{"type":"LineString","coordinates":[[-73.1391,-40.5705],[-73.13911,-40.57046]]}},{"type":"Feature","properties":{"nombre":"","jerarquia":5},"geometry":{"type":"LineString","coordinates":[[-73.13964,-40.57054],[-73.13964,-40.5705]]}},{"type":"Feature","properties":{"nombre":"","jerarquia":5},"geometry":{"type":"LineString","coordinates":[[-73.14003,-40.57057],[-73.14004,-40.57053]]}},{"type":"Feature","properties":{"nombre":"Manuel Baquedano","jerarquia":5},"geometry":{"type":"LineString","coordinates":[[-73.1391,-40.5705],[-73.13964,-40.57054]]}},{"type":"Feature","properties":{"nombre":"Manuel Baquedano","jerarquia":5},"geometry":{"type":"LineString","coordinates":[[-73.13964,-40.57054],[-73.14003,-40.57057]]}},{"type":"Feature","properties":{"nombre":"Manuel Baquedano","jerarquia":5},"geometry":{"type":"LineString","coordinates":[[-73.14003,-40.57057],[-73.14036,-40.57067]]}},{"type":"Feature","properties":{"nombre":"Manuel Baquedano","jerarquia":5},"geometry":{"type":"LineString","coordinates":[[-73.13881,-40.57044],[-73.13907,-40.57045]]}},{"type":"Feature","properties":{"nombre":"Manuel Baquedano","jerarquia":5},"geometry":{"type":"LineString","coordinates":[[-73.13907,-40.57045],[-73.13911,-40.57046]]}},{"type":"Feature","properties":{"nombre":"","jerarquia":5},"geometry":{"type":"LineString","coordinates":[[-73.13886,-40.57022],[-73.13894,-40.57036]]}},{"type":"Feature","properties":{"nombre":"","jerarquia":5},"geometry":{"type":"LineString","coordinates":[[-73.13894,-40.57036],[-73.13907,-40.57045]]}},{"type":"Feature","properties":{"nombre":"Manuel Baquedano","jerarquia":5},"geometry":{"type":"LineString","coordinates":[[-73.13708,-40.57047],[-73.13831,-40.57045]]}},{"type":"Feature","properties":{"nombre":"Manuel Baquedano","jerarquia":5},"geometry":{"type":"LineString","coordinates":[[-73.13831,-40.57045],[-73.13858,-40.57044]]}},{"type":"Feature","properties":{"nombre":"Manuel Baquedano","jerarquia":5},"geometry":{"type":"LineString","coordinates":[[-73.13858,-40.57044],[-73.13881,-40.57044]]}},{"type":"Feature","properties":{"nombre":"Manuel Baquedano","jerarquia":5},"geometry":{"type":"LineString","coordinates":[[-73.13603,-40.57051],[-73.13647,-40.5705]]}},{"type":"Feature","properties":{"nombre":"Manuel Baquedano","jerarquia":5},"geometry":{"type":"LineString","coordinates":[[-73.13647,-40.5705],[-73.13708,-40.57047]]}},{"type":"Feature","properties":{"nombre":"Avenida Ignacio Zenteno","jerarquia":4},"geometry":{"type":"LineString","coordinates":[[-73.12292,-40.5764],[-73.12301,-40.57719]]}},{"type":"Feature","properties":{"nombre":"Manuel Rodríguez","jerarquia":3},"geometry":{"type":"LineString","coordinates":[[-73.12925,-40.57744],[-73.12837,-40.57747]]}},{"type":"Feature","properties":{"nombre":"Manuel Rodríguez","jerarquia":3},"geometry":{"type":"LineString","coordinates":[[-73.1346,-40.57721],[-73.13563,-40.57717]]}},{"type":"Feature","properties":{"nombre":"Manuel Rodríguez","jerarquia":3},"geometry":{"type":"LineString","coordinates":[[-73.13638,-40.57721],[-73.13469,-40.57728]]}},{"type":"Feature","properties":{"nombre":"Manuel Rodríguez","jerarquia":3},"geometry":{"type":"LineString","coordinates":[[-73.13469,-40.57728],[-73.13459,-40.57728]]}},{"type":"Feature","properties":{"nombre":"Manuel Rodríguez","jerarquia":3},"geometry":{"type":"LineString","coordinates":[[-73.13563,-40.57717],[-73.13634,-40.57714]]}},{"type":"Feature","properties":{"nombre":"Manuel Rodríguez","jerarquia":3},"geometry":{"type":"LineString","coordinates":[[-73.13634,-40.57714],[-73.13639,-40.57714]]}},{"type":"Feature","properties":{"nombre":"Manuel Rodríguez","jerarquia":3},"geometry":{"type":"LineString","coordinates":[[-73.1328,-40.57727],[-73.13452,-40.57722]]}},{"type":"Feature","properties":{"nombre":"Manuel Rodríguez","jerarquia":3},"geometry":{"type":"LineString","coordinates":[[-73.13452,-40.57722],[-73.1346,-40.57721]]}},{"type":"Feature","properties":{"nombre":"Manuel Rodríguez","jerarquia":3},"geometry":{"type":"LineString","coordinates":[[-73.13109,-40.5773],[-73.13267,-40.57727]]}},{"type":"Feature","properties":{"nombre":"Manuel Rodríguez","jerarquia":3},"geometry":{"type":"LineString","coordinates":[[-73.13267,-40.57727],[-73.1328,-40.57727]]}},{"type":"Feature","properties":{"nombre":"Manuel Rodríguez","jerarquia":3},"geometry":{"type":"LineString","coordinates":[[-73.12926,-40.57736],[-73.13093,-40.57731]]}},{"type":"Feature","properties":{"nombre":"Manuel Rodríguez","jerarquia":3},"geometry":{"type":"LineString","coordinates":[[-73.13093,-40.57731],[-73.13109,-40.5773]]}},{"type":"Feature","properties":{"nombre":"Arturo Prat","jerarquia":4},"geometry":{"type":"LineString","coordinates":[[-73.12926,-40.57736],[-73.12925,-40.57744]]}},{"type":"Feature","properties":{"nombre":"Manuel Rodríguez","jerarquia":3},"geometry":{"type":"LineString","coordinates":[[-73.12836,-40.57738],[-73.12854,-40.57738]]}},{"type":"Feature","properties":{"nombre":"Manuel Rodríguez","jerarquia":3},"geometry":{"type":"LineString","coordinates":[[-73.12854,-40.57738],[-73.12912,-40.57736]]}},{"type":"Feature","properties":{"nombre":"Manuel Rodríguez","jerarquia":3},"geometry":{"type":"LineString","coordinates":[[-73.12912,-40.57736],[-73.12926,-40.57736]]}},{"type":"Feature","properties":{"nombre":"Manuel Rodríguez","jerarquia":3},"geometry":{"type":"LineString","coordinates":[[-73.12647,-40.57759],[-73.12476,-40.57768]]}},{"type":"Feature","properties":{"nombre":"Manuel Rodríguez","jerarquia":3},"geometry":{"type":"LineString","coordinates":[[-73.12837,-40.57747],[-73.12799,-40.57749]]}},{"type":"Feature","properties":{"nombre":"Geisse","jerarquia":5},"geometry":{"type":"LineString","coordinates":[[-73.12647,-40.57759],[-73.12646,-40.5775]]}},{"type":"Feature","properties":{"nombre":"Manuel Rodríguez","jerarquia":3},"geometry":{"type":"LineString","coordinates":[[-73.12475,-40.57759],[-73.12646,-40.5775]]}},{"type":"Feature","properties":{"nombre":"Avenida Ignacio Zenteno","jerarquia":4},"geometry":{"type":"LineString","coordinates":[[-73.1228,-40.57541],[-73.1229,-40.57629]]}},{"type":"Feature","properties":{"nombre":"Avenida Ignacio Zenteno","jerarquia":4},"geometry":{"type":"LineString","coordinates":[[-73.1229,-40.57629],[-73.12292,-40.5764]]}},{"type":"Feature","properties":{"nombre":"Arturo Prat","jerarquia":4},"geometry":{"type":"LineString","coordinates":[[-73.12898,-40.57975],[-73.12882,-40.58114]]}},{"type":"Feature","properties":{"nombre":"Arturo Prat","jerarquia":4},"geometry":{"type":"LineString","coordinates":[[-73.1291,-40.57874],[-73.12898,-40.57975]]}},{"type":"Feature","properties":{"nombre":"Puente San Pablo","jerarquia":4},"geometry":{"type":"LineString","coordinates":[[-73.14649,-40.58041],[-73.14638,-40.5806]]}},{"type":"Feature","properties":{"nombre":"Inés de Suárez","jerarquia":4},"geometry":{"type":"LineString","coordinates":[[-73.14234,-40.58005],[-73.14281,-40.58012]]}},{"type":"Feature","properties":{"nombre":"Inés de Suárez","jerarquia":4},"geometry":{"type":"LineString","coordinates":[[-73.14179,-40.57998],[-73.1399,-40.57972]]}},{"type":"Feature","properties":{"nombre":"Inés de Suárez","jerarquia":4},"geometry":{"type":"LineString","coordinates":[[-73.13905,-40.57956],[-73.13947,-40.57962]]}},{"type":"Feature","properties":{"nombre":"Inés de Suárez","jerarquia":4},"geometry":{"type":"LineString","coordinates":[[-73.13831,-40.57858],[-73.1383,-40.57761],[-73.13818,-40.57727]]}},{"type":"Feature","properties":{"nombre":"Inés de Suárez","jerarquia":4},"geometry":{"type":"LineString","coordinates":[[-73.13851,-40.57731],[-73.13841,-40.5778],[-73.13841,-40.57858]]}},{"type":"Feature","properties":{"nombre":"Inés de Suárez","jerarquia":4},"geometry":{"type":"LineString","coordinates":[[-73.14179,-40.57998],[-73.14234,-40.58005]]}},{"type":"Feature","properties":{"nombre":"Avenida Guillermo Bühler","jerarquia":4},"geometry":{"type":"LineString","coordinates":[[-73.12532,-40.5901],[-73.12527,-40.59165]]}},{"type":"Feature","properties":{"nombre":"Inés de Suárez","jerarquia":4},"geometry":{"type":"LineString","coordinates":[[-73.13976,-40.5797],[-73.13901,-40.57965]]}},{"type":"Feature","properties":{"nombre":"Avenida Guillermo Bühler","jerarquia":4},"geometry":{"type":"LineString","coordinates":[[-73.12587,-40.58909],[-73.12532,-40.5901]]}},{"type":"Feature","properties":{"nombre":"Avenida Guillermo Bühler","jerarquia":4},"geometry":{"type":"LineString","coordinates":[[-73.12648,-40.58803],[-73.12643,-40.58812]]}},{"type":"Feature","properties":{"nombre":"Avenida Guillermo Bühler","jerarquia":4},"geometry":{"type":"LineString","coordinates":[[-73.12668,-40.58767],[-73.12653,-40.58795]]}},{"type":"Feature","properties":{"nombre":"Avenida Guillermo Bühler","jerarquia":4},"geometry":{"type":"LineString","coordinates":[[-73.12653,-40.58795],[-73.12648,-40.58803]]}},{"type":"Feature","properties":{"nombre":"Avenida Guillermo Bühler","jerarquia":4},"geometry":{"type":"LineString","coordinates":[[-73.1287,-40.5861],[-73.12829,-40.5864]]}},{"type":"Feature","properties":{"nombre":"Avenida Guillermo Bühler","jerarquia":4},"geometry":{"type":"LineString","coordinates":[[-73.12829,-40.5864],[-73.1281,-40.58653]]}},{"type":"Feature","properties":{"nombre":"Avenida Guillermo Bühler","jerarquia":4},"geometry":{"type":"LineString","coordinates":[[-73.12315,-40.59684],[-73.12312,-40.59712]]}},{"type":"Feature","properties":{"nombre":"Avenida Guillermo Bühler","jerarquia":4},"geometry":{"type":"LineString","coordinates":[[-73.12322,-40.59612],[-73.12315,-40.59684]]}},{"type":"Feature","properties":{"nombre":"Avenida Guillermo Bühler","jerarquia":4},"geometry":{"type":"LineString","coordinates":[[-73.12374,-40.5944],[-73.12369,-40.59449]]}},{"type":"Feature","properties":{"nombre":"Avenida Guillermo Bühler","jerarquia":4},"geometry":{"type":"LineString","coordinates":[[-73.12385,-40.59429],[-73.12374,-40.5944]]}},{"type":"Feature","properties":{"nombre":"Avenida Guillermo Bühler","jerarquia":4},"geometry":{"type":"LineString","coordinates":[[-73.12453,-40.59384],[-73.12385,-40.59429]]}},{"type":"Feature","properties":{"nombre":"Ruta U-508","jerarquia":5},"geometry":{"type":"LineString","coordinates":[[-73.12625,-40.62312],[-73.12747,-40.62259]]}},{"type":"Feature","properties":{"nombre":"Camino Las Quemas - Osorno","jerarquia":4},"geometry":{"type":"LineString","coordinates":[[-73.12244,-40.61137],[-73.12274,-40.60944]]}},{"type":"Feature","properties":{"nombre":"Camino Las Quemas - Osorno","jerarquia":4},"geometry":{"type":"LineString","coordinates":[[-73.12242,-40.61157],[-73.12244,-40.61137]]}},{"type":"Feature","properties":{"nombre":"Camino Las Quemas - Osorno","jerarquia":4},"geometry":{"type":"LineString","coordinates":[[-73.12274,-40.60944],[-73.12302,-40.60821],[-73.12316,-40.60781],[-73.12407,-40.60622]]}},{"type":"Feature","properties":{"nombre":"Camino Las Quemas - Osorno","jerarquia":4},"geometry":{"type":"LineString","coordinates":[[-73.12407,-40.60622],[-73.12416,-40.60607]]}},{"type":"Feature","properties":{"nombre":"Camino Las Quemas - Osorno","jerarquia":4},"geometry":{"type":"LineString","coordinates":[[-73.12416,-40.60607],[-73.12455,-40.60545]]}},{"type":"Feature","properties":{"nombre":"Camino Las Quemas - Osorno","jerarquia":4},"geometry":{"type":"LineString","coordinates":[[-73.12502,-40.60465],[-73.12506,-40.60447],[-73.12502,-40.60428]]}},{"type":"Feature","properties":{"nombre":"Camino Las Quemas - Osorno","jerarquia":4},"geometry":{"type":"LineString","coordinates":[[-73.12468,-40.60524],[-73.12471,-40.60519]]}},{"type":"Feature","properties":{"nombre":"Camino Las Quemas - Osorno","jerarquia":4},"geometry":{"type":"LineString","coordinates":[[-73.12471,-40.60519],[-73.12502,-40.60465]]}},{"type":"Feature","properties":{"nombre":"Camino Las Quemas - Osorno","jerarquia":4},"geometry":{"type":"LineString","coordinates":[[-73.12371,-40.60054],[-73.12344,-40.59909]]}},{"type":"Feature","properties":{"nombre":"Camino Las Quemas - Osorno","jerarquia":4},"geometry":{"type":"LineString","coordinates":[[-73.12344,-40.59909],[-73.1231,-40.5976],[-73.12312,-40.59712]]}},{"type":"Feature","properties":{"nombre":"Pilauco","jerarquia":3},"geometry":{"type":"LineString","coordinates":[[-73.11988,-40.56431],[-73.12057,-40.56435]]}},{"type":"Feature","properties":{"nombre":"Pilauco","jerarquia":3},"geometry":{"type":"LineString","coordinates":[[-73.11851,-40.56422],[-73.11925,-40.56427]]}},{"type":"Feature","properties":{"nombre":"Pilauco","jerarquia":3},"geometry":{"type":"LineString","coordinates":[[-73.12057,-40.56435],[-73.12263,-40.56452]]}},{"type":"Feature","properties":{"nombre":"Pilauco","jerarquia":3},"geometry":{"type":"LineString","coordinates":[[-73.11925,-40.56427],[-73.11954,-40.56429]]}},{"type":"Feature","properties":{"nombre":"Pilauco","jerarquia":3},"geometry":{"type":"LineString","coordinates":[[-73.11954,-40.56429],[-73.11963,-40.56429]]}},{"type":"Feature","properties":{"nombre":"Pilauco","jerarquia":3},"geometry":{"type":"LineString","coordinates":[[-73.11963,-40.56429],[-73.11988,-40.56431]]}},{"type":"Feature","properties":{"nombre":"Pilauco","jerarquia":3},"geometry":{"type":"LineString","coordinates":[[-73.12056,-40.56442],[-73.11963,-40.56436]]}},{"type":"Feature","properties":{"nombre":"Pilauco","jerarquia":3},"geometry":{"type":"LineString","coordinates":[[-73.11953,-40.56436],[-73.11849,-40.5643]]}},{"type":"Feature","properties":{"nombre":"Pilauco","jerarquia":3},"geometry":{"type":"LineString","coordinates":[[-73.11849,-40.5643],[-73.11792,-40.56416]]}},{"type":"Feature","properties":{"nombre":"Pilauco","jerarquia":3},"geometry":{"type":"LineString","coordinates":[[-73.11963,-40.56436],[-73.11953,-40.56436]]}},{"type":"Feature","properties":{"nombre":"Pilauco","jerarquia":3},"geometry":{"type":"LineString","coordinates":[[-73.10065,-40.56201],[-73.10129,-40.56224]]}},{"type":"Feature","properties":{"nombre":"Pilauco","jerarquia":3},"geometry":{"type":"LineString","coordinates":[[-73.10227,-40.56245],[-73.10253,-40.5625]]}},{"type":"Feature","properties":{"nombre":"Pilauco","jerarquia":3},"geometry":{"type":"LineString","coordinates":[[-73.10279,-40.56255],[-73.10348,-40.56266]]}},{"type":"Feature","properties":{"nombre":"Pilauco","jerarquia":3},"geometry":{"type":"LineString","coordinates":[[-73.10253,-40.5625],[-73.10279,-40.56255]]}},{"type":"Feature","properties":{"nombre":"Pilauco","jerarquia":3},"geometry":{"type":"LineString","coordinates":[[-73.1017,-40.56234],[-73.10227,-40.56245]]}},{"type":"Feature","properties":{"nombre":"Pilauco","jerarquia":3},"geometry":{"type":"LineString","coordinates":[[-73.10129,-40.56224],[-73.1017,-40.56234]]}},{"type":"Feature","properties":{"nombre":"Avenida Francia","jerarquia":4},"geometry":{"type":"LineString","coordinates":[[-73.10479,-40.59051],[-73.10395,-40.58994]]}},{"type":"Feature","properties":{"nombre":"Avenida Francia","jerarquia":4},"geometry":{"type":"LineString","coordinates":[[-73.10395,-40.58994],[-73.10391,-40.58991]]}},{"type":"Feature","properties":{"nombre":"Avenida Francia","jerarquia":4},"geometry":{"type":"LineString","coordinates":[[-73.10391,-40.58991],[-73.10384,-40.58987]]}},{"type":"Feature","properties":{"nombre":"Avenida Francia","jerarquia":4},"geometry":{"type":"LineString","coordinates":[[-73.10384,-40.58987],[-73.10323,-40.58946]]}},{"type":"Feature","properties":{"nombre":"Avenida Alcalde René Soriano Bórquez","jerarquia":3},"geometry":{"type":"LineString","coordinates":[[-73.10261,-40.58816],[-73.10222,-40.58852]]}},{"type":"Feature","properties":{"nombre":"Avenida Alcalde René Soriano Bórquez","jerarquia":3},"geometry":{"type":"LineString","coordinates":[[-73.10222,-40.58852],[-73.10213,-40.5886]]}},{"type":"Feature","properties":{"nombre":"Avenida Alcalde René Soriano Bórquez","jerarquia":3},"geometry":{"type":"LineString","coordinates":[[-73.10359,-40.58731],[-73.10301,-40.5878]]}},{"type":"Feature","properties":{"nombre":"Avenida Alcalde René Soriano Bórquez","jerarquia":3},"geometry":{"type":"LineString","coordinates":[[-73.10213,-40.5886],[-73.10206,-40.58867]]}},{"type":"Feature","properties":{"nombre":"Avenida Francia","jerarquia":4},"geometry":{"type":"LineString","coordinates":[[-73.10191,-40.58845],[-73.10207,-40.58855]]}},{"type":"Feature","properties":{"nombre":"Avenida Francia","jerarquia":4},"geometry":{"type":"LineString","coordinates":[[-73.10207,-40.58855],[-73.10213,-40.5886]]}},{"type":"Feature","properties":{"nombre":"Avenida Francia","jerarquia":4},"geometry":{"type":"LineString","coordinates":[[-73.10206,-40.58867],[-73.10192,-40.58857]]}},{"type":"Feature","properties":{"nombre":"Avenida Francia","jerarquia":4},"geometry":{"type":"LineString","coordinates":[[-73.10192,-40.58857],[-73.10184,-40.58852]]}},{"type":"Feature","properties":{"nombre":"Avenida Alcalde René Soriano Bórquez","jerarquia":3},"geometry":{"type":"LineString","coordinates":[[-73.10133,-40.58904],[-73.10181,-40.58856]]}},{"type":"Feature","properties":{"nombre":"Avenida Alcalde René Soriano Bórquez","jerarquia":3},"geometry":{"type":"LineString","coordinates":[[-73.10181,-40.58856],[-73.10184,-40.58852]]}},{"type":"Feature","properties":{"nombre":"Avenida Alcalde René Soriano Bórquez","jerarquia":3},"geometry":{"type":"LineString","coordinates":[[-73.10994,-40.58291],[-73.10912,-40.58348]]}},{"type":"Feature","properties":{"nombre":"Avenida Alcalde René Soriano Bórquez","jerarquia":3},"geometry":{"type":"LineString","coordinates":[[-73.10912,-40.58348],[-73.10898,-40.58357]]}},{"type":"Feature","properties":{"nombre":"Avenida Alcalde René Soriano Bórquez","jerarquia":3},"geometry":{"type":"LineString","coordinates":[[-73.10748,-40.58425],[-73.10849,-40.58357]]}},{"type":"Feature","properties":{"nombre":"Avenida Alcalde René Soriano Bórquez","jerarquia":3},"geometry":{"type":"LineString","coordinates":[[-73.10849,-40.58357],[-73.10865,-40.58346]]}},{"type":"Feature","properties":{"nombre":"Avenida Alcalde René Soriano Bórquez","jerarquia":3},"geometry":{"type":"LineString","coordinates":[[-73.10865,-40.58346],[-73.10876,-40.58339]]}},{"type":"Feature","properties":{"nombre":"","jerarquia":3},"geometry":{"type":"LineString","coordinates":[[-73.11114,-40.58176],[-73.11121,-40.58182]]}},{"type":"Feature","properties":{"nombre":"","jerarquia":3},"geometry":{"type":"LineString","coordinates":[[-73.11121,-40.58182],[-73.1113,-40.5819]]}},{"type":"Feature","properties":{"nombre":"","jerarquia":3},"geometry":{"type":"LineString","coordinates":[[-73.1113,-40.5819],[-73.11135,-40.58195]]}},{"type":"Feature","properties":{"nombre":"Avenida Alcalde René Soriano Bórquez","jerarquia":3},"geometry":{"type":"LineString","coordinates":[[-73.11183,-40.58129],[-73.11344,-40.58019]]}},{"type":"Feature","properties":{"nombre":"Avenida Alcalde René Soriano Bórquez","jerarquia":3},"geometry":{"type":"LineString","coordinates":[[-73.11344,-40.58019],[-73.11427,-40.57963]]}},{"type":"Feature","properties":{"nombre":"Avenida Alcalde René Soriano Bórquez","jerarquia":3},"geometry":{"type":"LineString","coordinates":[[-73.11427,-40.57963],[-73.11441,-40.57953]]}},{"type":"Feature","properties":{"nombre":"Avenida César Ercilla","jerarquia":4},"geometry":{"type":"LineString","coordinates":[[-73.11441,-40.57953],[-73.11364,-40.57889]]}},{"type":"Feature","properties":{"nombre":"Avenida César Ercilla","jerarquia":4},"geometry":{"type":"LineString","coordinates":[[-73.11364,-40.57889],[-73.1128,-40.57821]]}},{"type":"Feature","properties":{"nombre":"Avenida César Ercilla","jerarquia":4},"geometry":{"type":"LineString","coordinates":[[-73.1128,-40.57821],[-73.11271,-40.57814]]}},{"type":"Feature","properties":{"nombre":"Avenida Alcalde René Soriano Bórquez","jerarquia":3},"geometry":{"type":"LineString","coordinates":[[-73.11474,-40.57963],[-73.11463,-40.57971]]}},{"type":"Feature","properties":{"nombre":"Avenida Alcalde René Soriano Bórquez","jerarquia":3},"geometry":{"type":"LineString","coordinates":[[-73.11611,-40.57869],[-73.11577,-40.57893]]}},{"type":"Feature","properties":{"nombre":"Avenida Alcalde René Soriano Bórquez","jerarquia":3},"geometry":{"type":"LineString","coordinates":[[-73.11577,-40.57893],[-73.11556,-40.57907]]}},{"type":"Feature","properties":{"nombre":"Avenida Alcalde René Soriano Bórquez","jerarquia":3},"geometry":{"type":"LineString","coordinates":[[-73.11556,-40.57907],[-73.11487,-40.57954]]}},{"type":"Feature","properties":{"nombre":"Avenida Alcalde René Soriano Bórquez","jerarquia":3},"geometry":{"type":"LineString","coordinates":[[-73.11487,-40.57954],[-73.11474,-40.57963]]}},{"type":"Feature","properties":{"nombre":"Avenida César Ercilla","jerarquia":4},"geometry":{"type":"LineString","coordinates":[[-73.11463,-40.57971],[-73.11447,-40.57958]]}},{"type":"Feature","properties":{"nombre":"Avenida César Ercilla","jerarquia":4},"geometry":{"type":"LineString","coordinates":[[-73.11447,-40.57958],[-73.11441,-40.57953]]}},{"type":"Feature","properties":{"nombre":"Avenida César Ercilla","jerarquia":4},"geometry":{"type":"LineString","coordinates":[[-73.11474,-40.57963],[-73.11734,-40.58179]]}},{"type":"Feature","properties":{"nombre":"Avenida Alcalde René Soriano Bórquez","jerarquia":3},"geometry":{"type":"LineString","coordinates":[[-73.11452,-40.57945],[-73.11502,-40.57911]]}},{"type":"Feature","properties":{"nombre":"Avenida Alcalde René Soriano Bórquez","jerarquia":3},"geometry":{"type":"LineString","coordinates":[[-73.11502,-40.57911],[-73.11534,-40.5789]]}},{"type":"Feature","properties":{"nombre":"Avenida Alcalde René Soriano Bórquez","jerarquia":3},"geometry":{"type":"LineString","coordinates":[[-73.11534,-40.5789],[-73.11556,-40.57874]]}},{"type":"Feature","properties":{"nombre":"Avenida Alcalde René Soriano Bórquez","jerarquia":3},"geometry":{"type":"LineString","coordinates":[[-73.11556,-40.57874],[-73.11579,-40.57859]]}},{"type":"Feature","properties":{"nombre":"Avenida Alcalde René Soriano Bórquez","jerarquia":3},"geometry":{"type":"LineString","coordinates":[[-73.11441,-40.57953],[-73.11452,-40.57945]]}},{"type":"Feature","properties":{"nombre":"Ruta 5 Sur","jerarquia":1},"geometry":{"type":"LineString","coordinates":[[-73.0525,-40.50401],[-73.05224,-40.50382]]}},{"type":"Feature","properties":{"nombre":"Ruta 5 Sur","jerarquia":1},"geometry":{"type":"LineString","coordinates":[[-73.05307,-40.50442],[-73.0525,-40.50401]]}},{"type":"Feature","properties":{"nombre":"Ruta 5 Sur","jerarquia":1},"geometry":{"type":"LineString","coordinates":[[-73.0625,-40.51087],[-73.06288,-40.51113]]}},{"type":"Feature","properties":{"nombre":"","jerarquia":1},"geometry":{"type":"LineString","coordinates":[[-73.06913,-40.51888],[-73.06917,-40.51908]]}},{"type":"Feature","properties":{"nombre":"","jerarquia":1},"geometry":{"type":"LineString","coordinates":[[-73.06905,-40.51862],[-73.06913,-40.51888]]}},{"type":"Feature","properties":{"nombre":"","jerarquia":1},"geometry":{"type":"LineString","coordinates":[[-73.06807,-40.51847],[-73.06803,-40.51828]]}},{"type":"Feature","properties":{"nombre":"","jerarquia":1},"geometry":{"type":"LineString","coordinates":[[-73.06815,-40.51878],[-73.06807,-40.51847]]}},{"type":"Feature","properties":{"nombre":"Ruta 5 Sur","jerarquia":1},"geometry":{"type":"LineString","coordinates":[[-73.07498,-40.53279],[-73.07322,-40.53087]]}},{"type":"Feature","properties":{"nombre":"Ruta 5 Sur","jerarquia":1},"geometry":{"type":"LineString","coordinates":[[-73.07518,-40.533],[-73.07498,-40.53279]]}},{"type":"Feature","properties":{"nombre":"Pedro Montt","jerarquia":5},"geometry":{"type":"LineString","coordinates":[[-73.15763,-40.57051],[-73.15833,-40.57043]]}},{"type":"Feature","properties":{"nombre":"Pedro Montt","jerarquia":5},"geometry":{"type":"LineString","coordinates":[[-73.15833,-40.57043],[-73.15901,-40.57034]]}},{"type":"Feature","properties":{"nombre":"Pedro Montt","jerarquia":5},"geometry":{"type":"LineString","coordinates":[[-73.15901,-40.57034],[-73.16052,-40.57016]]}},{"type":"Feature","properties":{"nombre":"Victoria","jerarquia":3},"geometry":{"type":"LineString","coordinates":[[-73.1575,-40.57184],[-73.15756,-40.57248]]}},{"type":"Feature","properties":{"nombre":"Victoria","jerarquia":3},"geometry":{"type":"LineString","coordinates":[[-73.15756,-40.57248],[-73.15769,-40.57384]]}},{"type":"Feature","properties":{"nombre":"Victoria","jerarquia":3},"geometry":{"type":"LineString","coordinates":[[-73.15769,-40.57384],[-73.15769,-40.57393]]}},{"type":"Feature","properties":{"nombre":"Presidente Juan Esteban Montero","jerarquia":5},"geometry":{"type":"LineString","coordinates":[[-73.15782,-40.57182],[-73.1575,-40.57184]]}},{"type":"Feature","properties":{"nombre":"Avenida Juan Mackenna","jerarquia":3},"geometry":{"type":"LineString","coordinates":[[-73.13134,-40.5747],[-73.13294,-40.57463]]}},{"type":"Feature","properties":{"nombre":"Avenida Juan Mackenna","jerarquia":3},"geometry":{"type":"LineString","coordinates":[[-73.13294,-40.57463],[-73.13309,-40.57462]]}},{"type":"Feature","properties":{"nombre":"Avenida Juan Mackenna","jerarquia":3},"geometry":{"type":"LineString","coordinates":[[-73.12789,-40.57488],[-73.12858,-40.57485]]}},{"type":"Feature","properties":{"nombre":"Avenida Juan Mackenna","jerarquia":3},"geometry":{"type":"LineString","coordinates":[[-73.12858,-40.57485],[-73.12939,-40.5748]]}},{"type":"Feature","properties":{"nombre":"Avenida Juan Mackenna","jerarquia":3},"geometry":{"type":"LineString","coordinates":[[-73.12939,-40.5748],[-73.12955,-40.5748]]}},{"type":"Feature","properties":{"nombre":"Avenida Juan Mackenna","jerarquia":3},"geometry":{"type":"LineString","coordinates":[[-73.12955,-40.5748],[-73.13122,-40.57471]]}},{"type":"Feature","properties":{"nombre":"Avenida Juan Mackenna","jerarquia":3},"geometry":{"type":"LineString","coordinates":[[-73.13122,-40.57471],[-73.13134,-40.5747]]}},{"type":"Feature","properties":{"nombre":"Avenida Julio Buschmann","jerarquia":3},"geometry":{"type":"LineString","coordinates":[[-73.10062,-40.58042],[-73.10013,-40.58072]]}},{"type":"Feature","properties":{"nombre":"Avenida Julio Buschmann","jerarquia":3},"geometry":{"type":"LineString","coordinates":[[-73.101,-40.58019],[-73.10062,-40.58042]]}},{"type":"Feature","properties":{"nombre":"Avenida Julio Buschmann","jerarquia":3},"geometry":{"type":"LineString","coordinates":[[-73.10092,-40.58012],[-73.10123,-40.57994]]}},{"type":"Feature","properties":{"nombre":"Ruta 5 Sur","jerarquia":1},"geometry":{"type":"LineString","coordinates":[[-73.07668,-40.53462],[-73.07549,-40.53333]]}},{"type":"Feature","properties":{"nombre":"Camino Las Quemas - Osorno","jerarquia":4},"geometry":{"type":"LineString","coordinates":[[-73.12747,-40.62259],[-73.12718,-40.62188]]}},{"type":"Feature","properties":{"nombre":"Camino Las Quemas - Osorno","jerarquia":4},"geometry":{"type":"LineString","coordinates":[[-73.12761,-40.62288],[-73.12747,-40.62259]]}},{"type":"Feature","properties":{"nombre":"Avenida Portales","jerarquia":3},"geometry":{"type":"LineString","coordinates":[[-73.1389,-40.57684],[-73.13869,-40.57697]]}},{"type":"Feature","properties":{"nombre":"Avenida Portales","jerarquia":3},"geometry":{"type":"LineString","coordinates":[[-73.13869,-40.57697],[-73.1386,-40.57708]]}},{"type":"Feature","properties":{"nombre":"Ruta 5 Sur","jerarquia":1},"geometry":{"type":"LineString","coordinates":[[-73.09788,-40.56756],[-73.09791,-40.5646]]}},{"type":"Feature","properties":{"nombre":"Avenida Juan Mackenna","jerarquia":3},"geometry":{"type":"LineString","coordinates":[[-73.14022,-40.57441],[-73.13852,-40.57454]]}},{"type":"Feature","properties":{"nombre":"Avenida Juan Mackenna","jerarquia":3},"geometry":{"type":"LineString","coordinates":[[-73.13852,-40.57454],[-73.13839,-40.57457]]}},{"type":"Feature","properties":{"nombre":"Manuel Bulnes","jerarquia":3},"geometry":{"type":"LineString","coordinates":[[-73.13886,-40.57022],[-73.13887,-40.57018]]}},{"type":"Feature","properties":{"nombre":"Avenida Francia","jerarquia":5},"geometry":{"type":"LineString","coordinates":[[-73.11072,-40.59412],[-73.11088,-40.59418]]}},{"type":"Feature","properties":{"nombre":"Avenida Francia","jerarquia":5},"geometry":{"type":"LineString","coordinates":[[-73.11088,-40.59418],[-73.11283,-40.59483]]}},{"type":"Feature","properties":{"nombre":"Avenida Francia","jerarquia":5},"geometry":{"type":"LineString","coordinates":[[-73.11218,-40.59474],[-73.11094,-40.59429]]}},{"type":"Feature","properties":{"nombre":"Avenida Francia","jerarquia":5},"geometry":{"type":"LineString","coordinates":[[-73.11094,-40.59429],[-73.11079,-40.59425]]}},{"type":"Feature","properties":{"nombre":"Avenida Francia","jerarquia":5},"geometry":{"type":"LineString","coordinates":[[-73.11266,-40.59489],[-73.11218,-40.59474]]}},{"type":"Feature","properties":{"nombre":"Avenida Francia","jerarquia":5},"geometry":{"type":"LineString","coordinates":[[-73.11541,-40.59578],[-73.11471,-40.59554]]}},{"type":"Feature","properties":{"nombre":"Avenida Francia","jerarquia":5},"geometry":{"type":"LineString","coordinates":[[-73.11471,-40.59554],[-73.11394,-40.5953]]}},{"type":"Feature","properties":{"nombre":"Avenida Francia","jerarquia":5},"geometry":{"type":"LineString","coordinates":[[-73.11379,-40.59525],[-73.11329,-40.59509]]}},{"type":"Feature","properties":{"nombre":"Avenida Francia","jerarquia":5},"geometry":{"type":"LineString","coordinates":[[-73.11394,-40.5953],[-73.11379,-40.59525]]}},{"type":"Feature","properties":{"nombre":"Avenida Francia","jerarquia":5},"geometry":{"type":"LineString","coordinates":[[-73.11399,-40.59521],[-73.11475,-40.59547]]}},{"type":"Feature","properties":{"nombre":"Avenida Francia","jerarquia":5},"geometry":{"type":"LineString","coordinates":[[-73.11475,-40.59547],[-73.11545,-40.5957]]}},{"type":"Feature","properties":{"nombre":"Avenida Francia","jerarquia":5},"geometry":{"type":"LineString","coordinates":[[-73.11545,-40.5957],[-73.11602,-40.59589]]}},{"type":"Feature","properties":{"nombre":"","jerarquia":3},"geometry":{"type":"LineString","coordinates":[[-73.14032,-40.57429],[-73.14022,-40.57441]]}},{"type":"Feature","properties":{"nombre":"Bellavista","jerarquia":4},"geometry":{"type":"LineString","coordinates":[[-73.15936,-40.57366],[-73.15932,-40.57383]]}},{"type":"Feature","properties":{"nombre":"Bellavista","jerarquia":4},"geometry":{"type":"LineString","coordinates":[[-73.15932,-40.57383],[-73.15929,-40.57396]]}},{"type":"Feature","properties":{"nombre":"Bellavista","jerarquia":4},"geometry":{"type":"LineString","coordinates":[[-73.15929,-40.57396],[-73.15927,-40.57402]]}},{"type":"Feature","properties":{"nombre":"Bellavista","jerarquia":3},"geometry":{"type":"LineString","coordinates":[[-73.15916,-40.5744],[-73.15916,-40.57414]]}},{"type":"Feature","properties":{"nombre":"Bellavista","jerarquia":3},"geometry":{"type":"LineString","coordinates":[[-73.15916,-40.57414],[-73.15916,-40.57407]]}},{"type":"Feature","properties":{"nombre":"Bellavista","jerarquia":3},"geometry":{"type":"LineString","coordinates":[[-73.15921,-40.57428],[-73.15916,-40.5744]]}},{"type":"Feature","properties":{"nombre":"","jerarquia":4},"geometry":{"type":"LineString","coordinates":[[-73.15932,-40.57383],[-73.15942,-40.57398],[-73.15958,-40.57407]]}},{"type":"Feature","properties":{"nombre":"Avenida Ignacio Zenteno","jerarquia":4},"geometry":{"type":"LineString","coordinates":[[-73.11201,-40.59321],[-73.11215,-40.59311]]}},{"type":"Feature","properties":{"nombre":"Avenida Ignacio Zenteno","jerarquia":4},"geometry":{"type":"LineString","coordinates":[[-73.11256,-40.59296],[-73.11241,-40.59307]]}},{"type":"Feature","properties":{"nombre":"Avenida Ignacio Zenteno","jerarquia":4},"geometry":{"type":"LineString","coordinates":[[-73.11241,-40.59307],[-73.11088,-40.59418]]}},{"type":"Feature","properties":{"nombre":"Avenida Ignacio Zenteno","jerarquia":4},"geometry":{"type":"LineString","coordinates":[[-73.11088,-40.59418],[-73.11079,-40.59425]]}},{"type":"Feature","properties":{"nombre":"","jerarquia":5},"geometry":{"type":"LineString","coordinates":[[-73.14417,-40.57299],[-73.14392,-40.57293],[-73.1436,-40.57294]]}},{"type":"Feature","properties":{"nombre":"Avenida César Ercilla","jerarquia":5},"geometry":{"type":"LineString","coordinates":[[-73.11125,-40.57519],[-73.11162,-40.57611]]}},{"type":"Feature","properties":{"nombre":"Avenida Francia","jerarquia":4},"geometry":{"type":"LineString","coordinates":[[-73.10277,-40.58903],[-73.1033,-40.58939]]}},{"type":"Feature","properties":{"nombre":"Avenida Francia","jerarquia":4},"geometry":{"type":"LineString","coordinates":[[-73.1033,-40.58939],[-73.10391,-40.58981]]}},{"type":"Feature","properties":{"nombre":"Avenida Francia","jerarquia":4},"geometry":{"type":"LineString","coordinates":[[-73.10391,-40.58981],[-73.10402,-40.58988]]}},{"type":"Feature","properties":{"nombre":"Avenida Francia","jerarquia":4},"geometry":{"type":"LineString","coordinates":[[-73.10402,-40.58988],[-73.10486,-40.59045]]}},{"type":"Feature","properties":{"nombre":"Avenida Francia","jerarquia":4},"geometry":{"type":"LineString","coordinates":[[-73.10269,-40.58909],[-73.10219,-40.58875]]}},{"type":"Feature","properties":{"nombre":"Avenida Francia","jerarquia":4},"geometry":{"type":"LineString","coordinates":[[-73.10219,-40.58875],[-73.10206,-40.58867]]}},{"type":"Feature","properties":{"nombre":"","jerarquia":5},"geometry":{"type":"LineString","coordinates":[[-73.17013,-40.57407],[-73.1702,-40.57416]]}},{"type":"Feature","properties":{"nombre":"Avenida 18 de Septiembre","jerarquia":5},"geometry":{"type":"LineString","coordinates":[[-73.10721,-40.57733],[-73.10689,-40.57649]]}},{"type":"Feature","properties":{"nombre":"Avenida 18 de Septiembre","jerarquia":5},"geometry":{"type":"LineString","coordinates":[[-73.10689,-40.57649],[-73.1067,-40.57599]]}},{"type":"Feature","properties":{"nombre":"Avenida 18 de Septiembre","jerarquia":5},"geometry":{"type":"LineString","coordinates":[[-73.1067,-40.57599],[-73.10622,-40.57471]]}},{"type":"Feature","properties":{"nombre":"Avenida 18 de Septiembre","jerarquia":5},"geometry":{"type":"LineString","coordinates":[[-73.10622,-40.57471],[-73.10564,-40.57317]]}},{"type":"Feature","properties":{"nombre":"Avenida 18 de Septiembre","jerarquia":5},"geometry":{"type":"LineString","coordinates":[[-73.10734,-40.57713],[-73.10736,-40.57716]]}},{"type":"Feature","properties":{"nombre":"Avenida 18 de Septiembre","jerarquia":5},"geometry":{"type":"LineString","coordinates":[[-73.10736,-40.57716],[-73.1074,-40.57726]]}},{"type":"Feature","properties":{"nombre":"Santa María","jerarquia":5},"geometry":{"type":"LineString","coordinates":[[-73.10525,-40.57214],[-73.10533,-40.5721]]}},{"type":"Feature","properties":{"nombre":"Santa María","jerarquia":5},"geometry":{"type":"LineString","coordinates":[[-73.10533,-40.5721],[-73.1054,-40.57206]]}},{"type":"Feature","properties":{"nombre":"Santa María","jerarquia":5},"geometry":{"type":"LineString","coordinates":[[-73.1054,-40.57206],[-73.10551,-40.57198]]}},{"type":"Feature","properties":{"nombre":"Santa María","jerarquia":5},"geometry":{"type":"LineString","coordinates":[[-73.10551,-40.57198],[-73.10561,-40.57191]]}},{"type":"Feature","properties":{"nombre":"Santa María","jerarquia":5},"geometry":{"type":"LineString","coordinates":[[-73.10561,-40.57191],[-73.10587,-40.57173],[-73.10608,-40.57147]]}},{"type":"Feature","properties":{"nombre":"Santa María","jerarquia":5},"geometry":{"type":"LineString","coordinates":[[-73.10608,-40.57147],[-73.10669,-40.5706]]}},{"type":"Feature","properties":{"nombre":"Santa María","jerarquia":5},"geometry":{"type":"LineString","coordinates":[[-73.10669,-40.5706],[-73.10738,-40.56978]]}},{"type":"Feature","properties":{"nombre":"Santa María","jerarquia":5},"geometry":{"type":"LineString","coordinates":[[-73.10738,-40.56978],[-73.10783,-40.56946]]}},{"type":"Feature","properties":{"nombre":"Santa María","jerarquia":5},"geometry":{"type":"LineString","coordinates":[[-73.10783,-40.56946],[-73.10841,-40.56919],[-73.10895,-40.56901]]}},{"type":"Feature","properties":{"nombre":"Avenida Juan Mackenna","jerarquia":3},"geometry":{"type":"LineString","coordinates":[[-73.12621,-40.57523],[-73.12446,-40.57533]]}},{"type":"Feature","properties":{"nombre":"Avenida Juan Mackenna","jerarquia":3},"geometry":{"type":"LineString","coordinates":[[-73.12446,-40.57533],[-73.12295,-40.5754]]}},{"type":"Feature","properties":{"nombre":"Avenida Juan Mackenna","jerarquia":3},"geometry":{"type":"LineString","coordinates":[[-73.12295,-40.5754],[-73.1228,-40.57541]]}},{"type":"Feature","properties":{"nombre":"Avenida Juan Mackenna","jerarquia":3},"geometry":{"type":"LineString","coordinates":[[-73.1228,-40.57541],[-73.12269,-40.57541]]}},{"type":"Feature","properties":{"nombre":"Avenida Juan Mackenna","jerarquia":3},"geometry":{"type":"LineString","coordinates":[[-73.12269,-40.57541],[-73.12114,-40.57549]]}},{"type":"Feature","properties":{"nombre":"Avenida Juan Mackenna","jerarquia":3},"geometry":{"type":"LineString","coordinates":[[-73.12114,-40.57549],[-73.11928,-40.57559]]}},{"type":"Feature","properties":{"nombre":"Avenida Juan Mackenna","jerarquia":3},"geometry":{"type":"LineString","coordinates":[[-73.11928,-40.57559],[-73.11776,-40.57566]]}},{"type":"Feature","properties":{"nombre":"Avenida Juan Mackenna","jerarquia":3},"geometry":{"type":"LineString","coordinates":[[-73.11776,-40.57566],[-73.11767,-40.57567]]}},{"type":"Feature","properties":{"nombre":"Avenida Juan Mackenna","jerarquia":3},"geometry":{"type":"LineString","coordinates":[[-73.11767,-40.57567],[-73.11661,-40.57572]]}},{"type":"Feature","properties":{"nombre":"Avenida Juan Mackenna","jerarquia":3},"geometry":{"type":"LineString","coordinates":[[-73.12618,-40.57497],[-73.12775,-40.57489]]}},{"type":"Feature","properties":{"nombre":"Avenida Juan Mackenna","jerarquia":3},"geometry":{"type":"LineString","coordinates":[[-73.12775,-40.57489],[-73.12789,-40.57488]]}},{"type":"Feature","properties":{"nombre":"Avenida César Ercilla","jerarquia":5},"geometry":{"type":"LineString","coordinates":[[-73.11162,-40.57611],[-73.11165,-40.57619]]}},{"type":"Feature","properties":{"nombre":"Avenida César Ercilla","jerarquia":5},"geometry":{"type":"LineString","coordinates":[[-73.1115,-40.57612],[-73.11143,-40.57577]]}},{"type":"Feature","properties":{"nombre":"Avenida Julio Buschmann","jerarquia":3},"geometry":{"type":"LineString","coordinates":[[-73.1118,-40.5762],[-73.11252,-40.57623]]}},{"type":"Feature","properties":{"nombre":"Avenida Julio Buschmann","jerarquia":3},"geometry":{"type":"LineString","coordinates":[[-73.11252,-40.57623],[-73.11288,-40.57625]]}},{"type":"Feature","properties":{"nombre":"Avenida César Ercilla","jerarquia":5},"geometry":{"type":"LineString","coordinates":[[-73.11143,-40.57577],[-73.11125,-40.57519]]}},{"type":"Feature","properties":{"nombre":"Avenida César Ercilla","jerarquia":5},"geometry":{"type":"LineString","coordinates":[[-73.1112,-40.575],[-73.11125,-40.57519]]}},{"type":"Feature","properties":{"nombre":"Avenida Julio Buschmann","jerarquia":3},"geometry":{"type":"LineString","coordinates":[[-73.10741,-40.57734],[-73.10669,-40.57764]]}},{"type":"Feature","properties":{"nombre":"Avenida 18 de Septiembre","jerarquia":5},"geometry":{"type":"LineString","coordinates":[[-73.10741,-40.57734],[-73.10721,-40.57733]]}},{"type":"Feature","properties":{"nombre":"Bellavista","jerarquia":4},"geometry":{"type":"LineString","coordinates":[[-73.16871,-40.5695],[-73.16787,-40.56959],[-73.16759,-40.56957]]}},{"type":"Feature","properties":{"nombre":"Chorrillos","jerarquia":5},"geometry":{"type":"LineString","coordinates":[[-73.16871,-40.5695],[-73.16868,-40.56946]]}},{"type":"Feature","properties":{"nombre":"Chorrillos","jerarquia":5},"geometry":{"type":"LineString","coordinates":[[-73.16882,-40.56944],[-73.16885,-40.56948]]}},{"type":"Feature","properties":{"nombre":"Bellavista","jerarquia":4},"geometry":{"type":"LineString","coordinates":[[-73.16885,-40.56948],[-73.16871,-40.5695]]}},{"type":"Feature","properties":{"nombre":"Bellavista","jerarquia":4},"geometry":{"type":"LineString","coordinates":[[-73.16943,-40.56936],[-73.16885,-40.56948]]}},{"type":"Feature","properties":{"nombre":"Concepción","jerarquia":4},"geometry":{"type":"LineString","coordinates":[[-73.1484,-40.57824],[-73.1486,-40.57822]]}},{"type":"Feature","properties":{"nombre":"Manuel Bulnes","jerarquia":3},"geometry":{"type":"LineString","coordinates":[[-73.13898,-40.56942],[-73.13904,-40.56895]]}},{"type":"Feature","properties":{"nombre":"Manuel Bulnes","jerarquia":3},"geometry":{"type":"LineString","coordinates":[[-73.13883,-40.57029],[-73.13886,-40.57022]]}},{"type":"Feature","properties":{"nombre":"Manuel Bulnes","jerarquia":3},"geometry":{"type":"LineString","coordinates":[[-73.1388,-40.57061],[-73.13881,-40.57044]]}},{"type":"Feature","properties":{"nombre":"","jerarquia":4},"geometry":{"type":"LineString","coordinates":[[-73.10863,-40.59334],[-73.10873,-40.59327]]}},{"type":"Feature","properties":{"nombre":"Eleuterio Ramírez","jerarquia":4},"geometry":{"type":"LineString","coordinates":[[-73.14025,-40.57297],[-73.13856,-40.57305]]}},{"type":"Feature","properties":{"nombre":"Eleuterio Ramírez","jerarquia":4},"geometry":{"type":"LineString","coordinates":[[-73.13856,-40.57305],[-73.13695,-40.5731]]}},{"type":"Feature","properties":{"nombre":"Eleuterio Ramírez","jerarquia":4},"geometry":{"type":"LineString","coordinates":[[-73.13695,-40.5731],[-73.13681,-40.57311]]}},{"type":"Feature","properties":{"nombre":"Federico Errázuriz","jerarquia":5},"geometry":{"type":"LineString","coordinates":[[-73.1252,-40.57347],[-73.12504,-40.5735]]}},{"type":"Feature","properties":{"nombre":"Federico Errázuriz","jerarquia":5},"geometry":{"type":"LineString","coordinates":[[-73.12495,-40.57352],[-73.12437,-40.57362]]}},{"type":"Feature","properties":{"nombre":"Federico Errázuriz","jerarquia":5},"geometry":{"type":"LineString","coordinates":[[-73.12437,-40.57362],[-73.12428,-40.57363]]}},{"type":"Feature","properties":{"nombre":"Federico Errázuriz","jerarquia":5},"geometry":{"type":"LineString","coordinates":[[-73.12504,-40.5735],[-73.12495,-40.57352]]}},{"type":"Feature","properties":{"nombre":"Federico Errázuriz","jerarquia":5},"geometry":{"type":"LineString","coordinates":[[-73.12991,-40.57312],[-73.12985,-40.57311]]}},{"type":"Feature","properties":{"nombre":"Federico Errázuriz","jerarquia":5},"geometry":{"type":"LineString","coordinates":[[-73.12985,-40.57311],[-73.12974,-40.5731]]}},{"type":"Feature","properties":{"nombre":"","jerarquia":3},"geometry":{"type":"LineString","coordinates":[[-73.13858,-40.57044],[-73.13882,-40.57033]]}},{"type":"Feature","properties":{"nombre":"","jerarquia":5},"geometry":{"type":"LineString","coordinates":[[-73.11541,-40.59578],[-73.11545,-40.5957]]}},{"type":"Feature","properties":{"nombre":"Amador Barrientos","jerarquia":5},"geometry":{"type":"LineString","coordinates":[[-73.10983,-40.58062],[-73.11025,-40.58033]]}},{"type":"Feature","properties":{"nombre":"Amador Barrientos","jerarquia":5},"geometry":{"type":"LineString","coordinates":[[-73.11025,-40.58033],[-73.11062,-40.58006]]}},{"type":"Feature","properties":{"nombre":"Amador Barrientos","jerarquia":5},"geometry":{"type":"LineString","coordinates":[[-73.1128,-40.57805],[-73.11271,-40.57814]]}},{"type":"Feature","properties":{"nombre":"","jerarquia":4},"geometry":{"type":"LineString","coordinates":[[-73.11213,-40.57766],[-73.11216,-40.5776],[-73.11226,-40.57759]]}},{"type":"Feature","properties":{"nombre":"Ramón Freire","jerarquia":4},"geometry":{"type":"LineString","coordinates":[[-73.13098,-40.57989],[-73.13105,-40.57954],[-73.131,-40.57865]]}},{"type":"Feature","properties":{"nombre":"Ramón Freire","jerarquia":4},"geometry":{"type":"LineString","coordinates":[[-73.131,-40.57865],[-73.13102,-40.57798]]}},{"type":"Feature","properties":{"nombre":"Ramón Freire","jerarquia":4},"geometry":{"type":"LineString","coordinates":[[-73.13102,-40.57798],[-73.13107,-40.57748]]}},{"type":"Feature","properties":{"nombre":"Ramón Freire","jerarquia":4},"geometry":{"type":"LineString","coordinates":[[-73.13107,-40.57748],[-73.13108,-40.57739]]}},{"type":"Feature","properties":{"nombre":"Ramón Freire","jerarquia":4},"geometry":{"type":"LineString","coordinates":[[-73.13012,-40.58113],[-73.13098,-40.57989]]}},{"type":"Feature","properties":{"nombre":"Buenos Aires","jerarquia":5},"geometry":{"type":"LineString","coordinates":[[-73.11637,-40.57814],[-73.11576,-40.57764]]}},{"type":"Feature","properties":{"nombre":"Caletera Ruta 5","jerarquia":5},"geometry":{"type":"LineString","coordinates":[[-73.10004,-40.59077],[-73.1001,-40.59097]]}},{"type":"Feature","properties":{"nombre":"Caletera Ruta 5","jerarquia":5},"geometry":{"type":"LineString","coordinates":[[-73.1001,-40.59097],[-73.09987,-40.59094]]}},{"type":"Feature","properties":{"nombre":"Buenos Aires","jerarquia":5},"geometry":{"type":"LineString","coordinates":[[-73.11657,-40.5783],[-73.11647,-40.57823]]}},{"type":"Feature","properties":{"nombre":"","jerarquia":5},"geometry":{"type":"LineString","coordinates":[[-73.11475,-40.59547],[-73.11471,-40.59554]]}},{"type":"Feature","properties":{"nombre":"Ruta Osorno - Bahía Mansa","jerarquia":4},"geometry":{"type":"LineString","coordinates":[[-73.18532,-40.56451],[-73.18486,-40.56453]]}},{"type":"Feature","properties":{"nombre":"Ruta Osorno - Bahía Mansa","jerarquia":4},"geometry":{"type":"LineString","coordinates":[[-73.18434,-40.56452],[-73.18484,-40.56447]]}},{"type":"Feature","properties":{"nombre":"Ruta Osorno - Bahía Mansa","jerarquia":4},"geometry":{"type":"LineString","coordinates":[[-73.18369,-40.56466],[-73.18394,-40.56459]]}},{"type":"Feature","properties":{"nombre":"Inés de Suárez","jerarquia":4},"geometry":{"type":"LineString","coordinates":[[-73.14236,-40.58009],[-73.14179,-40.57998]]}},{"type":"Feature","properties":{"nombre":"Inés de Suárez","jerarquia":4},"geometry":{"type":"LineString","coordinates":[[-73.143,-40.58014],[-73.14281,-40.58012]]}},{"type":"Feature","properties":{"nombre":"Inés de Suárez","jerarquia":4},"geometry":{"type":"LineString","coordinates":[[-73.14281,-40.58012],[-73.14236,-40.58009]]}},{"type":"Feature","properties":{"nombre":"","jerarquia":4},"geometry":{"type":"LineString","coordinates":[[-73.14234,-40.58005],[-73.14236,-40.58009]]}},{"type":"Feature","properties":{"nombre":"Santiago Rosas","jerarquia":5},"geometry":{"type":"LineString","coordinates":[[-73.12382,-40.58694],[-73.12389,-40.58688]]}},{"type":"Feature","properties":{"nombre":"Santiago Rosas","jerarquia":5},"geometry":{"type":"LineString","coordinates":[[-73.12389,-40.58688],[-73.12526,-40.58576]]}},{"type":"Feature","properties":{"nombre":"Santiago Rosas","jerarquia":5},"geometry":{"type":"LineString","coordinates":[[-73.12526,-40.58576],[-73.12599,-40.58515]]}},{"type":"Feature","properties":{"nombre":"Santiago Rosas","jerarquia":5},"geometry":{"type":"LineString","coordinates":[[-73.12599,-40.58515],[-73.1264,-40.58481]]}},{"type":"Feature","properties":{"nombre":"Variante Juan Mackenna","jerarquia":5},"geometry":{"type":"LineString","coordinates":[[-73.14399,-40.57287],[-73.1436,-40.57294]]}},{"type":"Feature","properties":{"nombre":"Bellavista","jerarquia":3},"geometry":{"type":"LineString","coordinates":[[-73.15926,-40.57408],[-73.15921,-40.57428]]}},{"type":"Feature","properties":{"nombre":"Bellavista","jerarquia":3},"geometry":{"type":"LineString","coordinates":[[-73.15927,-40.57402],[-73.15926,-40.57408]]}},{"type":"Feature","properties":{"nombre":"Avenida República","jerarquia":3},"geometry":{"type":"LineString","coordinates":[[-73.15917,-40.57401],[-73.15927,-40.57402]]}},{"type":"Feature","properties":{"nombre":"Felizardo Asenjo","jerarquia":5},"geometry":{"type":"LineString","coordinates":[[-73.14754,-40.58949],[-73.14697,-40.58871]]}},{"type":"Feature","properties":{"nombre":"Felizardo Asenjo","jerarquia":5},"geometry":{"type":"LineString","coordinates":[[-73.14971,-40.59245],[-73.14906,-40.59107],[-73.14783,-40.58984],[-73.14754,-40.58949]]}},{"type":"Feature","properties":{"nombre":"Bellavista","jerarquia":4},"geometry":{"type":"LineString","coordinates":[[-73.15936,-40.57366],[-73.15948,-40.57345]]}},{"type":"Feature","properties":{"nombre":"","jerarquia":1},"geometry":{"type":"LineString","coordinates":[[-73.09848,-40.56164],[-73.09907,-40.56165]]}},{"type":"Feature","properties":{"nombre":"Alcalde Alberto Fuchslocher","jerarquia":2},"geometry":{"type":"LineString","coordinates":[[-73.09573,-40.58242],[-73.09515,-40.58274]]}},{"type":"Feature","properties":{"nombre":"Alcalde Alberto Fuchslocher","jerarquia":2},"geometry":{"type":"LineString","coordinates":[[-73.09515,-40.58274],[-73.09362,-40.58343]]}},{"type":"Feature","properties":{"nombre":"Alcalde Alberto Fuchslocher","jerarquia":2},"geometry":{"type":"LineString","coordinates":[[-73.09362,-40.58343],[-73.09088,-40.58485]]}},{"type":"Feature","properties":{"nombre":"Bellavista","jerarquia":4},"geometry":{"type":"LineString","coordinates":[[-73.17729,-40.56547],[-73.17762,-40.5655]]}},{"type":"Feature","properties":{"nombre":"Bellavista","jerarquia":4},"geometry":{"type":"LineString","coordinates":[[-73.17762,-40.5655],[-73.17885,-40.56561],[-73.17948,-40.56556],[-73.18103,-40.5653],[-73.18369,-40.56466]]}},{"type":"Feature","properties":{"nombre":"Caletera Ruta 5","jerarquia":5},"geometry":{"type":"LineString","coordinates":[[-73.09751,-40.58007],[-73.09743,-40.57924],[-73.09753,-40.57694]]}},{"type":"Feature","properties":{"nombre":"Pedro Montt","jerarquia":5},"geometry":{"type":"LineString","coordinates":[[-73.16207,-40.5695],[-73.16145,-40.57007]]}},{"type":"Feature","properties":{"nombre":"Avenida Francia","jerarquia":5},"geometry":{"type":"LineString","coordinates":[[-73.11283,-40.59483],[-73.11334,-40.59499]]}},{"type":"Feature","properties":{"nombre":"Avenida Francia","jerarquia":5},"geometry":{"type":"LineString","coordinates":[[-73.11334,-40.59499],[-73.11399,-40.59521]]}},{"type":"Feature","properties":{"nombre":"Avenida Francia","jerarquia":5},"geometry":{"type":"LineString","coordinates":[[-73.11329,-40.59509],[-73.11266,-40.59489]]}},{"type":"Feature","properties":{"nombre":"Avenida República","jerarquia":4},"geometry":{"type":"LineString","coordinates":[[-73.15926,-40.57408],[-73.15916,-40.57407]]}},{"type":"Feature","properties":{"nombre":"Ruta Osorno - Bahía Mansa","jerarquia":4},"geometry":{"type":"LineString","coordinates":[[-73.22881,-40.56453],[-73.22933,-40.56448]]}},{"type":"Feature","properties":{"nombre":"Diego de Almagro","jerarquia":4},"geometry":{"type":"LineString","coordinates":[[-73.11039,-40.58477],[-73.11106,-40.58532]]}},{"type":"Feature","properties":{"nombre":"Diego de Almagro","jerarquia":4},"geometry":{"type":"LineString","coordinates":[[-73.11106,-40.58532],[-73.1116,-40.58576]]}},{"type":"Feature","properties":{"nombre":"Diego de Almagro","jerarquia":4},"geometry":{"type":"LineString","coordinates":[[-73.1116,-40.58576],[-73.11167,-40.58582]]}},{"type":"Feature","properties":{"nombre":"Diego de Almagro","jerarquia":4},"geometry":{"type":"LineString","coordinates":[[-73.1115,-40.58582],[-73.1103,-40.58482]]}},{"type":"Feature","properties":{"nombre":"Diego de Almagro","jerarquia":4},"geometry":{"type":"LineString","coordinates":[[-73.11158,-40.58588],[-73.1115,-40.58582]]}},{"type":"Feature","properties":{"nombre":"","jerarquia":5},"geometry":{"type":"LineString","coordinates":[[-73.11329,-40.59509],[-73.11334,-40.59499]]}},{"type":"Feature","properties":{"nombre":"Ruta Osorno - Bahía Mansa","jerarquia":4},"geometry":{"type":"LineString","coordinates":[[-73.18457,-40.56456],[-73.18394,-40.56459]]}},{"type":"Feature","properties":{"nombre":"Ruta Osorno - Bahía Mansa","jerarquia":4},"geometry":{"type":"LineString","coordinates":[[-73.18486,-40.56453],[-73.18457,-40.56456]]}},{"type":"Feature","properties":{"nombre":"Ruta Osorno - Bahía Mansa","jerarquia":4},"geometry":{"type":"LineString","coordinates":[[-73.18572,-40.56446],[-73.18532,-40.56451]]}},{"type":"Feature","properties":{"nombre":"Ruta Osorno - Bahía Mansa","jerarquia":4},"geometry":{"type":"LineString","coordinates":[[-73.18484,-40.56447],[-73.1851,-40.56446]]}},{"type":"Feature","properties":{"nombre":"Ruta Osorno - Bahía Mansa","jerarquia":4},"geometry":{"type":"LineString","coordinates":[[-73.18394,-40.56459],[-73.18434,-40.56452]]}},{"type":"Feature","properties":{"nombre":"Ruta Osorno - Bahía Mansa","jerarquia":4},"geometry":{"type":"LineString","coordinates":[[-73.1851,-40.56446],[-73.18572,-40.56446]]}},{"type":"Feature","properties":{"nombre":"Los Damascos","jerarquia":5},"geometry":{"type":"LineString","coordinates":[[-73.15741,-40.55598],[-73.15695,-40.55582]]}},{"type":"Feature","properties":{"nombre":"Los Damascos","jerarquia":5},"geometry":{"type":"LineString","coordinates":[[-73.15695,-40.55582],[-73.15652,-40.55567]]}},{"type":"Feature","properties":{"nombre":"Eduvijes","jerarquia":5},"geometry":{"type":"LineString","coordinates":[[-73.12475,-40.57759],[-73.12459,-40.57645]]}},{"type":"Feature","properties":{"nombre":"Eduvijes","jerarquia":5},"geometry":{"type":"LineString","coordinates":[[-73.12459,-40.57645],[-73.12458,-40.57633]]}},{"type":"Feature","properties":{"nombre":"Eduvijes","jerarquia":5},"geometry":{"type":"LineString","coordinates":[[-73.12458,-40.57633],[-73.12457,-40.57622]]}},{"type":"Feature","properties":{"nombre":"Eduvijes","jerarquia":5},"geometry":{"type":"LineString","coordinates":[[-73.12457,-40.57622],[-73.12446,-40.57533]]}},{"type":"Feature","properties":{"nombre":"Ruta U-165","jerarquia":5},"geometry":{"type":"LineString","coordinates":[[-73.07549,-40.53333],[-73.07322,-40.53384]]}},{"type":"Feature","properties":{"nombre":"Ruta 5 Sur","jerarquia":1},"geometry":{"type":"LineString","coordinates":[[-73.09776,-40.55853],[-73.09758,-40.5579]]}},{"type":"Feature","properties":{"nombre":"Avenida Ignacio Zenteno","jerarquia":4},"geometry":{"type":"LineString","coordinates":[[-73.11233,-40.59298],[-73.1141,-40.59175]]}},{"type":"Feature","properties":{"nombre":"Avenida Ignacio Zenteno","jerarquia":4},"geometry":{"type":"LineString","coordinates":[[-73.1141,-40.59175],[-73.11507,-40.59108]]}},{"type":"Feature","properties":{"nombre":"","jerarquia":4},"geometry":{"type":"LineString","coordinates":[[-73.11419,-40.59182],[-73.1141,-40.59175]]}},{"type":"Feature","properties":{"nombre":"Avenida Ignacio Zenteno","jerarquia":4},"geometry":{"type":"LineString","coordinates":[[-73.11215,-40.59311],[-73.11229,-40.59301]]}},{"type":"Feature","properties":{"nombre":"","jerarquia":4},"geometry":{"type":"LineString","coordinates":[[-73.11229,-40.59301],[-73.11241,-40.59307]]}},{"type":"Feature","properties":{"nombre":"Avenida Ignacio Zenteno","jerarquia":4},"geometry":{"type":"LineString","coordinates":[[-73.11229,-40.59301],[-73.11233,-40.59298]]}},{"type":"Feature","properties":{"nombre":"","jerarquia":4},"geometry":{"type":"LineString","coordinates":[[-73.11507,-40.59108],[-73.11516,-40.59115]]}},{"type":"Feature","properties":{"nombre":"Santiago Rosas","jerarquia":5},"geometry":{"type":"LineString","coordinates":[[-73.11993,-40.59259],[-73.1199,-40.59263]]}},{"type":"Feature","properties":{"nombre":"Santiago Rosas","jerarquia":5},"geometry":{"type":"LineString","coordinates":[[-73.1199,-40.59263],[-73.11968,-40.59294]]}},{"type":"Feature","properties":{"nombre":"Santiago Rosas","jerarquia":5},"geometry":{"type":"LineString","coordinates":[[-73.11968,-40.59294],[-73.11917,-40.59367]]}},{"type":"Feature","properties":{"nombre":"Santiago Rosas","jerarquia":5},"geometry":{"type":"LineString","coordinates":[[-73.11917,-40.59367],[-73.11901,-40.5939]]}},{"type":"Feature","properties":{"nombre":"Santiago Rosas","jerarquia":5},"geometry":{"type":"LineString","coordinates":[[-73.11901,-40.5939],[-73.1186,-40.59449]]}},{"type":"Feature","properties":{"nombre":"Santiago Rosas","jerarquia":5},"geometry":{"type":"LineString","coordinates":[[-73.1186,-40.59449],[-73.11829,-40.59494]]}},{"type":"Feature","properties":{"nombre":"Santiago Rosas","jerarquia":5},"geometry":{"type":"LineString","coordinates":[[-73.11829,-40.59494],[-73.11818,-40.59509]]}},{"type":"Feature","properties":{"nombre":"Santiago Rosas","jerarquia":5},"geometry":{"type":"LineString","coordinates":[[-73.11818,-40.59509],[-73.11794,-40.59543]]}},{"type":"Feature","properties":{"nombre":"Santiago Rosas","jerarquia":5},"geometry":{"type":"LineString","coordinates":[[-73.11794,-40.59543],[-73.11763,-40.59588]]}},{"type":"Feature","properties":{"nombre":"Santiago Rosas","jerarquia":5},"geometry":{"type":"LineString","coordinates":[[-73.11763,-40.59588],[-73.11732,-40.59632]]}},{"type":"Feature","properties":{"nombre":"Santiago Rosas","jerarquia":5},"geometry":{"type":"LineString","coordinates":[[-73.11732,-40.59632],[-73.11726,-40.59641]]}},{"type":"Feature","properties":{"nombre":"Santiago Rosas","jerarquia":5},"geometry":{"type":"LineString","coordinates":[[-73.12002,-40.59247],[-73.11993,-40.59259]]}},{"type":"Feature","properties":{"nombre":"","jerarquia":4},"geometry":{"type":"LineString","coordinates":[[-73.10409,-40.57862],[-73.10424,-40.57866]]}},{"type":"Feature","properties":{"nombre":"","jerarquia":4},"geometry":{"type":"LineString","coordinates":[[-73.10424,-40.57866],[-73.10427,-40.57854]]}}]}